datetime,satellite,rho_mean,rho_median,alt_mean,n_samples
2024-04-01 00:00:00+00:00,GRACE-FO,8.539321215856481e-13,8.7424277e-13,492557.0747273148,8640
2024-04-02 00:00:00+00:00,GRACE-FO,7.277757625324074e-13,7.34501115e-13,492175.9529232639,8640
2024-04-03 00:00:00+00:00,GRACE-FO,6.232654879976852e-13,6.4138221e-13,492160.9570688657,8640
2024-04-04 00:00:00+00:00,GRACE-FO,6.268023542326389e-13,6.252166450000001e-13,492284.7084809028,8640
2024-04-05 00:00:00+00:00,GRACE-FO,7.157371984976852e-13,7.2564091e-13,492447.9075203703,8640
2024-04-06 00:00:00+00:00,GRACE-FO,7.260365145243055e-13,7.4380597e-13,491967.08253368054,8640
2024-04-07 00:00:00+00:00,GRACE-FO,6.605453170775463e-13,6.7159987e-13,492206.95749421295,8640
2024-04-08 00:00:00+00:00,GRACE-FO,7.0176691846875e-13,7.183479799999999e-13,492279.09249097225,8640
2024-04-09 00:00:00+00:00,GRACE-FO,7.121002661712963e-13,7.296953150000001e-13,492165.3101061343,8640
2024-04-10 00:00:00+00:00,GRACE-FO,7.454738521608797e-13,7.5893773e-13,491995.82667314814,8640
2024-04-11 00:00:00+00:00,GRACE-FO,7.629151087349537e-13,7.71490775e-13,492130.3679008102,8640
2024-04-12 00:00:00+00:00,GRACE-FO,8.07591606e-13,8.24173735e-13,492244.9803276621,8640
2024-04-13 00:00:00+00:00,GRACE-FO,8.782688935937501e-13,8.7994884e-13,491891.1506888889,8640
2024-04-14 00:00:00+00:00,GRACE-FO,1.008231227917824e-12,9.879931899999999e-13,492073.92844375,8640
2024-04-15 00:00:00+00:00,GRACE-FO,1.162603553193287e-12,1.1206504e-12,492003.43736562505,8640
2024-04-16 00:00:00+00:00,GRACE-FO,1.6273005062418983e-12,1.63900445e-12,492056.4187428241,8640
2024-04-17 00:00:00+00:00,GRACE-FO,1.4475897671574075e-12,1.40435235e-12,491769.6279831019,8640
2024-04-18 00:00:00+00:00,GRACE-FO,1.3739474335243056e-12,1.3014421e-12,491940.1195804398,8640
2024-04-19 00:00:00+00:00,GRACE-FO,1.901401811181713e-12,1.9444425e-12,491877.87744409725,8640
2024-04-20 00:00:00+00:00,GRACE-FO,1.6728192831446759e-12,1.6023537e-12,491722.91914212966,8640
2024-04-21 00:00:00+00:00,GRACE-FO,1.7008718529016204e-12,1.57961315e-12,491751.7471554398,8640
2024-04-22 00:00:00+00:00,GRACE-FO,1.6365538732766204e-12,1.46703285e-12,491639.252162963,8640
2024-04-23 00:00:00+00:00,GRACE-FO,1.5760026447511574e-12,1.3767788499999999e-12,491733.8931341435,8640
2024-04-24 00:00:00+00:00,GRACE-FO,1.525954935523148e-12,1.34913425e-12,491484.84472511575,8640
2024-04-25 00:00:00+00:00,GRACE-FO,1.4196401319965277e-12,1.2294644e-12,491633.27720243053,8640
2024-04-26 00:00:00+00:00,GRACE-FO,1.5989135934641204e-12,1.4483271e-12,491433.97542349534,8640
2024-04-27 00:00:00+00:00,GRACE-FO,1.3802994547893519e-12,1.2810585000000001e-12,491521.06330046296,8640
2024-04-28 00:00:00+00:00,GRACE-FO,1.036530173576389e-12,8.976311200000001e-13,491435.82229340274,8640
2024-04-29 00:00:00+00:00,GRACE-FO,8.708387638773148e-13,7.397235399999999e-13,491349.33738773153,8640
2024-04-30 00:00:00+00:00,GRACE-FO,7.609210536608796e-13,6.25597935e-13,491418.4529111111,8640
2024-05-01 00:00:00+00:00,GRACE-FO,8.385416941018519e-13,7.116399949999999e-13,491342.6850265046,8640
2024-05-02 00:00:00+00:00,GRACE-FO,9.854439385949074e-13,9.31059385e-13,491421.2132519676,8640
2024-05-03 00:00:00+00:00,GRACE-FO,8.619299776712962e-13,7.561435349999999e-13,491138.3344697916,8640
2024-05-04 00:00:00+00:00,GRACE-FO,6.90758055474537e-13,5.26888475e-13,491413.5991947917,8640
2024-05-05 00:00:00+00:00,GRACE-FO,7.919865847928241e-13,6.236001850000001e-13,491273.3813731482,8640
2024-05-06 00:00:00+00:00,GRACE-FO,1.0502296353958333e-12,8.779033e-13,491196.43603935186,8640
2024-05-07 00:00:00+00:00,GRACE-FO,9.2605306584375e-13,7.22372955e-13,491159.89639479166,8640
2024-05-08 00:00:00+00:00,GRACE-FO,9.933985788946759e-13,7.62153175e-13,491276.9484594907,8640
2024-05-09 00:00:00+00:00,GRACE-FO,1.0900221764351853e-12,8.4435228e-13,491214.53081342595,8640
2024-05-10 00:00:00+00:00,GRACE-FO,1.602703460800926e-12,1.4200154e-12,490908.9495273148,8640
2024-05-11 00:00:00+00:00,GRACE-FO,3.3249900658043983e-12,3.1580531e-12,491196.19221655093,8640
2024-05-12 00:00:00+00:00,GRACE-FO,1.2059563837777777e-12,9.8346412e-13,491011.5756577546,8640
2024-05-13 00:00:00+00:00,GRACE-FO,1.3181280347164353e-12,1.0637601e-12,490895.08605185186,8640
2024-05-14 00:00:00+00:00,GRACE-FO,1.3281908976597222e-12,1.0303546000000002e-12,490781.1300376158,8640
2024-05-15 00:00:00+00:00,GRACE-FO,1.4486580830729168e-12,1.1094753e-12,491070.2077541666,8640
2024-05-16 00:00:00+00:00,GRACE-FO,1.8132375453483798e-12,1.4794527e-12,490836.5772997685,8640
2024-05-17 00:00:00+00:00,GRACE-FO,1.821304622570602e-12,1.53469325e-12,490532.86724259256,8640
2024-05-18 00:00:00+00:00,GRACE-FO,1.9432078023136574e-12,1.58504165e-12,490879.12780219904,8640
2024-05-19 00:00:00+00:00,GRACE-FO,1.6252009836215278e-12,1.2843462000000001e-12,490748.15876817127,8640
2024-05-20 00:00:00+00:00,GRACE-FO,1.481089112008102e-12,1.1422472e-12,490542.68706516206,8640
2024-05-21 00:00:00+00:00,GRACE-FO,1.4357454217418981e-12,1.1352388e-12,490402.8532251157,8640
2024-05-22 00:00:00+00:00,GRACE-FO,1.3345762656030094e-12,9.84635755e-13,490828.78185648145,8640
2024-05-23 00:00:00+00:00,GRACE-FO,1.3690861371122683e-12,1.12498985e-12,490481.8357212963,8640
2024-05-24 00:00:00+00:00,GRACE-FO,1.3645015980787038e-12,1.06242765e-12,490216.97745231487,8640
2024-05-25 00:00:00+00:00,GRACE-FO,1.0733203996886575e-12,7.962954400000001e-13,490590.35793784726,8640
2024-05-26 00:00:00+00:00,GRACE-FO,9.627387165104166e-13,7.064366050000001e-13,490526.60894837964,8640
2024-05-27 00:00:00+00:00,GRACE-FO,8.926321004050927e-13,6.692346300000001e-13,490262.4792045139,8640
2024-05-28 00:00:00+00:00,GRACE-FO,8.418614013935185e-13,5.944297150000001e-13,490159.2263707176,8640
2024-05-29 00:00:00+00:00,GRACE-FO,8.219934968738426e-13,6.037245850000001e-13,490675.7278550926,8640
2024-05-30 00:00:00+00:00,GRACE-FO,9.047312360358797e-13,6.91566845e-13,490233.5529422454,8640
2024-05-31 00:00:00+00:00,GRACE-FO,9.88395212300926e-13,7.3850617e-13,490039.42310046294,8640
2024-06-01 00:00:00+00:00,GRACE-FO,9.110762486203704e-13,6.510604700000001e-13,490415.5020164352,8640
2024-06-02 00:00:00+00:00,GRACE-FO,9.034091871956019e-13,6.09820015e-13,490380.01598680555,8640
2024-06-03 00:00:00+00:00,GRACE-FO,1.0651613015590279e-12,7.793892949999999e-13,490032.08606689813,8640
2024-06-04 00:00:00+00:00,GRACE-FO,1.2274663853148148e-12,9.9100158e-13,489987.0881371528,8640
2024-06-05 00:00:00+00:00,GRACE-FO,1.1774071903020833e-12,8.741513750000001e-13,490518.4861924769,8640
2024-06-06 00:00:00+00:00,GRACE-FO,1.2046535568587964e-12,9.04358385e-13,489978.9570940972,8640
2024-06-07 00:00:00+00:00,GRACE-FO,1.358597626164352e-12,1.10996345e-12,489832.7316193287,8640
2024-06-08 00:00:00+00:00,GRACE-FO,1.3468420073935185e-12,1.08881335e-12,490193.3701818287,8640
2024-06-09 00:00:00+00:00,GRACE-FO,1.1787601007986112e-12,9.112685950000002e-13,490155.3071988426,8640
2024-06-10 00:00:00+00:00,GRACE-FO,1.1245347746724536e-12,8.7409705e-13,489746.1314009259,8640
2024-06-11 00:00:00+00:00,GRACE-FO,1.1883269474305556e-12,9.7852358e-13,489770.7307150463,8640
2024-06-12 00:00:00+00:00,GRACE-FO,9.701399935914353e-13,7.36583535e-13,490284.49241296295,8640
2024-06-13 00:00:00+00:00,GRACE-FO,9.069198179178241e-13,6.4345691e-13,489701.36114537035,8640
2024-06-14 00:00:00+00:00,GRACE-FO,9.454368607314815e-13,7.4448573e-13,489637.8495109954,8640
2024-06-15 00:00:00+00:00,GRACE-FO,1.0490942281469908e-12,8.669149e-13,489983.5648923611,8640
2024-06-16 00:00:00+00:00,GRACE-FO,9.57637994605324e-13,7.8413812e-13,489927.56046226854,8640
2024-06-17 00:00:00+00:00,GRACE-FO,8.7625873634375e-13,7.125869150000001e-13,489522.5557076389,8640
2024-06-18 00:00:00+00:00,GRACE-FO,9.058333288402779e-13,7.696436599999999e-13,489628.8263747685,8640
2024-06-19 00:00:00+00:00,GRACE-FO,8.665215819305555e-13,6.9936616e-13,490076.1907621528,8640
2024-06-20 00:00:00+00:00,GRACE-FO,8.376855560173611e-13,6.58596065e-13,489467.87617685186,8640
2024-06-21 00:00:00+00:00,GRACE-FO,7.928372088865741e-13,6.0797386e-13,489502.70489872684,8640
2024-06-22 00:00:00+00:00,GRACE-FO,7.644024236979167e-13,5.88540055e-13,489812.1440576389,8640
2024-06-23 00:00:00+00:00,GRACE-FO,8.548689759791667e-13,7.07413075e-13,489718.133193287,8640
2024-06-24 00:00:00+00:00,GRACE-FO,8.485617280625e-13,6.531863700000001e-13,489343.7565444445,8640
2024-06-25 00:00:00+00:00,GRACE-FO,9.965770313877315e-13,8.328568699999999e-13,489511.7830351852,8640
2024-06-26 00:00:00+00:00,GRACE-FO,1.073952943525463e-12,9.144339600000001e-13,489862.22928796295,8640
2024-06-27 00:00:00+00:00,GRACE-FO,1.0604695168229167e-12,8.49769755e-13,489254.9140384259,8640
2024-06-28 00:00:00+00:00,GRACE-FO,1.5489763110590278e-12,1.465389e-12,489358.43837824074,8640
2024-06-29 00:00:00+00:00,GRACE-FO,1.2146007131145832e-12,1.07037245e-12,489585.86326192133,8640
2024-06-30 00:00:00+00:00,GRACE-FO,1.1695969020034722e-12,1.02598455e-12,489445.3525862268,8640
2024-07-01 00:00:00+00:00,GRACE-FO,1.107925240392361e-12,9.70431715e-13,489135.5393,8640
2024-07-02 00:00:00+00:00,GRACE-FO,1.0357364977870372e-12,8.8505969e-13,489309.8093716435,8640
2024-07-03 00:00:00+00:00,GRACE-FO,9.770172206342593e-13,8.1232993e-13,489561.90674131946,8640
2024-07-04 00:00:00+00:00,GRACE-FO,1.0148386538692128e-12,8.6691994e-13,489011.2313672454,8640
2024-07-05 00:00:00+00:00,GRACE-FO,1.03152416159375e-12,8.995687799999999e-13,489198.5038376158,8640
2024-07-06 00:00:00+00:00,GRACE-FO,8.970490086203703e-13,7.40546025e-13,489336.5109980324,8640
2024-07-07 00:00:00+00:00,GRACE-FO,8.945120821840279e-13,7.4275454e-13,489184.5937521991,8640
2024-07-08 00:00:00+00:00,GRACE-FO,9.510725287152778e-13,8.1121828e-13,488992.5161701389,8640
2024-07-09 00:00:00+00:00,GRACE-FO,9.006755182789352e-13,7.6315963e-13,489137.8467944444,8640
2024-07-10 00:00:00+00:00,GRACE-FO,9.050865521805555e-13,7.480960650000001e-13,489296.3653377315,8640
2024-07-11 00:00:00+00:00,GRACE-FO,9.387526029722222e-13,7.71211295e-13,488830.9750087963,8640
2024-07-12 00:00:00+00:00,GRACE-FO,1.0032321786081842e-12,8.55945e-13,489108.0884871355,4081
2024-07-13 00:00:00+00:00,GRACE-FO,1.0275287592205884e-12,8.48471785e-13,489260.0512301471,4080
2024-07-14 00:00:00+00:00,GRACE-FO,1.1127136514363427e-12,9.2145831e-13,489006.1746524306,8640
2024-07-15 00:00:00+00:00,GRACE-FO,1.1432833626018517e-12,9.48785775e-13,488912.1260893519,8640
2024-07-16 00:00:00+00:00,GRACE-FO,1.4076417813946759e-12,1.2267191000000001e-12,488970.779884838,8640
2024-07-17 00:00:00+00:00,GRACE-FO,1.3490532410243056e-12,1.1521702e-12,489064.3750333334,8640
2024-07-18 00:00:00+00:00,GRACE-FO,1.3094433350231482e-12,1.09701775e-12,488693.9840385417,8640
2024-07-19 00:00:00+00:00,GRACE-FO,1.329412772582176e-12,1.1334224e-12,488907.3240488426,8640
2024-07-20 00:00:00+00:00,GRACE-FO,1.3152850016736112e-12,1.09729045e-12,488835.94464803237,8640
2024-07-21 00:00:00+00:00,GRACE-FO,1.2289498413738425e-12,9.9922118e-13,488740.4304991898,8640
2024-07-22 00:00:00+00:00,GRACE-FO,1.380079386525463e-12,1.21436855e-12,488721.7059542824,8640
2024-07-23 00:00:00+00:00,GRACE-FO,1.0860999989583332e-12,9.27481235e-13,488654.33393981477,8640
2024-07-24 00:00:00+00:00,GRACE-FO,1.0108977810173611e-12,8.5983126e-13,488766.90328055556,8640
2024-07-25 00:00:00+00:00,GRACE-FO,9.465751760405092e-13,8.1160784e-13,488520.9487001157,8640
2024-07-26 00:00:00+00:00,GRACE-FO,1.1939294644097222e-12,1.08744605e-12,488667.16811712965,8640
2024-07-27 00:00:00+00:00,GRACE-FO,1.0132411586516202e-12,8.78404875e-13,488547.54175497685,8640
2024-07-28 00:00:00+00:00,GRACE-FO,9.07821604298611e-13,7.540204049999999e-13,488539.85501145833,8640
2024-07-29 00:00:00+00:00,GRACE-FO,9.141384790555556e-13,7.63345805e-13,488573.1708431713,8640
2024-07-30 00:00:00+00:00,GRACE-FO,1.145967000775463e-12,1.07114095e-12,488381.94268449076,8640
2024-07-31 00:00:00+00:00,GRACE-FO,1.0417217516481482e-12,8.7739327e-13,488559.72497268516,8640
2024-08-01 00:00:00+00:00,GRACE-FO,1.2373598099166667e-12,1.06346695e-12,488381.51046597224,8640
2024-08-02 00:00:00+00:00,GRACE-FO,1.110684608170139e-12,9.4177248e-13,488408.7729223379,8640
2024-08-03 00:00:00+00:00,GRACE-FO,1.1805953248287037e-12,1.0142013e-12,488314.7068037037,8640
2024-08-04 00:00:00+00:00,GRACE-FO,1.5488037590648148e-12,1.4465849e-12,488363.1136863426,8640
2024-08-05 00:00:00+00:00,GRACE-FO,1.2538483509502314e-12,1.0964421000000001e-12,488346.7887303241,8640
2024-08-06 00:00:00+00:00,GRACE-FO,1.1574212474108797e-12,9.9245569e-13,488067.6540041667,8640
2024-08-07 00:00:00+00:00,GRACE-FO,1.253587893505787e-12,1.0565336e-12,488357.0764958333,8640
2024-08-08 00:00:00+00:00,GRACE-FO,1.454039451119213e-12,1.2138800500000001e-12,488184.2804982639,8640
2024-08-09 00:00:00+00:00,GRACE-FO,1.6024615917847222e-12,1.38565775e-12,488050.0622883102,8640
2024-08-10 00:00:00+00:00,GRACE-FO,1.8526443863761574e-12,1.6416884e-12,488068.53136493056,8640
2024-08-11 00:00:00+00:00,GRACE-FO,2.1639946349988427e-12,1.9255255499999996e-12,488115.761887037,8640
2024-08-12 00:00:00+00:00,GRACE-FO,3.0061092045439817e-12,2.87150215e-12,487980.2689222222,8640
2024-08-13 00:00:00+00:00,GRACE-FO,2.113201629984954e-12,1.92659025e-12,487648.9244159722,8640
2024-08-14 00:00:00+00:00,GRACE-FO,1.7481913612870368e-12,1.5344177500000002e-12,488032.791347338,8640
2024-08-15 00:00:00+00:00,GRACE-FO,1.6138450044687501e-12,1.4358498500000001e-12,487799.533890162,8640
2024-08-16 00:00:00+00:00,GRACE-FO,1.7574659472743055e-12,1.6113917499999999e-12,487534.21543703706,8640
2024-08-17 00:00:00+00:00,GRACE-FO,1.665153988236111e-12,1.5616237500000001e-12,487762.045190162,8640
2024-08-18 00:00:00+00:00,GRACE-FO,1.7448062078425924e-12,1.58713495e-12,487730.8579599537,8640
2024-08-19 00:00:00+00:00,GRACE-FO,1.524401985650463e-12,1.42592555e-12,487529.97561192134,8640
2024-08-20 00:00:00+00:00,GRACE-FO,1.5826289146215277e-12,1.4636761499999999e-12,487349.8768893518,8640
2024-08-21 00:00:00+00:00,GRACE-FO,1.4058276920821758e-12,1.3044376499999999e-12,487763.5663976852,8640
2024-08-22 00:00:00+00:00,GRACE-FO,1.3884910570138889e-12,1.3215167e-12,487439.22194861114,8640
2024-08-23 00:00:00+00:00,GRACE-FO,1.2643517364085648e-12,1.2081117e-12,487153.9258777778,8640
2024-08-24 00:00:00+00:00,GRACE-FO,1.337410359258102e-12,1.29201385e-12,487611.9576831018,8640
2024-08-25 00:00:00+00:00,GRACE-FO,1.1935967357141203e-12,1.1646573e-12,487401.65699386573,8640
2024-08-26 00:00:00+00:00,GRACE-FO,1.2278450055914352e-12,1.22842645e-12,487149.894521875,8640
2024-08-27 00:00:00+00:00,GRACE-FO,1.3080128509375e-12,1.27858875e-12,487228.7515240741,8640
2024-08-28 00:00:00+00:00,GRACE-FO,1.7591891782569443e-12,1.75232935e-12,487496.23483715276,8640
2024-08-29 00:00:00+00:00,GRACE-FO,1.3898426180925927e-12,1.4127452e-12,487087.1124138889,8640
2024-08-30 00:00:00+00:00,GRACE-FO,1.5890559992650462e-12,1.56507325e-12,486891.4681611111,8640
2024-08-31 00:00:00+00:00,GRACE-FO,1.7591452093368057e-12,1.73673545e-12,487455.2433545139,8640
2024-09-01 00:00:00+00:00,GRACE-FO,1.6091947257534723e-12,1.654011e-12,487007.0579453703,8640
2024-09-02 00:00:00+00:00,GRACE-FO,1.5872150780902779e-12,1.65534155e-12,486762.5282614583,8640
2024-09-03 00:00:00+00:00,GRACE-FO,1.6807795686886574e-12,1.7201194999999999e-12,487111.35093298607,8640
2024-09-04 00:00:00+00:00,GRACE-FO,1.803221880590278e-12,1.8585288500000003e-12,487069.4213546296,8640
2024-09-05 00:00:00+00:00,GRACE-FO,1.86173166940625e-12,1.9282750500000003e-12,486675.21103125,8640
2024-09-06 00:00:00+00:00,GRACE-FO,1.8214269566122683e-12,1.89556745e-12,486670.4025159722,8640
2024-09-07 00:00:00+00:00,GRACE-FO,1.8540098085949074e-12,1.8921525e-12,487125.74759386573,8640
2024-09-08 00:00:00+00:00,GRACE-FO,1.839654650900463e-12,1.8966267e-12,486539.57162766205,8640
2024-09-09 00:00:00+00:00,GRACE-FO,1.928794467130787e-12,1.96877565e-12,486408.4174153935,8640
2024-09-10 00:00:00+00:00,GRACE-FO,1.7782656977858796e-12,1.8046198e-12,486930.6491525463,8640
2024-09-11 00:00:00+00:00,GRACE-FO,1.6562635126342592e-12,1.713703e-12,486512.8069994213,8640
2024-09-12 00:00:00+00:00,GRACE-FO,2.3070835581643517e-12,2.2834263e-12,486276.60816574073,8640
2024-09-13 00:00:00+00:00,GRACE-FO,2.008414327707176e-12,1.9552896e-12,486505.50122858793,8640
2024-09-14 00:00:00+00:00,GRACE-FO,1.5620108784699074e-12,1.5873533e-12,486606.44220173615,8640
2024-09-15 00:00:00+00:00,GRACE-FO,1.4455408929097223e-12,1.4393888000000001e-12,486101.7158959491,8640
2024-09-16 00:00:00+00:00,GRACE-FO,1.4587737137280092e-12,1.4580266e-12,486166.72076550924,8640
2024-09-17 00:00:00+00:00,GRACE-FO,1.818176462207176e-12,1.79287415e-12,486636.65584988426,8640
2024-09-18 00:00:00+00:00,GRACE-FO,1.142123469741898e-12,1.1350150500000001e-12,485989.0153516204,8640
2024-09-19 00:00:00+00:00,GRACE-FO,1.285360679201389e-12,1.2581003999999999e-12,485989.76003229164,8640
2024-09-20 00:00:00+00:00,GRACE-FO,1.0887145911469908e-12,1.0464476500000001e-12,486421.6354304398,8640
2024-09-21 00:00:00+00:00,GRACE-FO,1.0759559702685185e-12,1.0000727000000001e-12,486080.94645243057,8640
2024-09-22 00:00:00+00:00,GRACE-FO,1.0987435246203704e-12,9.987943e-13,485870.14670555555,8640
2024-09-23 00:00:00+00:00,GRACE-FO,1.2679010012939815e-12,1.1813318e-12,486096.5141653935,8640
2024-09-24 00:00:00+00:00,GRACE-FO,1.4325940372974538e-12,1.3285008e-12,486247.96498449077,8640
2024-09-25 00:00:00+00:00,GRACE-FO,1.7312277152534722e-12,1.630512e-12,485693.0971091435,8640
2024-09-26 00:00:00+00:00,GRACE-FO,1.5659284601377316e-12,1.4473763500000002e-12,485831.36797210644,8640
2024-09-27 00:00:00+00:00,GRACE-FO,1.56245110028125e-12,1.3724416e-12,486209.0767877315,8640
2024-09-28 00:00:00+00:00,GRACE-FO,1.639847979744213e-12,1.4850264000000001e-12,485585.64663622685,8640
2024-09-29 00:00:00+00:00,GRACE-FO,1.8685914998472223e-12,1.66073025e-12,485664.9010394676,8640
2024-09-30 00:00:00+00:00,GRACE-FO,1.912560149212963e-12,1.64697565e-12,485927.15908020834,8640
2024-10-01 00:00:00+00:00,GRACE-FO,2.0005382329166666e-12,1.6970172e-12,485625.97305462963,8640
2024-10-02 00:00:00+00:00,GRACE-FO,2.091211396539352e-12,1.7680305e-12,485435.04156967596,8640
2024-10-03 00:00:00+00:00,GRACE-FO,2.2230533903935184e-12,1.86114005e-12,485581.0525310185,8640
2024-10-04 00:00:00+00:00,GRACE-FO,2.3920032156712963e-12,2.0236547999999997e-12,485666.2760755787,8640
2024-10-05 00:00:00+00:00,GRACE-FO,2.3053034258564815e-12,1.89811695e-12,485142.4441153935,8640
2024-10-06 00:00:00+00:00,GRACE-FO,2.24993175806713e-12,1.96149365e-12,485321.9330009259,8640
2024-10-07 00:00:00+00:00,GRACE-FO,2.653193236296296e-12,2.3664539499999997e-12,485514.94938252313,8640
2024-10-08 00:00:00+00:00,GRACE-FO,2.6006290603703705e-12,2.4052199e-12,484946.4253045139,8640
2024-10-09 00:00:00+00:00,GRACE-FO,1.9607260438692128e-12,1.6634338e-12,485094.7625607639,8640
2024-10-10 00:00:00+00:00,GRACE-FO,2.2186798762395834e-12,2.1191511e-12,485203.779815625,8640
2024-10-11 00:00:00+00:00,GRACE-FO,2.9027288492199075e-12,2.8177440000000004e-12,484914.65913125,8640
2024-10-12 00:00:00+00:00,GRACE-FO,1.4912875228472223e-12,1.2656313500000001e-12,484826.8947210648,8640
2024-10-13 00:00:00+00:00,GRACE-FO,1.3875112447476852e-12,1.08030395e-12,484900.9229466435,8640
2024-10-14 00:00:00+00:00,GRACE-FO,1.420221186099537e-12,1.1410395499999999e-12,484960.1950076389,8640
2024-10-15 00:00:00+00:00,GRACE-FO,1.644747606726852e-12,1.37211935e-12,484600.8032034722,8640
2024-10-16 00:00:00+00:00,GRACE-FO,1.6448088234988425e-12,1.3855662e-12,484754.9627239583,8640
2024-10-17 00:00:00+00:00,GRACE-FO,1.5528465746064814e-12,1.28378755e-12,484854.02034027776,8640
2024-10-18 00:00:00+00:00,GRACE-FO,1.682863182349537e-12,1.4126652e-12,484457.3436979167,8640
2024-10-19 00:00:00+00:00,GRACE-FO,1.7592985730254631e-12,1.4794021e-12,484640.81768055557,8640
2024-10-20 00:00:00+00:00,GRACE-FO,1.5160595387083334e-12,1.1635295500000001e-12,484605.55772291665,8640
2024-10-21 00:00:00+00:00,GRACE-FO,1.5403851238344907e-12,1.20455715e-12,484441.4548011574,8640
2024-10-22 00:00:00+00:00,GRACE-FO,1.7852037498020834e-12,1.4429258e-12,484471.7402945602,8640
2024-10-23 00:00:00+00:00,GRACE-FO,1.7695190127349536e-12,1.3905709e-12,484368.5526680556,8640
2024-10-24 00:00:00+00:00,GRACE-FO,1.913415266215278e-12,1.55418815e-12,484431.23117800924,8640
2024-10-25 00:00:00+00:00,GRACE-FO,1.8152313470324073e-12,1.4286770999999999e-12,484224.3188623843,8640
2024-10-26 00:00:00+00:00,GRACE-FO,2.154941356170139e-12,1.8634121e-12,484219.80428738426,8640
2024-10-27 00:00:00+00:00,GRACE-FO,2.494735122952546e-12,2.1233188e-12,484272.05401412037,8640
2024-10-28 00:00:00+00:00,GRACE-FO,2.5247566761921296e-12,2.1690344e-12,483996.3062326389,8640
2024-10-29 00:00:00+00:00,GRACE-FO,2.4429006913634262e-12,2.0080905e-12,484069.550403125,8640
2024-10-30 00:00:00+00:00,GRACE-FO,2.598659008263889e-12,2.1381764e-12,483952.24182164355,8640
2024-10-31 00:00:00+00:00,GRACE-FO,2.6119638100578703e-12,2.18597745e-12,483854.9423733796,8640
2024-11-01 00:00:00+00:00,GRACE-FO,2.691548535960648e-12,2.1955332000000003e-12,483862.7709002315,8640
2024-11-02 00:00:00+00:00,GRACE-FO,2.8059924818055554e-12,2.38911795e-12,483607.17744212964,8640
2024-11-03 00:00:00+00:00,GRACE-FO,2.731224349398148e-12,2.3356782499999998e-12,483736.9623730324,8640
2024-11-04 00:00:00+00:00,GRACE-FO,2.6332443211342593e-12,2.11971975e-12,483584.68980150466,8640
2024-11-05 00:00:00+00:00,GRACE-FO,2.4553710527546294e-12,1.91656465e-12,483348.7616483797,8640
2024-11-06 00:00:00+00:00,GRACE-FO,2.5183177147685186e-12,2.0751847e-12,483549.4052351852,8640
2024-11-07 00:00:00+00:00,GRACE-FO,2.314105905023148e-12,1.8399154e-12,483343.06754756946,8640
2024-11-08 00:00:00+00:00,GRACE-FO,2.2852764226076387e-12,1.9667741999999997e-12,483202.2761126157,8640
2024-11-09 00:00:00+00:00,GRACE-FO,2.7791584156944442e-12,2.4978966e-12,483249.04554155096,8640
2024-11-10 00:00:00+00:00,GRACE-FO,2.3287320644131943e-12,1.9803227499999998e-12,483174.76071747683,8640
2024-11-11 00:00:00+00:00,GRACE-FO,1.842538494162037e-12,1.5225947000000002e-12,483069.9868017361,8640
2024-11-12 00:00:00+00:00,GRACE-FO,1.5713058627372685e-12,1.2197615500000001e-12,482914.9562751157,8640
2024-11-13 00:00:00+00:00,GRACE-FO,1.532466671929398e-12,1.205539e-12,483125.5105008102,8640
2024-11-14 00:00:00+00:00,GRACE-FO,1.5186183466400464e-12,1.26971995e-12,482962.1258144676,8640
2024-11-15 00:00:00+00:00,GRACE-FO,1.5626797218159722e-12,1.2801131e-12,482677.761097801,8640
2024-11-16 00:00:00+00:00,GRACE-FO,1.3551762904247684e-12,1.140355e-12,483082.0664039352,8640
2024-11-17 00:00:00+00:00,GRACE-FO,1.190143125605324e-12,9.3302691e-13,482831.0143076389,8640
2024-11-18 00:00:00+00:00,GRACE-FO,1.2545082153136575e-12,9.77255825e-13,482554.8202743056,8640
2024-11-19 00:00:00+00:00,GRACE-FO,1.4582053336296296e-12,1.1990136e-12,482963.99826631945,8640
2024-11-20 00:00:00+00:00,GRACE-FO,1.5408422906574074e-12,1.1914918e-12,482734.1626417824,8640
2024-11-21 00:00:00+00:00,GRACE-FO,1.5078040312789352e-12,1.2307552e-12,482484.7086222222,8640
2024-11-22 00:00:00+00:00,GRACE-FO,1.708988355787037e-12,1.45178675e-12,482713.10483761574,8640
2024-11-23 00:00:00+00:00,GRACE-FO,1.8050969132569445e-12,1.4652843e-12,482683.64207673614,8640
2024-11-24 00:00:00+00:00,GRACE-FO,1.7918517223483797e-12,1.4529626499999998e-12,482397.10016967595,8640
2024-11-25 00:00:00+00:00,GRACE-FO,2.0517304010648145e-12,1.66455235e-12,482386.94911712967,8640
2024-11-26 00:00:00+00:00,GRACE-FO,1.9324153277581018e-12,1.5640083500000002e-12,482653.5548972222,8640
2024-11-27 00:00:00+00:00,GRACE-FO,1.9420149819699076e-12,1.5605520999999998e-12,482257.5003697917,8640
2024-11-28 00:00:00+00:00,GRACE-FO,1.9874386888831016e-12,1.63144315e-12,482084.67997754633,8640
2024-11-29 00:00:00+00:00,GRACE-FO,2.0504583734282405e-12,1.70077175e-12,482585.5824335648,8640
2024-11-30 00:00:00+00:00,GRACE-FO,2.0950701360300927e-12,1.76789635e-12,482096.6175013889,8640
2024-04-01 00:00:00+00:00,Swarm_A,1.0808760823368056e-12,9.73420165e-13,484590.9962840278,2880
2024-04-02 00:00:00+00:00,Swarm_A,9.133951501770834e-13,8.0046917e-13,484736.1794170139,2880
2024-04-03 00:00:00+00:00,Swarm_A,7.859423100138889e-13,7.054457850000001e-13,484637.44545138895,2880
2024-04-04 00:00:00+00:00,Swarm_A,8.143756941041666e-13,7.74665325e-13,484495.93584201386,2880
2024-04-05 00:00:00+00:00,Swarm_A,8.999571481493055e-13,8.164461800000001e-13,484470.5546590278,2880
2024-04-06 00:00:00+00:00,Swarm_A,9.138454548993055e-13,8.3568644e-13,484698.3375208333,2880
2024-04-07 00:00:00+00:00,Swarm_A,8.383753835659722e-13,7.74094425e-13,484343.51021770836,2880
2024-04-08 00:00:00+00:00,Swarm_A,8.661809766354167e-13,8.159722799999999e-13,484312.9799336806,2880
2024-04-09 00:00:00+00:00,Swarm_A,8.737547770138889e-13,8.3560937e-13,484631.5742517361,2880
2024-04-10 00:00:00+00:00,Swarm_A,9.067376732743056e-13,8.539772449999999e-13,484237.59921631945,2880
2024-04-11 00:00:00+00:00,Swarm_A,9.155389628854166e-13,8.66508855e-13,484235.47654687497,2880
2024-04-12 00:00:00+00:00,Swarm_A,9.592534012604166e-13,9.2403317e-13,484403.31806909724,2880
2024-04-13 00:00:00+00:00,Swarm_A,1.0585240712291667e-12,1.02390485e-12,484240.00213472225,2880
2024-04-14 00:00:00+00:00,Swarm_A,1.2120245488125e-12,1.1711132500000001e-12,484123.3520802083,2880
2024-04-15 00:00:00+00:00,Swarm_A,1.3950246769563491e-12,1.3511607e-12,484084.79299920634,2520
2024-04-16 00:00:00+00:00,Swarm_A,1.9495946375902776e-12,1.85921155e-12,484240.77504374995,2880
2024-04-17 00:00:00+00:00,Swarm_A,1.7346070869583334e-12,1.7086172e-12,483885.5690635417,2880
2024-04-18 00:00:00+00:00,Swarm_A,1.5904460622395834e-12,1.5966249500000001e-12,483804.49051770836,2880
2024-04-19 00:00:00+00:00,Swarm_A,2.2102429975590278e-12,2.2348595499999998e-12,484092.5279701389,2880
2024-04-20 00:00:00+00:00,Swarm_A,1.9812627835069443e-12,1.9536586e-12,483635.7072996528,2880
2024-04-21 00:00:00+00:00,Swarm_A,1.969453865625e-12,1.98598245e-12,483575.2156288194,2880
2024-04-22 00:00:00+00:00,Swarm_A,1.8358567575e-12,1.87083245e-12,483760.89543715277,2880
2024-04-23 00:00:00+00:00,Swarm_A,1.7786755261006946e-12,1.8318787999999998e-12,483474.2899034722,2880
2024-04-24 00:00:00+00:00,Swarm_A,1.6951520236909722e-12,1.80118395e-12,483385.1825663194,2880
2024-04-25 00:00:00+00:00,Swarm_A,1.5407998255625e-12,1.59199775e-12,483394.230415625,2880
2024-04-26 00:00:00+00:00,Swarm_A,1.747746067767361e-12,1.76859005e-12,483414.53732013894,2880
2024-04-27 00:00:00+00:00,Swarm_A,1.5122757781076389e-12,1.53265095e-12,483166.50927916664,2880
2024-04-28 00:00:00+00:00,Swarm_A,1.1148865183402777e-12,1.1862563000000001e-12,483093.04601909727,2880
2024-04-29 00:00:00+00:00,Swarm_A,9.012491124930555e-13,9.35096805e-13,483370.23721006943,2880
2024-04-30 00:00:00+00:00,Swarm_A,8.034775386354167e-13,8.4176002e-13,483002.1967690972,2880
2024-05-01 00:00:00+00:00,Swarm_A,9.066186890034721e-13,9.396701499999999e-13,482957.4368951389,2880
2024-05-02 00:00:00+00:00,Swarm_A,1.0317821860972222e-12,1.0285488999999999e-12,483273.74391458335,2880
2024-05-03 00:00:00+00:00,Swarm_A,9.283934851944445e-13,9.650008699999999e-13,482898.63320416666,2880
2024-05-04 00:00:00+00:00,Swarm_A,7.312088744548611e-13,7.715463399999999e-13,482875.8020326389,2880
2024-05-05 00:00:00+00:00,Swarm_A,8.256106586458333e-13,8.5367593e-13,483055.9122038195,2880
2024-05-06 00:00:00+00:00,Swarm_A,1.0878337941979167e-12,1.1386548e-12,482895.44602430554,2880
2024-05-07 00:00:00+00:00,Swarm_A,9.485480299861111e-13,1.0063526e-12,482785.17943090276,2880
2024-05-08 00:00:00+00:00,Swarm_A,1.0289881609930556e-12,1.08333995e-12,482787.4026576389,2880
2024-05-09 00:00:00+00:00,Swarm_A,1.0984229914999999e-12,1.16552535e-12,482906.7776767361,2880
2024-05-10 00:00:00+00:00,Swarm_A,1.6455326564618056e-12,1.4618246e-12,482637.164003125,2880
2024-05-11 00:00:00+00:00,Swarm_A,3.740308905868056e-12,3.76670035e-12,482464.5160642362,2880
2024-05-12 00:00:00+00:00,Swarm_A,1.2488936245e-12,1.2562698000000001e-12,482722.88444583333,2880
2024-05-13 00:00:00+00:00,Swarm_A,1.35693407528125e-12,1.3935331e-12,482324.3420979167,2880
2024-05-14 00:00:00+00:00,Swarm_A,1.3617192233402778e-12,1.39728775e-12,482254.00541944447,2880
2024-05-15 00:00:00+00:00,Swarm_A,1.4938982782430556e-12,1.5094137999999999e-12,482546.55083263887,2880
2024-05-16 00:00:00+00:00,Swarm_A,1.8928250514861112e-12,1.94532685e-12,482155.8357934028,2880
2024-05-17 00:00:00+00:00,Swarm_A,1.8709092760590276e-12,1.8773038000000003e-12,482079.91538020835,2880
2024-05-18 00:00:00+00:00,Swarm_A,2.045505814392361e-12,2.05621185e-12,482215.7774822916,2880
2024-05-19 00:00:00+00:00,Swarm_A,1.6956814954895832e-12,1.6829771500000001e-12,482004.50828923605,2880
2024-05-20 00:00:00+00:00,Swarm_A,1.5444564567083332e-12,1.52913425e-12,481871.0982600695,2880
2024-05-21 00:00:00+00:00,Swarm_A,1.470199345861111e-12,1.4409908e-12,481881.5842357639,2880
2024-05-22 00:00:00+00:00,Swarm_A,1.3857487153263888e-12,1.3270523e-12,481941.75745069445,2880
2024-05-23 00:00:00+00:00,Swarm_A,1.4210023380381943e-12,1.3739444e-12,481679.30005416664,2880
2024-05-24 00:00:00+00:00,Swarm_A,1.4322582175069444e-12,1.37839145e-12,481593.04589618056,2880
2024-05-25 00:00:00+00:00,Swarm_A,1.1181270965069445e-12,1.02480435e-12,481859.8046902777,2880
2024-05-26 00:00:00+00:00,Swarm_A,1.0189174010104166e-12,9.102429299999999e-13,481489.9691947916,2880
2024-05-27 00:00:00+00:00,Swarm_A,9.512252445312501e-13,8.6010221e-13,481420.6152736111,2880
2024-05-28 00:00:00+00:00,Swarm_A,8.677296700451388e-13,7.82280785e-13,481768.1635777778,2880
2024-05-29 00:00:00+00:00,Swarm_A,8.774759349290779e-13,7.984416450000001e-13,481482.5322244681,2820
2024-05-30 00:00:00+00:00,Swarm_A,9.676349251052632e-13,9.01409685e-13,481350.34580666665,2850
2024-05-31 00:00:00+00:00,Swarm_A,1.0224844134236112e-12,9.01323085e-13,481598.2090826389,2880
2024-06-01 00:00:00+00:00,Swarm_A,9.560628057256946e-13,7.8720658e-13,481294.8227253472,2880
2024-06-02 00:00:00+00:00,Swarm_A,9.722593564131945e-13,8.1298841e-13,481237.14904201386,2880
2024-06-03 00:00:00+00:00,Swarm_A,1.1290573934826389e-12,9.61764885e-13,481369.7749888889,2880
2024-06-04 00:00:00+00:00,Swarm_A,1.2769993331840278e-12,1.1303447e-12,481255.5814190972,2880
2024-06-05 00:00:00+00:00,Swarm_A,1.2719116268368056e-12,1.08506505e-12,481098.4780309028,2880
2024-06-06 00:00:00+00:00,Swarm_A,1.3094697550034723e-12,1.08090135e-12,481101.0907180555,2880
2024-06-07 00:00:00+00:00,Swarm_A,1.4199403998263887e-12,1.21933835e-12,481209.84941701393,2880
2024-06-08 00:00:00+00:00,Swarm_A,1.4655181000034724e-12,1.2605464499999999e-12,480907.48723993055,2880
2024-06-09 00:00:00+00:00,Swarm_A,1.310158126329861e-12,1.1209714999999999e-12,480849.39031249995,2880
2024-06-10 00:00:00+00:00,Swarm_A,1.22287599125e-12,9.9752284e-13,481124.474546875,2880
2024-06-11 00:00:00+00:00,Swarm_A,1.2852451314027778e-12,1.0894028999999998e-12,480724.6035788194,2880
2024-06-12 00:00:00+00:00,Swarm_A,1.0965790505104167e-12,9.166925e-13,480664.21802118054,2880
2024-06-13 00:00:00+00:00,Swarm_A,1.0055960318125e-12,7.6521433e-13,481004.5233409722,2880
2024-06-14 00:00:00+00:00,Swarm_A,1.02501425034375e-12,8.0809687e-13,480588.11097430554,2880
2024-06-15 00:00:00+00:00,Swarm_A,1.1725406126527777e-12,9.686320049999999e-13,480546.4610652778,2880
2024-06-16 00:00:00+00:00,Swarm_A,1.0778190776875e-12,8.719112600000001e-13,480829.06148784724,2880
2024-06-17 00:00:00+00:00,Swarm_A,9.78126295111111e-13,7.803455750000001e-13,480485.2062385417,2880
2024-06-18 00:00:00+00:00,Swarm_A,1.028441000079861e-12,8.59761355e-13,480441.5874482639,2880
2024-06-19 00:00:00+00:00,Swarm_A,9.960109465625002e-13,8.0468669e-13,480618.1524902778,2880
2024-06-20 00:00:00+00:00,Swarm_A,9.555569910833334e-13,7.23847715e-13,480433.744290625,2880
2024-06-21 00:00:00+00:00,Swarm_A,9.152937899548612e-13,6.97304655e-13,480331.7038986111,2880
2024-06-22 00:00:00+00:00,Swarm_A,8.901138937430556e-13,6.8654912e-13,480403.65422638884,2880
2024-06-23 00:00:00+00:00,Swarm_A,9.863926088958332e-13,7.725130050000001e-13,480418.0694201389,2880
2024-06-24 00:00:00+00:00,Swarm_A,9.932851659340277e-13,7.329229150000001e-13,480202.79584166664,2880
2024-06-25 00:00:00+00:00,Swarm_A,1.1585168122291666e-12,9.1390425e-13,480195.4469503472,2880
2024-06-26 00:00:00+00:00,Swarm_A,1.254341624732639e-12,9.7154432e-13,480373.6498847222,2880
2024-06-27 00:00:00+00:00,Swarm_A,1.244095650357639e-12,9.6100125e-13,480023.962378125,2880
2024-06-28 00:00:00+00:00,Swarm_A,1.80640115109375e-12,1.6181244e-12,479966.32663125,2880
2024-06-29 00:00:00+00:00,Swarm_A,1.4243718858124998e-12,1.1385565e-12,480241.5475635417,2880
2024-06-30 00:00:00+00:00,Swarm_A,1.393185771192029e-12,1.1424927499999999e-12,480042.10586340586,2760
2024-07-01 00:00:00+00:00,Swarm_A,1.3469852824409723e-12,1.1039810500000001e-12,479764.8609392361,2880
2024-07-02 00:00:00+00:00,Swarm_A,1.2346345784751774e-12,9.77936495e-13,479835.1239553191,2820
2024-07-03 00:00:00+00:00,Swarm_A,1.178021062079861e-12,8.76467865e-13,479657.95961145835,2880
2024-07-04 00:00:00+00:00,Swarm_A,1.2651652992430555e-12,1.0455670999999999e-12,479626.08157361107,2880
2024-07-05 00:00:00+00:00,Swarm_A,1.2472604802395833e-12,9.999248299999998e-13,479893.5142833333,2880
2024-07-06 00:00:00+00:00,Swarm_A,1.0850163592465279e-12,8.014391e-13,479533.6630524306,2880
2024-07-07 00:00:00+00:00,Swarm_A,1.1297095479618055e-12,8.83972065e-13,479500.8269538195,2880
2024-07-08 00:00:00+00:00,Swarm_A,1.1751035617881945e-12,9.41437095e-13,479686.291271875,2880
2024-07-09 00:00:00+00:00,Swarm_A,1.093521810222222e-12,8.27543825e-13,479448.64618611115,2880
2024-07-10 00:00:00+00:00,Swarm_A,1.1309716503680557e-12,8.7005085e-13,479371.36232395837,2880
2024-07-11 00:00:00+00:00,Swarm_A,1.1770276031041666e-12,9.17838815e-13,479466.24203090277,2880
2024-07-12 00:00:00+00:00,Swarm_A,1.1955447592881945e-12,8.98585995e-13,479382.14087395836,2880
2024-07-13 00:00:00+00:00,Swarm_A,1.2509817879652778e-12,9.6063357e-13,479219.89646840276,2880
2024-07-14 00:00:00+00:00,Swarm_A,1.406250141767361e-12,1.09731365e-12,479232.7807746528,2880
2024-07-15 00:00:00+00:00,Swarm_A,1.4116272162569446e-12,1.07159285e-12,479298.08063506946,2880
2024-07-16 00:00:00+00:00,Swarm_A,1.711726067423611e-12,1.3989966e-12,479028.098,2880
2024-07-17 00:00:00+00:00,Swarm_A,1.7059959287986112e-12,1.3626954e-12,478975.4312972222,2880
2024-07-18 00:00:00+00:00,Swarm_A,1.6215462845486113e-12,1.2934343500000002e-12,479156.97055173607,2880
2024-07-19 00:00:00+00:00,Swarm_A,1.6434996456770832e-12,1.3160435000000001e-12,478805.99032847217,2880
2024-07-20 00:00:00+00:00,Swarm_A,1.6538746351284721e-12,1.33486105e-12,478732.2635381945,2880
2024-07-21 00:00:00+00:00,Swarm_A,1.5352691342604167e-12,1.1694147499999999e-12,478994.9539111111,2880
2024-07-22 00:00:00+00:00,Swarm_A,1.7151513459618054e-12,1.43715015e-12,478589.1061114584,2880
2024-07-23 00:00:00+00:00,Swarm_A,1.367244950326389e-12,1.099985e-12,478521.8375326389,2880
2024-07-24 00:00:00+00:00,Swarm_A,1.2732604341770832e-12,1.03811325e-12,478822.3508652778,2880
2024-07-25 00:00:00+00:00,Swarm_A,1.1993725367048611e-12,9.893229750000002e-13,478411.1426885417,2880
2024-07-26 00:00:00+00:00,Swarm_A,1.5007447210729166e-12,1.3726854e-12,478363.415909375,2880
2024-07-27 00:00:00+00:00,Swarm_A,1.2672702959305556e-12,1.0678163500000001e-12,478649.4164715278,2880
2024-07-28 00:00:00+00:00,Swarm_A,1.1513989691770834e-12,9.3984249e-13,478254.60754444444,2880
2024-07-29 00:00:00+00:00,Swarm_A,1.1678054585868057e-12,9.678328899999999e-13,478216.1952875,2880
2024-07-30 00:00:00+00:00,Swarm_A,1.4179923777951389e-12,1.2840815e-12,478468.0706010417,2880
2024-07-31 00:00:00+00:00,Swarm_A,1.3024252068437499e-12,1.06506655e-12,478120.8243427084,2880
2024-08-01 00:00:00+00:00,Swarm_A,1.5564301822673612e-12,1.3456357499999999e-12,478054.10500277777,2880
2024-08-02 00:00:00+00:00,Swarm_A,1.3846623865694445e-12,1.124292e-12,478242.80491493054,2880
2024-08-03 00:00:00+00:00,Swarm_A,1.4605822230104167e-12,1.2921716499999999e-12,477978.9455371528,2880
2024-08-04 00:00:00+00:00,Swarm_A,1.92876887040625e-12,1.8375036e-12,477875.00693402777,2880
2024-08-05 00:00:00+00:00,Swarm_A,1.5553151190381944e-12,1.3632859e-12,477981.6025951389,2880
2024-08-06 00:00:00+00:00,Swarm_A,1.4080547612256943e-12,1.18150195e-12,477815.56773715274,2880
2024-08-07 00:00:00+00:00,Swarm_A,1.566639315329861e-12,1.29194e-12,477683.83397395833,2880
2024-08-08 00:00:00+00:00,Swarm_A,1.806580962607639e-12,1.56017445e-12,477734.39553993056,2880
2024-08-09 00:00:00+00:00,Swarm_A,1.9318074033333336e-12,1.6528162e-12,477648.72821145836,2880
2024-08-10 00:00:00+00:00,Swarm_A,2.2630027633402777e-12,1.9856896e-12,477447.0808256945,2880
2024-08-11 00:00:00+00:00,Swarm_A,2.6619527133506946e-12,2.4606338999999996e-12,477418.3018815972,2880
2024-08-12 00:00:00+00:00,Swarm_A,3.632445349618056e-12,3.6248293999999997e-12,477369.1085642361,2880
2024-08-13 00:00:00+00:00,Swarm_A,2.5315968632291666e-12,2.3188605e-12,477068.19173298613,2880
2024-08-14 00:00:00+00:00,Swarm_A,2.1657744862777778e-12,1.97587525e-12,477017.7759972222,2880
2024-08-15 00:00:00+00:00,Swarm_A,1.95551165309375e-12,1.7081616e-12,477091.2341420139,2880
2024-08-16 00:00:00+00:00,Swarm_A,2.1261137172256944e-12,2.0074249e-12,476792.986578125,2880
2024-08-17 00:00:00+00:00,Swarm_A,2.0493042570381945e-12,1.97776625e-12,476732.1555680556,2880
2024-08-18 00:00:00+00:00,Swarm_A,2.1128536653819444e-12,1.9492272e-12,476865.2524743055,2880
2024-08-19 00:00:00+00:00,Swarm_A,1.850613379861111e-12,1.7441463e-12,476528.5480013889,2880
2024-08-20 00:00:00+00:00,Swarm_A,1.9329760875347225e-12,1.8528644500000004e-12,476454.06789548614,2880
2024-08-21 00:00:00+00:00,Swarm_A,1.7179889890694446e-12,1.6327730499999999e-12,476653.19405729166,2880
2024-08-22 00:00:00+00:00,Swarm_A,1.6935634264201387e-12,1.63157455e-12,476295.9313677083,2880
2024-08-23 00:00:00+00:00,Swarm_A,1.5343282647361111e-12,1.45860625e-12,476221.05529548606,2880
2024-08-24 00:00:00+00:00,Swarm_A,1.6225975135590276e-12,1.6020761e-12,476465.5713923611,2880
2024-08-25 00:00:00+00:00,Swarm_A,1.462985246420139e-12,1.4141423e-12,476093.91282465274,2880
2024-08-26 00:00:00+00:00,Swarm_A,1.494409170951389e-12,1.4564628e-12,476016.8125201389,2880
2024-08-27 00:00:00+00:00,Swarm_A,1.5681849624930557e-12,1.5329956e-12,476289.51777465275,2880
2024-08-28 00:00:00+00:00,Swarm_A,2.1276078683680557e-12,2.14202105e-12,475883.87344305555,2880
2024-08-29 00:00:00+00:00,Swarm_A,1.6798428253958332e-12,1.6280726999999999e-12,475786.74966944446,2880
2024-08-30 00:00:00+00:00,Swarm_A,1.9027164204340278e-12,1.86841535e-12,476069.08636562503,2880
2024-08-31 00:00:00+00:00,Swarm_A,2.1311428325694443e-12,2.1217584e-12,475636.4086572917,2880
2024-09-01 00:00:00+00:00,Swarm_A,1.9306009524305555e-12,1.9389202999999998e-12,475536.7128045139,2880
2024-09-02 00:00:00+00:00,Swarm_A,1.862879277916667e-12,1.8723348500000003e-12,475823.53184652777,2880
2024-09-03 00:00:00+00:00,Swarm_A,1.9858479098263888e-12,2.0253348e-12,475386.013821875,2880
2024-09-04 00:00:00+00:00,Swarm_A,2.1528215097569445e-12,2.1812067500000003e-12,475284.38662395836,2880
2024-09-05 00:00:00+00:00,Swarm_A,2.1706823492708334e-12,2.1998866000000003e-12,475566.9869260416,2880
2024-09-06 00:00:00+00:00,Swarm_A,2.1396355928125e-12,2.2007795e-12,475111.9886510417,2880
2024-09-07 00:00:00+00:00,Swarm_A,2.202973114236111e-12,2.25250415e-12,475002.89958055556,2880
2024-09-08 00:00:00+00:00,Swarm_A,2.138824675625e-12,2.2306262e-12,475292.17688888893,2880
2024-09-09 00:00:00+00:00,Swarm_A,2.2685340106597224e-12,2.3349267999999998e-12,474833.92161666666,2880
2024-09-10 00:00:00+00:00,Swarm_A,2.103547602222222e-12,2.14444145e-12,474722.8784229167,2880
2024-09-11 00:00:00+00:00,Swarm_A,1.9329256524305554e-12,1.99167585e-12,475019.785496875,2880
2024-09-12 00:00:00+00:00,Swarm_A,2.7269802930555558e-12,2.6746888500000003e-12,474561.6399538194,2880
2024-09-13 00:00:00+00:00,Swarm_A,2.391557971701389e-12,2.31927985e-12,474430.6413704861,2880
2024-09-14 00:00:00+00:00,Swarm_A,1.8486084502777776e-12,1.866685e-12,474716.8164229167,2880
2024-09-15 00:00:00+00:00,Swarm_A,1.716140659822695e-12,1.70857575e-12,474008.5912471631,2820
2024-09-16 00:00:00+00:00,Swarm_A,1.72686717903125e-12,1.7180446e-12,474203.4230350695,2880
2024-09-17 00:00:00+00:00,Swarm_A,2.1644709017164176e-12,2.14668525e-12,474431.6488216418,2680
2024-09-18 00:00:00+00:00,Swarm_A,1.354333650361111e-12,1.3416025500000001e-12,474046.0664357639,2880
2024-09-19 00:00:00+00:00,Swarm_A,1.52174430834375e-12,1.53906335e-12,473994.54086597223,2880
2024-09-20 00:00:00+00:00,Swarm_A,1.2945976012500001e-12,1.27080905e-12,474282.18128333334,2880
2024-09-21 00:00:00+00:00,Swarm_A,1.2715511733368056e-12,1.2198218e-12,473873.79260590277,2880
2024-09-22 00:00:00+00:00,Swarm_A,1.2874357443680556e-12,1.20710395e-12,473837.0592350694,2880
2024-09-23 00:00:00+00:00,Swarm_A,1.490695373861111e-12,1.46253575e-12,474111.84854513884,2880
2024-09-24 00:00:00+00:00,Swarm_A,1.7055347242604165e-12,1.63594535e-12,473698.4405625,2880
2024-09-25 00:00:00+00:00,Swarm_A,2.0193004408680556e-12,1.94265115e-12,473647.12651875004,2880
2024-09-26 00:00:00+00:00,Swarm_A,1.8528926794131945e-12,1.76869685e-12,473867.0027791666,2880
2024-09-27 00:00:00+00:00,Swarm_A,1.8559731105555557e-12,1.71394095e-12,473465.52212048613,2880
2024-09-28 00:00:00+00:00,Swarm_A,1.9133227011458335e-12,1.777312e-12,473426.13899479166,2880
2024-09-29 00:00:00+00:00,Swarm_A,2.1971581079513888e-12,2.01904575e-12,473604.6547850694,2880
2024-09-30 00:00:00+00:00,Swarm_A,2.2691954014583334e-12,2.06258545e-12,473210.671453125,2880
2024-10-01 00:00:00+00:00,Swarm_A,2.326584657048611e-12,2.01267635e-12,473170.6267628472,2880
2024-10-02 00:00:00+00:00,Swarm_A,2.4607613354166665e-12,2.16424415e-12,473282.70228159725,2880
2024-10-03 00:00:00+00:00,Swarm_A,2.636512473958333e-12,2.3169655500000002e-12,472910.7589729167,2880
2024-10-04 00:00:00+00:00,Swarm_A,2.804021902743055e-12,2.4263837999999998e-12,472878.55969548615,2880
2024-10-05 00:00:00+00:00,Swarm_A,2.709340346423611e-12,2.35135425e-12,472903.250003125,2880
2024-10-06 00:00:00+00:00,Swarm_A,2.675848326597222e-12,2.4468418500000004e-12,472566.60647118057,2880
2024-10-07 00:00:00+00:00,Swarm_A,3.1478420141319445e-12,2.9515945e-12,472564.4409909722,2880
2024-10-08 00:00:00+00:00,Swarm_A,3.100071434236111e-12,2.9974145e-12,472482.28110868053,2880
2024-10-09 00:00:00+00:00,Swarm_A,2.3518398159131945e-12,2.0711939e-12,472191.3162375,2880
2024-10-10 00:00:00+00:00,Swarm_A,2.6663390142638887e-12,2.49305715e-12,472268.4672715278,2880
2024-10-11 00:00:00+00:00,Swarm_A,3.48161747728125e-12,3.4078901e-12,472070.0073350695,2880
2024-10-12 00:00:00+00:00,Swarm_A,1.7769966613993056e-12,1.5156023e-12,471841.2380045139,2880
2024-10-13 00:00:00+00:00,Swarm_A,1.669911612545139e-12,1.3253983999999999e-12,471997.49233854166,2880
2024-10-14 00:00:00+00:00,Swarm_A,1.7307082668958333e-12,1.4533047999999998e-12,471776.3761013889,2880
2024-10-15 00:00:00+00:00,Swarm_A,1.9650344479652778e-12,1.68538615e-12,471609.0038,2880
2024-10-16 00:00:00+00:00,Swarm_A,2.0011689680555557e-12,1.70679465e-12,471778.6110097222,2880
2024-10-17 00:00:00+00:00,Swarm_A,1.9270934616909725e-12,1.5985554000000002e-12,471442.3840451389,2880
2024-10-18 00:00:00+00:00,Swarm_A,2.0036844536666666e-12,1.7015672e-12,471319.1497711806,2880
2024-10-19 00:00:00+00:00,Swarm_A,2.1519110063194442e-12,1.8762691e-12,471572.91242916667,2880
2024-10-20 00:00:00+00:00,Swarm_A,1.9002198149652778e-12,1.4981236000000001e-12,471152.8496576389,2880
2024-10-21 00:00:00+00:00,Swarm_A,1.843072140107639e-12,1.3843508e-12,471064.0605895833,2880
2024-10-22 00:00:00+00:00,Swarm_A,2.1780143978993054e-12,1.8146819e-12,471359.18028749997,2880
2024-10-23 00:00:00+00:00,Swarm_A,2.213792199548611e-12,1.8020911e-12,470880.54572638887,2880
2024-10-24 00:00:00+00:00,Swarm_A,2.3176291881944444e-12,1.8712594e-12,470795.28794444446,2880
2024-10-25 00:00:00+00:00,Swarm_A,2.2152419506006944e-12,1.69553295e-12,471079.3898482639,2880
2024-10-26 00:00:00+00:00,Swarm_A,2.7008958918055554e-12,2.45541725e-12,470589.0067506944,2880
2024-10-27 00:00:00+00:00,Swarm_A,3.0503929919097225e-12,2.5714663499999997e-12,470491.36912534724,2880
2024-10-28 00:00:00+00:00,Swarm_A,3.0858099932291666e-12,2.5688175499999998e-12,470696.2405652778,2880
2024-10-29 00:00:00+00:00,Swarm_A,3.0596444261805554e-12,2.5590413500000003e-12,470213.00937986106,2880
2024-10-30 00:00:00+00:00,Swarm_A,3.2061455466319446e-12,2.6013719499999998e-12,470141.3256663194,2880
2024-10-31 00:00:00+00:00,Swarm_A,3.2199994044444447e-12,2.6693979000000003e-12,470231.2159201389,2880
2024-11-01 00:00:00+00:00,Swarm_A,3.3474842273611113e-12,2.69527655e-12,469817.2595996528,2880
2024-11-02 00:00:00+00:00,Swarm_A,3.4818827983333334e-12,3.0063045e-12,469797.72598402784,2880
2024-11-03 00:00:00+00:00,Swarm_A,3.4273564989583333e-12,2.92279495e-12,469708.45091180556,2880
2024-11-04 00:00:00+00:00,Swarm_A,3.2762191512152776e-12,2.6947754499999998e-12,469391.95734618057,2880
2024-11-05 00:00:00+00:00,Swarm_A,3.0789641621180554e-12,2.4628586000000003e-12,469469.1535430556,2880
2024-11-06 00:00:00+00:00,Swarm_A,3.212563303125e-12,2.69681215e-12,469204.48056145833,2880
2024-11-07 00:00:00+00:00,Swarm_A,2.8814692038541663e-12,2.34449615e-12,468990.4726982639,2880
2024-11-08 00:00:00+00:00,Swarm_A,2.8816995617708333e-12,2.4658755000000002e-12,469180.6159184028,2880
2024-11-09 00:00:00+00:00,Swarm_A,3.5470994485416666e-12,3.0335300500000003e-12,468746.1985684028,2880
2024-11-10 00:00:00+00:00,Swarm_A,2.9265837927430552e-12,2.39722485e-12,468584.27756597224,2880
2024-11-11 00:00:00+00:00,Swarm_A,2.3688457353854165e-12,1.9054543e-12,468851.2500045139,2880
2024-11-12 00:00:00+00:00,Swarm_A,2.065121425142361e-12,1.6013903e-12,468374.6238621528,2880
2024-11-13 00:00:00+00:00,Swarm_A,1.9504194535729168e-12,1.50328495e-12,468304.39840104163,2880
2024-11-14 00:00:00+00:00,Swarm_A,1.9724234171354165e-12,1.6627112e-12,468581.2512770833,2880
2024-11-15 00:00:00+00:00,Swarm_A,2.0532739770243057e-12,1.68426775e-12,468131.584221875,2880
2024-11-16 00:00:00+00:00,Swarm_A,1.7464980891597223e-12,1.40474e-12,468117.32366076385,2880
2024-11-17 00:00:00+00:00,Swarm_A,1.5594859578854166e-12,1.205163e-12,468261.33606666664,2880
2024-11-18 00:00:00+00:00,Swarm_A,1.6468873866145833e-12,1.25855955e-12,467932.7455427084,2880
2024-11-19 00:00:00+00:00,Swarm_A,1.886834298888889e-12,1.50483725e-12,468024.15349305555,2880
2024-11-20 00:00:00+00:00,Swarm_A,1.998621916256944e-12,1.5266529e-12,467915.9214291667,2880
2024-11-21 00:00:00+00:00,Swarm_A,1.9517074763472225e-12,1.560646e-12,467695.9773180556,2880
2024-11-22 00:00:00+00:00,Swarm_A,2.200149808079861e-12,1.8221645e-12,467900.7810159722,2880
2024-11-23 00:00:00+00:00,Swarm_A,2.3366496510416667e-12,1.8460443999999998e-12,467549.6118802083,2880
2024-11-24 00:00:00+00:00,Swarm_A,2.2884347092118057e-12,1.7918583e-12,467405.67418125,2880
2024-11-25 00:00:00+00:00,Swarm_A,2.6294723000347224e-12,2.15409565e-12,467685.2250677083,2880
2024-11-26 00:00:00+00:00,Swarm_A,2.480355267715278e-12,1.9520937999999998e-12,467195.29281388887,2880
2024-11-27 00:00:00+00:00,Swarm_A,2.4650009414583333e-12,1.97704525e-12,467105.84464756947,2880
2024-11-28 00:00:00+00:00,Swarm_A,2.5522205402083332e-12,2.0642258000000004e-12,467343.3412732639,2880
2024-11-29 00:00:00+00:00,Swarm_A,2.6110264911188813e-12,2.1345403999999997e-12,466881.099379021,2860
2024-11-30 00:00:00+00:00,Swarm_A,2.575046699397163e-12,2.11783855e-12,466970.4617914894,2820
2024-04-01 00:00:00+00:00,Swarm_B,7.606853110451388e-13,6.36447485e-13,519509.3482430556,2880
2024-04-02 00:00:00+00:00,Swarm_B,6.466396750625e-13,5.294497350000001e-13,519478.2191256945,2880
2024-04-03 00:00:00+00:00,Swarm_B,5.561133453576389e-13,4.3542154999999996e-13,519470.6881847222,2880
2024-04-04 00:00:00+00:00,Swarm_B,5.801223880892362e-13,4.97045745e-13,519415.5508475694,2880
2024-04-05 00:00:00+00:00,Swarm_B,6.362635378263889e-13,5.211554699999999e-13,519633.5241684028,2880
2024-04-06 00:00:00+00:00,Swarm_B,6.456777284791666e-13,4.9085568e-13,519493.4567371528,2880
2024-04-07 00:00:00+00:00,Swarm_B,5.881817124722223e-13,4.4964175500000003e-13,519314.2964291667,2880
2024-04-08 00:00:00+00:00,Swarm_B,6.214554207777778e-13,4.887350449999999e-13,519377.4627604167,2880
2024-04-09 00:00:00+00:00,Swarm_B,6.533851687604166e-13,5.353528449999999e-13,519272.1970322917,2880
2024-04-10 00:00:00+00:00,Swarm_B,6.594243474513889e-13,5.258029900000001e-13,519428.55144687503,2880
2024-04-11 00:00:00+00:00,Swarm_B,6.707762453993056e-13,4.92339045e-13,519481.11652291665,2880
2024-04-12 00:00:00+00:00,Swarm_B,7.0339363371875e-13,5.36696975e-13,519205.1076298611,2880
2024-04-13 00:00:00+00:00,Swarm_B,7.752943298784722e-13,5.7910749e-13,519221.37628506945,2880
2024-04-14 00:00:00+00:00,Swarm_B,8.975708908402778e-13,6.9844524e-13,519155.8330309028,2880
2024-04-15 00:00:00+00:00,Swarm_B,1.0452244779652777e-12,8.02371705e-13,519163.6767489583,2880
2024-04-16 00:00:00+00:00,Swarm_B,1.4809136608090278e-12,1.3169975e-12,519339.7053201389,2880
2024-04-17 00:00:00+00:00,Swarm_B,1.2788169228055555e-12,1.05335745e-12,519086.9418472222,2880
2024-04-18 00:00:00+00:00,Swarm_B,1.1928140735659721e-12,8.75898705e-13,518966.3401659722,2880
2024-04-19 00:00:00+00:00,Swarm_B,1.7349048600347223e-12,1.7342177000000001e-12,518958.48881944444,2880
2024-04-20 00:00:00+00:00,Swarm_B,1.4974042979722222e-12,1.30874825e-12,518819.79068159725,2880
2024-04-21 00:00:00+00:00,Swarm_B,1.5171651153819444e-12,1.325779e-12,519005.48871805554,2880
2024-04-22 00:00:00+00:00,Swarm_B,1.3695985487743057e-12,1.1266101499999999e-12,518900.72713402775,2880
2024-04-23 00:00:00+00:00,Swarm_B,1.3302943766076387e-12,1.08377715e-12,518649.9849243056,2880
2024-04-24 00:00:00+00:00,Swarm_B,1.242058568607639e-12,9.81474695e-13,518685.47632326395,2880
2024-04-25 00:00:00+00:00,Swarm_B,1.1424567749756944e-12,9.4123265e-13,518560.0171375,2880
2024-04-26 00:00:00+00:00,Swarm_B,1.3210576968958334e-12,1.26607755e-12,518667.330171875,2880
2024-04-27 00:00:00+00:00,Swarm_B,1.0821295080243055e-12,9.90618795e-13,518731.84813125,2880
2024-04-28 00:00:00+00:00,Swarm_B,7.774647196875001e-13,6.57104915e-13,518442.01814548613,2880
2024-04-29 00:00:00+00:00,Swarm_B,6.228187993541667e-13,5.1498004e-13,518449.7604392361,2880
2024-04-30 00:00:00+00:00,Swarm_B,5.487911528784723e-13,4.61885925e-13,518402.22235763894,2880
2024-05-01 00:00:00+00:00,Swarm_B,6.070069082222222e-13,5.3426976e-13,518418.4335631944,2880
2024-05-02 00:00:00+00:00,Swarm_B,7.076766270243056e-13,6.80385865e-13,518628.2655645833,2880
2024-05-03 00:00:00+00:00,Swarm_B,6.104648712118056e-13,5.3004632e-13,518396.37607743056,2880
2024-05-04 00:00:00+00:00,Swarm_B,4.763373121145833e-13,3.9264267e-13,518301.2042451389,2880
2024-05-05 00:00:00+00:00,Swarm_B,5.569784872083334e-13,4.886048650000001e-13,518317.29707430553,2880
2024-05-06 00:00:00+00:00,Swarm_B,7.217876314930555e-13,6.4982817e-13,518236.14245451393,2880
2024-05-07 00:00:00+00:00,Swarm_B,6.226072133125e-13,5.446316399999999e-13,518467.47571562504,2880
2024-05-08 00:00:00+00:00,Swarm_B,6.772500754965278e-13,5.79791405e-13,518364.31806111115,2880
2024-05-09 00:00:00+00:00,Swarm_B,7.332646718229166e-13,6.43134715e-13,518156.1010958333,2880
2024-05-10 00:00:00+00:00,Swarm_B,1.2124498646631945e-12,9.82690455e-13,518205.91046041664,2880
2024-05-11 00:00:00+00:00,Swarm_B,2.8159931906562496e-12,2.90916065e-12,518017.8694840278,2880
2024-05-12 00:00:00+00:00,Swarm_B,8.63988457875e-13,7.9529372e-13,518143.4679986111,2880
2024-05-13 00:00:00+00:00,Swarm_B,8.768659690347223e-13,7.9892128e-13,518179.6265090278,2880
2024-05-14 00:00:00+00:00,Swarm_B,8.649969089166666e-13,7.8009499e-13,517897.00870624994,2880
2024-05-15 00:00:00+00:00,Swarm_B,9.87462777486111e-13,9.2095749e-13,517922.21256527776,2880
2024-05-16 00:00:00+00:00,Swarm_B,1.2635501881875e-12,1.23845875e-12,517823.13816562505,2880
2024-05-17 00:00:00+00:00,Swarm_B,1.2348155685381944e-12,1.1488093e-12,517874.97092222224,2880
2024-05-18 00:00:00+00:00,Swarm_B,1.3403962084965279e-12,1.2959537e-12,518010.08536701393,2880
2024-05-19 00:00:00+00:00,Swarm_B,1.0617258336909722e-12,1.03416215e-12,517714.0397065972,2880
2024-05-20 00:00:00+00:00,Swarm_B,9.3931364571875e-13,9.033202649999999e-13,517658.9748774306,2880
2024-05-21 00:00:00+00:00,Swarm_B,8.932615770798612e-13,8.69865565e-13,517621.94350625004,2880
2024-05-22 00:00:00+00:00,Swarm_B,8.336670171458334e-13,7.95927295e-13,517595.25526249997,2880
2024-05-23 00:00:00+00:00,Swarm_B,8.440090683159722e-13,8.25281315e-13,517819.63402430556,2880
2024-05-24 00:00:00+00:00,Swarm_B,8.359318269791666e-13,8.17019945e-13,517605.6678545139,2880
2024-05-25 00:00:00+00:00,Swarm_B,6.406914202951388e-13,6.247237499999999e-13,517476.1354878472,2880
2024-05-26 00:00:00+00:00,Swarm_B,5.623898845763889e-13,5.58411695e-13,517496.8845322917,2880
2024-05-27 00:00:00+00:00,Swarm_B,5.128754387326389e-13,4.97734045e-13,517410.8197076389,2880
2024-05-28 00:00:00+00:00,Swarm_B,4.726502575208333e-13,4.53292265e-13,517652.67838958337,2880
2024-05-29 00:00:00+00:00,Swarm_B,4.679494558437499e-13,4.3253256499999996e-13,517558.42753680557,2880
2024-05-30 00:00:00+00:00,Swarm_B,5.16013404107639e-13,5.03633415e-13,517354.4395763889,2880
2024-05-31 00:00:00+00:00,Swarm_B,5.737667517881945e-13,5.8395014e-13,517412.9305017361,2880
2024-06-01 00:00:00+00:00,Swarm_B,5.256052276180556e-13,5.28915585e-13,517307.5853965277,2880
2024-06-02 00:00:00+00:00,Swarm_B,5.170708321215278e-13,5.2133279e-13,517499.8756538194,2880
2024-06-03 00:00:00+00:00,Swarm_B,6.135060879444444e-13,6.105583550000001e-13,517513.35219861113,2880
2024-06-04 00:00:00+00:00,Swarm_B,7.012971399166667e-13,7.150607149999999e-13,517241.27166770835,2880
2024-06-05 00:00:00+00:00,Swarm_B,6.854250866909722e-13,7.05813005e-13,517285.3462986111,2880
2024-06-06 00:00:00+00:00,Swarm_B,7.214880983472223e-13,7.4915078e-13,517187.23125243053,2880
2024-06-07 00:00:00+00:00,Swarm_B,7.7207689625e-13,7.795069149999999e-13,517305.07057048613,2880
2024-06-08 00:00:00+00:00,Swarm_B,7.8165252684375e-13,8.11970305e-13,517419.58963368053,2880
2024-06-09 00:00:00+00:00,Swarm_B,6.81923543875e-13,7.074970750000001e-13,517128.1088989583,2880
2024-06-10 00:00:00+00:00,Swarm_B,6.433209883506945e-13,6.792722549999999e-13,517126.5257690972,2880
2024-06-11 00:00:00+00:00,Swarm_B,6.786088633784723e-13,7.117285600000001e-13,517060.6104829861,2880
2024-06-12 00:00:00+00:00,Swarm_B,5.588636977083333e-13,5.912711849999999e-13,517104.3379708333,2880
2024-06-13 00:00:00+00:00,Swarm_B,5.100983970138889e-13,5.32219975e-13,517306.36554583337,2880
2024-06-14 00:00:00+00:00,Swarm_B,5.209569019861111e-13,5.3601556e-13,517050.4751965278,2880
2024-06-15 00:00:00+00:00,Swarm_B,5.905144671944445e-13,6.05480635e-13,516999.7157524306,2880
2024-06-16 00:00:00+00:00,Swarm_B,5.607038671527778e-13,5.9464914e-13,516983.3606496528,2880
2024-06-17 00:00:00+00:00,Swarm_B,4.992336196770833e-13,5.0494623e-13,516951.7805163195,2880
2024-06-18 00:00:00+00:00,Swarm_B,5.094300195590278e-13,5.174412350000001e-13,517190.6104916667,2880
2024-06-19 00:00:00+00:00,Swarm_B,4.998591419131945e-13,5.0558112e-13,516991.48152916663,2880
2024-06-20 00:00:00+00:00,Swarm_B,4.844450845694445e-13,4.990661800000001e-13,516870.041946875,2880
2024-06-21 00:00:00+00:00,Swarm_B,4.579812969895834e-13,4.6299648e-13,516902.98775104166,2880
2024-06-22 00:00:00+00:00,Swarm_B,4.4312297792361114e-13,4.41883825e-13,516834.10093472217,2880
2024-06-23 00:00:00+00:00,Swarm_B,4.939099141666667e-13,4.85571325e-13,517079.55617465277,2880
2024-06-24 00:00:00+00:00,Swarm_B,5.028233995590277e-13,5.031546449999999e-13,516952.35415173613,2880
2024-06-25 00:00:00+00:00,Swarm_B,5.863860476423611e-13,5.823959450000001e-13,516757.81512291665,2880
2024-06-26 00:00:00+00:00,Swarm_B,6.513510032256945e-13,6.4052513e-13,516807.4273361111,2880
2024-06-27 00:00:00+00:00,Swarm_B,6.482200293923611e-13,6.201958850000001e-13,516706.5527204861,2880
2024-06-28 00:00:00+00:00,Swarm_B,9.221292038715278e-13,9.115520049999999e-13,516919.57781736116,2880
2024-06-29 00:00:00+00:00,Swarm_B,7.448834227847222e-13,7.06988375e-13,516872.16006111115,2880
2024-06-30 00:00:00+00:00,Swarm_B,7.312220428159722e-13,6.90470455e-13,516620.5230083333,2880
2024-07-01 00:00:00+00:00,Swarm_B,6.892949247326388e-13,6.5643544e-13,516667.394003125,2880
2024-07-02 00:00:00+00:00,Swarm_B,6.323812887916667e-13,5.815521900000001e-13,516554.4198194444,2880
2024-07-03 00:00:00+00:00,Swarm_B,6.101613272534723e-13,5.55847845e-13,516730.30555208336,2880
2024-07-04 00:00:00+00:00,Swarm_B,6.432420348298611e-13,5.90204335e-13,516776.4916013889,2880
2024-07-05 00:00:00+00:00,Swarm_B,6.569090802916666e-13,6.1086861e-13,516496.4022135417,2880
2024-07-06 00:00:00+00:00,Swarm_B,5.746223392847222e-13,5.226182e-13,516542.7851010417,2880
2024-07-07 00:00:00+00:00,Swarm_B,5.812631169652778e-13,5.23542515e-13,516452.00734999997,2880
2024-07-08 00:00:00+00:00,Swarm_B,6.095559709236111e-13,5.416962599999999e-13,516569.47703680553,2880
2024-07-09 00:00:00+00:00,Swarm_B,5.775887991423611e-13,5.0960833e-13,516683.3449739584,2880
2024-07-10 00:00:00+00:00,Swarm_B,5.976020672986111e-13,5.174595e-13,516394.25550798606,2880
2024-07-11 00:00:00+00:00,Swarm_B,6.235149467152778e-13,5.4326738e-13,516411.28079826385,2880
2024-07-12 00:00:00+00:00,Swarm_B,6.412938466006945e-13,5.42370345e-13,516345.0295236111,2880
2024-07-13 00:00:00+00:00,Swarm_B,6.656264569201389e-13,5.53270845e-13,516414.66825659724,2880
2024-07-14 00:00:00+00:00,Swarm_B,7.5689435453125e-13,6.33796675e-13,516583.578240625,2880
2024-07-15 00:00:00+00:00,Swarm_B,7.867290236631944e-13,6.72898375e-13,516290.69218090276,2880
2024-07-16 00:00:00+00:00,Swarm_B,9.568366561979166e-13,8.21409845e-13,516252.4372684028,2880
2024-07-17 00:00:00+00:00,Swarm_B,9.363609743402778e-13,8.0851625e-13,516198.40156006947,2880
2024-07-18 00:00:00+00:00,Swarm_B,9.111565937152778e-13,7.6726796e-13,516209.46288888884,2880
2024-07-19 00:00:00+00:00,Swarm_B,9.161528828576388e-13,7.65906925e-13,516412.4371420139,2880
2024-07-20 00:00:00+00:00,Swarm_B,9.331553570312499e-13,8.0160697e-13,516140.84905937494,2880
2024-07-21 00:00:00+00:00,Swarm_B,8.880246867708333e-13,7.414140950000001e-13,516066.2176208333,2880
2024-07-22 00:00:00+00:00,Swarm_B,9.620859979826389e-13,8.289473549999999e-13,516035.63346770837,2880
2024-07-23 00:00:00+00:00,Swarm_B,7.689052366180555e-13,6.3466422e-13,516001.13202048617,2880
2024-07-24 00:00:00+00:00,Swarm_B,7.479303239479167e-13,6.134518399999999e-13,516234.169915625,2880
2024-07-25 00:00:00+00:00,Swarm_B,7.0128777996875e-13,5.922524300000001e-13,516001.72514305555,2880
2024-07-26 00:00:00+00:00,Swarm_B,8.579837677499999e-13,7.478054849999999e-13,515892.6910118056,2880
2024-07-27 00:00:00+00:00,Swarm_B,7.381213575347221e-13,6.19612115e-13,515897.08396145835,2880
2024-07-28 00:00:00+00:00,Swarm_B,6.625296294166667e-13,5.4250029e-13,515846.25871597225,2880
2024-07-29 00:00:00+00:00,Swarm_B,6.665763472236111e-13,5.347694300000001e-13,516087.29582777777,2880
2024-07-30 00:00:00+00:00,Swarm_B,8.284847923993055e-13,7.20418155e-13,515880.92981319444,2880
2024-07-31 00:00:00+00:00,Swarm_B,7.949233461493055e-13,6.57849265e-13,515733.54114166665,2880
2024-08-01 00:00:00+00:00,Swarm_B,9.240158616388888e-13,7.7446266e-13,515750.14376979164,2880
2024-08-02 00:00:00+00:00,Swarm_B,8.345095580312499e-13,6.978323649999999e-13,515674.9970628472,2880
2024-08-03 00:00:00+00:00,Swarm_B,8.9421403084375e-13,7.446304500000001e-13,515918.44471180555,2880
2024-08-04 00:00:00+00:00,Swarm_B,1.1963055213993056e-12,1.04980195e-12,515738.3245916667,2880
2024-08-05 00:00:00+00:00,Swarm_B,9.712529278472223e-13,8.2692953e-13,515544.3948090278,2880
2024-08-06 00:00:00+00:00,Swarm_B,8.998514328993056e-13,7.0448555e-13,515564.2403090277,2880
2024-08-07 00:00:00+00:00,Swarm_B,9.975341920590278e-13,7.84562105e-13,515469.93163055554,2880
2024-08-08 00:00:00+00:00,Swarm_B,1.1437843778819444e-12,9.1070267e-13,515704.4923197917,2880
2024-08-09 00:00:00+00:00,Swarm_B,1.287032794121528e-12,1.02277065e-12,515545.26046458335,2880
2024-08-10 00:00:00+00:00,Swarm_B,1.4915327353506945e-12,1.2090423e-12,515326.27939201385,2880
2024-08-11 00:00:00+00:00,Swarm_B,1.7482788878888888e-12,1.4949938e-12,515331.4070274306,2880
2024-08-12 00:00:00+00:00,Swarm_B,2.4409161719479167e-12,2.1756787e-12,515176.57572812494,2880
2024-08-13 00:00:00+00:00,Swarm_B,1.6295092198819445e-12,1.3967027999999999e-12,515360.7895708333,2880
2024-08-14 00:00:00+00:00,Swarm_B,1.4413759763750001e-12,1.1422092e-12,515208.11546180554,2880
2024-08-15 00:00:00+00:00,Swarm_B,1.3547741394027778e-12,1.0850794000000001e-12,514975.4100472223,2880
2024-08-16 00:00:00+00:00,Swarm_B,1.4329550333159724e-12,1.1486654e-12,514994.6591076389,2880
2024-08-17 00:00:00+00:00,Swarm_B,1.4067423800729168e-12,1.189829e-12,514876.14183298615,2880
2024-08-18 00:00:00+00:00,Swarm_B,1.448159939454861e-12,1.20258165e-12,515088.04092083336,2880
2024-08-19 00:00:00+00:00,Swarm_B,1.2830973762673612e-12,1.05007655e-12,514939.3917163194,2880
2024-08-20 00:00:00+00:00,Swarm_B,1.3389889758645834e-12,1.1012774e-12,514701.20612812496,2880
2024-08-21 00:00:00+00:00,Swarm_B,1.2066242116805554e-12,9.707021300000002e-13,514723.2987097222,2880
2024-08-22 00:00:00+00:00,Swarm_B,1.1747480515694445e-12,9.3521458e-13,514614.1299291667,2880
2024-08-23 00:00:00+00:00,Swarm_B,1.0667928427743055e-12,8.280807099999999e-13,514847.31404826394,2880
2024-08-24 00:00:00+00:00,Swarm_B,1.1438691655208333e-12,9.15870875e-13,514704.14026527776,2880
2024-08-25 00:00:00+00:00,Swarm_B,1.0312032324930555e-12,8.262689500000001e-13,514483.2181319445,2880
2024-08-26 00:00:00+00:00,Swarm_B,1.0497067670034723e-12,8.18629305e-13,514504.7147795139,2880
2024-08-27 00:00:00+00:00,Swarm_B,1.1206182726145833e-12,8.73995235e-13,514400.66372395837,2880
2024-08-28 00:00:00+00:00,Swarm_B,1.5187927835347224e-12,1.32419765e-12,514629.16513576393,2880
2024-08-29 00:00:00+00:00,Swarm_B,1.1978861743576388e-12,9.7360548e-13,514455.55905833334,2880
2024-08-30 00:00:00+00:00,Swarm_B,1.419639712857639e-12,1.22339465e-12,514248.7294694444,2880
2024-08-31 00:00:00+00:00,Swarm_B,1.5374385319618056e-12,1.31589985e-12,514252.0745631945,2880
2024-09-01 00:00:00+00:00,Swarm_B,1.4159314295868054e-12,1.12943555e-12,514140.066809375,2880
2024-09-02 00:00:00+00:00,Swarm_B,1.3818298882743056e-12,1.0684209000000001e-12,514364.6589166667,2880
2024-09-03 00:00:00+00:00,Swarm_B,1.5003793046944444e-12,1.1926497e-12,514154.4638381945,2880
2024-09-04 00:00:00+00:00,Swarm_B,1.6193687371458335e-12,1.31349385e-12,513959.0706607639,2880
2024-09-05 00:00:00+00:00,Swarm_B,1.635221274392361e-12,1.2619099e-12,513947.73953229166,2880
2024-09-06 00:00:00+00:00,Swarm_B,1.5829209715416665e-12,1.1948556e-12,513856.33974861115,2880
2024-09-07 00:00:00+00:00,Swarm_B,1.6171371737604168e-12,1.2411962e-12,514075.6143729167,2880
2024-09-08 00:00:00+00:00,Swarm_B,1.6252547043680555e-12,1.30619185e-12,513815.3902940972,2880
2024-09-09 00:00:00+00:00,Swarm_B,1.7104261103229166e-12,1.37047515e-12,513645.1159263889,2880
2024-09-10 00:00:00+00:00,Swarm_B,1.548471234065972e-12,1.1985846e-12,513612.1367920139,2880
2024-09-11 00:00:00+00:00,Swarm_B,1.4378660754722222e-12,1.1026771e-12,513559.00453298615,2880
2024-09-12 00:00:00+00:00,Swarm_B,2.05498629259375e-12,1.95863605e-12,513766.747534375,2880
2024-09-13 00:00:00+00:00,Swarm_B,1.8041901463368055e-12,1.57886645e-12,513450.6463736111,2880
2024-09-14 00:00:00+00:00,Swarm_B,1.3728160443333333e-12,1.1849703000000001e-12,513336.94506631943,2880
2024-09-15 00:00:00+00:00,Swarm_B,1.2365264887256944e-12,1.0335197e-12,513283.9165118055,2880
2024-09-16 00:00:00+00:00,Swarm_B,1.2274317534893616e-12,1.07078635e-12,513413.95503156027,2820
2024-09-17 00:00:00+00:00,Swarm_B,1.5652943544375e-12,1.4696334e-12,513465.90786944446,2880
2024-09-18 00:00:00+00:00,Swarm_B,9.70489831295139e-13,7.89972825e-13,513143.9688590277,2880
2024-09-19 00:00:00+00:00,Swarm_B,1.0665892302357144e-12,9.5580714e-13,513177.29180785717,2800
2024-09-20 00:00:00+00:00,Swarm_B,8.780427797708333e-13,7.23720315e-13,513044.51002395834,2880
2024-09-21 00:00:00+00:00,Swarm_B,8.280934421560283e-13,6.67717355e-13,513255.55650851066,2820
2024-09-22 00:00:00+00:00,Swarm_B,8.613866010347222e-13,7.04255335e-13,513255.7994423611,2880
2024-09-23 00:00:00+00:00,Swarm_B,1.014306503236111e-12,9.259699050000001e-13,512930.597215625,2880
2024-09-24 00:00:00+00:00,Swarm_B,1.1659405739444445e-12,9.8727908e-13,512940.5934993056,2880
2024-09-25 00:00:00+00:00,Swarm_B,1.3969932034930556e-12,1.2554627e-12,512832.96415069443,2880
2024-09-26 00:00:00+00:00,Swarm_B,1.2760601693888888e-12,1.07375745e-12,512962.39573819446,2880
2024-09-27 00:00:00+00:00,Swarm_B,1.254716912642361e-12,1.0453714e-12,512997.2447513889,2880
2024-09-28 00:00:00+00:00,Swarm_B,1.2987579958541668e-12,1.12492245e-12,512670.62234375,2880
2024-09-29 00:00:00+00:00,Swarm_B,1.4869935982638888e-12,1.29477445e-12,512692.0729614583,2880
2024-09-30 00:00:00+00:00,Swarm_B,1.527526181548611e-12,1.2827070499999998e-12,512556.71232638886,2880
2024-10-01 00:00:00+00:00,Swarm_B,1.532195128888889e-12,1.26272185e-12,512746.30903125,2880
2024-10-02 00:00:00+00:00,Swarm_B,1.6093467303541666e-12,1.3590678000000001e-12,512655.20920312504,2880
2024-10-03 00:00:00+00:00,Swarm_B,1.7361290204444446e-12,1.48487685e-12,512375.1536052083,2880
2024-10-04 00:00:00+00:00,Swarm_B,1.833754789965278e-12,1.61303615e-12,512379.8371034722,2880
2024-10-05 00:00:00+00:00,Swarm_B,1.7182206194027779e-12,1.4998331e-12,512238.33435729163,2880
2024-10-06 00:00:00+00:00,Swarm_B,1.6715637303576389e-12,1.5575607500000001e-12,512460.43060277775,2880
2024-10-07 00:00:00+00:00,Swarm_B,2.07861347e-12,1.96936185e-12,512232.0734503472,2880
2024-10-08 00:00:00+00:00,Swarm_B,1.9938243243090277e-12,1.9373666e-12,512024.0346458333,2880
2024-10-09 00:00:00+00:00,Swarm_B,1.422009611076389e-12,1.3100557000000001e-12,512003.6397267362,2880
2024-10-10 00:00:00+00:00,Swarm_B,1.6932939437222222e-12,1.43843175e-12,511945.4706309028,2880
2024-10-11 00:00:00+00:00,Swarm_B,2.2588116611944443e-12,2.3277006e-12,512114.5996934028,2880
2024-10-12 00:00:00+00:00,Swarm_B,9.815644982986111e-13,9.052077050000001e-13,511801.7130597222,2880
2024-10-13 00:00:00+00:00,Swarm_B,8.948063243020834e-13,8.09449995e-13,511747.6002708333,2880
2024-10-14 00:00:00+00:00,Swarm_B,8.988426754895833e-13,8.53308575e-13,511693.3154979167,2880
2024-10-15 00:00:00+00:00,Swarm_B,1.0560952625277778e-12,1.02479325e-12,511760.7777291666,2880
2024-10-16 00:00:00+00:00,Swarm_B,1.0814535615520834e-12,1.0828959e-12,511893.29742465273,2880
2024-10-17 00:00:00+00:00,Swarm_B,9.94007812439394e-13,9.3966593e-13,511634.38722954545,2640
2024-10-18 00:00:00+00:00,Swarm_B,1.01619985728125e-12,1.0028947e-12,511622.43316666665,2880
2024-10-19 00:00:00+00:00,Swarm_B,1.1405181434097222e-12,1.1181084499999999e-12,511504.18533020833,2880
2024-10-20 00:00:00+00:00,Swarm_B,9.234612491284722e-13,9.03167165e-13,511686.90537256945,2880
2024-10-21 00:00:00+00:00,Swarm_B,8.861149160868055e-13,8.643932699999999e-13,511667.8020809028,2880
2024-10-22 00:00:00+00:00,Swarm_B,1.0916243416527779e-12,1.0915012e-12,511397.224240625,2880
2024-10-23 00:00:00+00:00,Swarm_B,1.10263182696875e-12,1.0673081e-12,511429.7531461806,2880
2024-10-24 00:00:00+00:00,Swarm_B,1.1917743909409722e-12,1.1809093e-12,511307.80101111106,2880
2024-10-25 00:00:00+00:00,Swarm_B,1.0866119643923611e-12,1.05534995e-12,511553.8718284722,2880
2024-10-26 00:00:00+00:00,Swarm_B,1.3383243141527777e-12,1.3083955499999998e-12,511350.11323333334,2880
2024-10-27 00:00:00+00:00,Swarm_B,1.5889456776388889e-12,1.56612395e-12,511175.96847534727,2880
2024-10-28 00:00:00+00:00,Swarm_B,1.578124129548611e-12,1.5513322500000001e-12,511144.6577447917,2880
2024-10-29 00:00:00+00:00,Swarm_B,1.5348287013888888e-12,1.5272580500000002e-12,511097.52476736106,2880
2024-10-30 00:00:00+00:00,Swarm_B,1.6480655180208333e-12,1.6319983e-12,511286.42079305556,2880
2024-10-31 00:00:00+00:00,Swarm_B,1.6114135838194445e-12,1.6293416000000001e-12,510942.2065076389,2880
2024-11-01 00:00:00+00:00,Swarm_B,1.6781903390277779e-12,1.6970476000000002e-12,510892.2756253473,2880
2024-11-02 00:00:00+00:00,Swarm_B,1.738769496354167e-12,1.75130285e-12,510777.82379027776,2880
2024-11-03 00:00:00+00:00,Swarm_B,1.6999659940277778e-12,1.67615205e-12,510873.56292604166,2880
2024-11-04 00:00:00+00:00,Swarm_B,1.6397700982291667e-12,1.651674e-12,510907.51711562497,2880
2024-11-05 00:00:00+00:00,Swarm_B,1.5192117001041667e-12,1.50842745e-12,510570.3178277778,2880
2024-11-06 00:00:00+00:00,Swarm_B,1.5887874038194445e-12,1.6124325e-12,510582.24045625,2880
2024-11-07 00:00:00+00:00,Swarm_B,1.4146732233854169e-12,1.40301275e-12,510446.16628541664,2880
2024-11-08 00:00:00+00:00,Swarm_B,1.3958691996493054e-12,1.37582195e-12,510678.3851486111,2880
2024-11-09 00:00:00+00:00,Swarm_B,1.7616895322569444e-12,1.77300685e-12,510490.9202989583,2880
2024-11-10 00:00:00+00:00,Swarm_B,1.388163679201389e-12,1.3492172e-12,510290.7012756945,2880
2024-11-11 00:00:00+00:00,Swarm_B,1.1218972308368056e-12,1.0785600999999999e-12,510270.64321701386,2880
2024-11-12 00:00:00+00:00,Swarm_B,9.286780709444445e-13,8.88762025e-13,510238.244375,2880
2024-11-13 00:00:00+00:00,Swarm_B,8.859245484756944e-13,8.39794525e-13,510466.5724434028,2880
2024-11-14 00:00:00+00:00,Swarm_B,8.728941992812501e-13,8.4289201e-13,510150.9505277778,2880
2024-11-15 00:00:00+00:00,Swarm_B,9.13811588434028e-13,8.6819348e-13,510140.8686809028,2880
2024-11-16 00:00:00+00:00,Swarm_B,7.851403147951388e-13,7.6086991e-13,510049.9712628472,2880
2024-11-17 00:00:00+00:00,Swarm_B,6.771364005104166e-13,6.15090985e-13,510207.1069631944,2880
2024-11-18 00:00:00+00:00,Swarm_B,7.242045953680556e-13,6.4978517e-13,510239.37227222224,2880
2024-11-19 00:00:00+00:00,Swarm_B,8.595536932916666e-13,7.840167250000001e-13,509949.82585069444,2880
2024-11-20 00:00:00+00:00,Swarm_B,9.23126152486111e-13,8.48802035e-13,509997.7445552083,2880
2024-11-21 00:00:00+00:00,Swarm_B,9.298768412152777e-13,8.557726550000001e-13,509896.75538993056,2880
2024-11-22 00:00:00+00:00,Swarm_B,1.0524906846979167e-12,9.587910200000001e-13,510156.5617451389,2880
2024-11-23 00:00:00+00:00,Swarm_B,1.0943254878159722e-12,9.8311867e-13,509925.80734548613,2880
2024-11-24 00:00:00+00:00,Swarm_B,1.1124184393993056e-12,9.9936337e-13,509788.9460357639,2880
2024-11-25 00:00:00+00:00,Swarm_B,1.2956732827083333e-12,1.16852115e-12,509746.3178395833,2880
2024-11-26 00:00:00+00:00,Swarm_B,1.2273939841249999e-12,1.0723344e-12,509770.71341319446,2880
2024-11-27 00:00:00+00:00,Swarm_B,1.2424116896805557e-12,1.09467295e-12,509929.05435972224,2880
2024-11-28 00:00:00+00:00,Swarm_B,1.290328233076389e-12,1.12184895e-12,509580.62511527777,2880
2024-11-29 00:00:00+00:00,Swarm_B,1.32289979984375e-12,1.1869811e-12,509593.95063888887,2880
2024-11-30 00:00:00+00:00,Swarm_B,1.3596952672534722e-12,1.1945579500000001e-12,509455.688925,2880
