datetime,lat_deg,resid_H1_m,resid_H2_km,resid_H3_km
2024-07-01 11:20:23+00:00,81.24025726318358,-14.123437355272472,20.852049962317324,13.715049962317607
2024-07-01 11:30:23+00:00,46.70041275024414,58.43386580888182,11.295802026022102,4.158802026022386
2024-07-01 11:40:24+00:00,8.841400146484375,52.19148123823106,0.5268876153177189,-6.610112384681997
2024-07-01 11:50:24+00:00,-29.12374687194824,-6.091552881523967,5.022409368432818,-2.114590631566898
2024-07-01 12:00:24+00:00,-66.25137329101562,-80.21605160925537,17.80226408483577,10.665264084836053
2024-07-01 12:10:24+00:00,-73.22125244140625,-146.44648113194853,19.5053425431106,12.368342543110884
2024-07-01 12:20:24+00:00,-36.70940399169922,-140.0927694113925,7.449528508649564,0.31252850864984794
2024-07-01 12:30:24+00:00,1.06100332736969,-91.76810076553375,-0.14399346240406885,-7.280993462403785
2024-07-01 12:40:24+00:00,38.891693115234375,-61.425585745833814,8.296402238450355,1.1594022384506388
2024-07-01 12:50:24+00:00,75.33544158935547,-35.48787249904126,19.972985496539877,12.835985496540161
2024-07-01 13:00:24+00:00,63.71847534179688,-22.92258839868009,17.07644933254869,9.939449332548975
2024-07-01 13:10:24+00:00,26.22369384765625,-66.74180500488728,4.069803432660592,-3.067196567339124
2024-07-01 13:20:24+00:00,-11.79428005218506,-113.30807583872229,0.7891697901495718,-6.3478302098501445
2024-07-01 13:30:25+00:00,-49.48231506347656,-120.56695411447436,12.194902035660562,5.057902035660845
2024-07-01 13:40:25+00:00,-82.28028106689453,-84.40623347368091,20.949219857664502,13.812219857664786
2024-07-01 13:50:25+00:00,-53.75031661987305,-17.62992008496076,13.872180750326152,6.735180750326435
2024-07-01 14:00:25+00:00,-16.26751708984375,63.38965169619769,1.6934460367438078,-5.4435539632559085
2024-07-01 14:10:25+00:00,21.622020721435547,91.30660020466894,2.950221235180834,-4.186778764818882
2024-07-01 14:20:25+00:00,59.11911010742188,41.49734261073172,15.787845169651519,8.650845169651802
2024-07-01 14:30:25+00:00,79.18289947509764,-12.068612031638622,20.583146231283536,13.446146231284729
2024-07-01 14:40:25+00:00,43.57244491577149,-101.52023249305785,10.02195055732318,2.8849505573234637
2024-07-01 14:50:25+00:00,5.6058549880981445,-121.3564343014732,0.0975092909857267,-7.0394907090139895
2024-07-01 15:00:26+00:00,-32.333866119384766,-111.52048763539642,5.945771872577097,-1.1912281274226189
2024-07-01 15:10:26+00:00,-69.27320861816406,-72.24109910428524,18.632895615676716,11.495895615677
2024-07-01 15:20:26+00:00,-70.30216217041016,-3.1176076661795378,18.972140990712433,11.835140990712716
2024-07-01 15:30:26+00:00,-33.51959609985352,88.72313558869064,6.610953249708473,-0.5260467502912434
2024-07-01 15:40:26+00:00,4.2811384201049805,173.97431688476354,0.2919118719710241,-6.845088128028692
2024-07-01 15:50:26+00:00,42.08050155639648,177.26146633457392,9.802237499486182,2.665237499486466
2024-07-01 16:00:26+00:00,77.99627685546875,151.76839160732925,20.601067633704588,13.464067633704872
2024-07-01 16:10:26+00:00,60.61834716796875,65.42312861792743,16.293971688682177,9.15697168868246
2024-07-01 16:20:26+00:00,23.070638656616207,-31.45919680316001,3.2530114437167867,-3.8839885562829295
2024-07-01 16:30:26+00:00,-15.012969970703123,-82.96973621472716,1.3476047647855012,-5.789395235214215
2024-07-01 16:40:27+00:00,-52.6302604675293,-122.083221510984,13.355458614478266,6.21845861447855
2024-07-01 16:50:27+00:00,-82.51455688476561,-76.12517995014787,20.9879093796917,13.850909379691984
2024-07-01 17:00:27+00:00,-50.61546325683594,29.249803739599884,12.753977046108957,5.616977046109241
2024-07-01 17:10:27+00:00,-13.062497138977053,122.73719247151166,1.2714568717110524,-5.865543128288664
2024-07-01 17:20:27+00:00,24.82677459716797,216.68700656108558,4.014543437298926,-3.1224565627007905
2024-07-01 17:40:27+00:00,76.66893768310547,214.75306898076087,20.44256261013652,13.305562610137713
2024-07-01 17:50:27+00:00,40.39001083374024,79.46542523708194,9.038339088608154,1.901339088608438
2024-07-01 18:00:27+00:00,2.452996730804444,-65.21348858717829,-0.0024486866968800314,-7.139448686696596
2024-07-01 18:10:28+00:00,-35.51725769042969,-177.0232400726527,7.014698571038025,-0.12230142896169127
2024-07-01 18:20:28+00:00,-72.20952606201173,-201.86548563744873,19.226478689932264,12.089478689932548
2024-07-01 18:30:28+00:00,-67.3234634399414,-116.82339971326292,18.050620292353415,10.913620292353698
2024-07-01 18:40:28+00:00,-30.339242935180664,4.161940180696547,5.41604404937334,-1.7209559506263759
2024-07-01 18:50:28+00:00,7.4901299476623535,114.11287515517324,0.5301810405444485,-6.606818959455268
2024-07-01 19:50:28+00:00,-55.76017761230469,-146.7676012897864,14.45529944176451,7.318299441764793
2024-07-01 20:00:29+00:00,-81.46612548828125,-113.49364738725126,20.810539693289684,13.673539693289968
2024-07-01 20:10:29+00:00,-47.470611572265625,-30.23248472902924,11.497110637607875,4.360110637608159
2024-07-01 20:20:29+00:00,-9.855796813964846,32.083611824549735,0.6691442463306885,-6.467855753669028
2024-07-01 20:30:29+00:00,28.03068733215332,82.31430129986256,4.761055405665502,-2.3759445943342143
2024-07-01 20:40:29+00:00,65.30491638183594,77.86147801205516,17.668084828564133,10.531084828564417
2024-07-01 20:50:29+00:00,73.89562225341797,11.30307494662702,19.74561433294366,12.608614332943944
2024-07-01 21:00:29+00:00,37.18551635742188,-91.16941957268864,7.702496653689195,0.565496653689479
2024-07-01 21:10:29+00:00,-0.7811833620071411,-158.7998408358544,-0.17055616189554712,-7.307556161895263
2024-07-01 21:20:29+00:00,-38.71258544921875,-173.4648793125525,8.14040828900761,1.0034082890078935
2024-07-01 21:30:29+00:00,-75.05553436279298,-130.49702523462474,19.879127999153752,12.742127999154036
2024-07-01 21:40:30+00:00,-64.279296875,-29.845767056569457,17.279353427244132,10.142353427244416
2024-07-01 21:50:30+00:00,-27.14119911193848,54.815242039971054,4.445913754232606,-2.69108624576711
2024-07-01 22:00:30+00:00,10.710626602172852,88.88607300724834,0.7989943876864345,-6.338005612313282
2024-07-01 22:10:30+00:00,48.4329490661621,57.53388029988855,11.936733813065075,4.799733813065359
2024-07-01 22:20:30+00:00,81.99209594726561,-39.48424299899489,20.90965575293194,13.772655752932224
2024-07-01 22:30:30+00:00,54.339458465576165,-169.57383932266384,13.89794882190381,6.760948821904094
2024-07-01 22:40:30+00:00,16.617168426513672,-236.7241779770702,1.492392575244594,-5.644607424755122
2024-07-01 22:50:30+00:00,-21.39268493652344,-215.22018165234476,2.548733088879999,-4.588266911119717
2024-07-01 23:00:30+00:00,-58.89494323730469,-135.62526737805456,15.542938046275594,8.405938046275878
2024-07-01 23:10:31+00:00,-79.50334167480467,-22.10907270014286,20.64431359793616,13.507313597936445
2024-07-01 23:20:31+00:00,-44.297019958496094,83.81684212107211,10.448665974395226,3.311665974396419
2024-07-01 23:30:31+00:00,-6.629875183105469,128.0807501040399,0.3954229030159695,-6.741577096983747
2024-07-01 23:40:31+00:00,31.246564865112305,93.35664130095392,5.779408017876449,-1.3575919821232674
2024-07-01 23:50:31+00:00,68.36024475097656,-24.569515422917902,18.381775200853554,11.244775200854747
