datetime,panel,E_J2_Jkg,roll_median_Jkg,threshold_lo_Jkg,threshold_hi_Jkg,removed
2024-10-25 00:05:10+00:00,oct25,-29103258.40627908,-29103711.68893488,-29106651.322612483,-29100772.05525728,False
2024-10-25 00:15:10+00:00,oct25,-29103021.84927113,-29103711.68893488,-29106651.322612483,-29100772.05525728,False
2024-10-25 00:25:10+00:00,oct25,-29103680.261804413,-29103711.68893488,-29106651.322612483,-29100772.05525728,False
2024-10-25 00:35:10+00:00,oct25,-29103951.37668691,-29103844.61610457,-29106784.24978217,-29100904.982426967,False
2024-10-25 00:45:10+00:00,oct25,-29103711.68893488,-29103844.61610457,-29106784.24978217,-29100904.982426967,False
2024-10-25 00:55:10+00:00,oct25,-29104176.03349882,-29103711.68893488,-29106651.322612483,-29100772.05525728,False
2024-10-25 01:05:10+00:00,oct25,-29102954.894010745,-29103680.261804413,-29106619.895482015,-29100740.62812681,False
2024-10-25 01:15:10+00:00,oct25,-29104124.087142333,-29103711.68893488,-29106651.322612483,-29100772.05525728,False
2024-10-25 01:25:11+00:00,oct25,-29103963.580652736,-29103825.12308628,-29106764.756763883,-29100885.48940868,False
2024-10-25 01:35:11+00:00,oct25,-29103844.61610457,-29103825.12308628,-29106764.756763883,-29100885.48940868,False
2024-10-25 01:45:11+00:00,oct25,-29103234.20794036,-29103825.12308628,-29106764.756763883,-29100885.48940868,False
2024-10-25 01:55:11+00:00,oct25,-29103262.512053013,-29103835.387142085,-29106775.020819686,-29100895.753464483,False
2024-10-25 02:05:11+00:00,oct25,-29103373.203778047,-29103835.387142085,-29106775.020819686,-29100895.753464483,False
2024-10-25 02:15:11+00:00,oct25,-29103825.12308628,-29103844.61610457,-29106784.24978217,-29100904.982426967,False
2024-10-25 02:25:11+00:00,oct25,-29104528.79374898,-29103835.387142085,-29106775.020819686,-29100895.753464483,False
2024-10-25 02:35:11+00:00,oct25,-29103322.895030186,-29103835.387142085,-29106775.020819686,-29100895.753464483,False
2024-10-25 02:45:11+00:00,oct25,-29103835.387142085,-29103835.387142085,-29106775.020819686,-29100895.753464483,False
2024-10-25 02:55:11+00:00,oct25,-29104383.03666719,-29103968.83422269,-29106908.46790029,-29101029.200545087,False
2024-10-25 03:05:12+00:00,oct25,-29104355.62513295,-29103968.83422269,-29106908.46790029,-29101029.200545087,False
2024-10-25 03:15:12+00:00,oct25,-29104020.22755101,-29103968.83422269,-29106908.46790029,-29101029.200545087,False
2024-10-25 03:25:12+00:00,oct25,-29103396.89098442,-29104020.22755101,-29106959.86122861,-29101080.593873408,False
2024-10-25 03:35:12+00:00,oct25,-29103968.83422269,-29104020.22755101,-29106959.86122861,-29101080.593873408,False
2024-10-25 03:45:12+00:00,oct25,-29104349.806392245,-29104020.22755101,-29106959.86122861,-29101080.593873408,False
2024-10-25 03:55:12+00:00,oct25,-29104771.93847064,-29104020.22755101,-29106959.86122861,-29101080.593873408,False
2024-10-25 04:05:12+00:00,oct25,-29103759.46890039,-29103980.8339246,-29106920.4676022,-29101041.200246997,False
2024-10-25 04:15:12+00:00,oct25,-29103632.08699204,-29103980.8339246,-29106920.4676022,-29101041.200246997,False
2024-10-25 04:25:12+00:00,oct25,-29104270.979824536,-29103980.8339246,-29106920.4676022,-29101041.200246997,False
2024-10-25 04:35:12+00:00,oct25,-29104359.294526316,-29103980.8339246,-29106920.4676022,-29101041.200246997,False
2024-10-25 04:45:13+00:00,oct25,-28967434.63690101,-29103980.8339246,-29106920.4676022,-29101041.200246997,True
2024-10-25 04:55:13+00:00,oct25,-29103329.23294784,-29103980.8339246,-29106920.4676022,-29101041.200246997,False
2024-10-25 05:05:13+00:00,oct25,-29103980.8339246,-29103980.8339246,-29106920.4676022,-29101041.200246997,False
2024-10-25 05:15:13+00:00,oct25,-29104840.19620037,-29104118.138126977,-29107057.77180458,-29101178.504449375,False
2024-10-25 05:25:13+00:00,oct25,-29104518.232355848,-29104118.138126977,-29107057.77180458,-29101178.504449375,False
2024-10-25 05:35:13+00:00,oct25,-29103906.56470785,-29103980.8339246,-29106920.4676022,-29101041.200246997,False
2024-10-25 05:45:13+00:00,oct25,-29103607.920453344,-29103980.8339246,-29106920.4676022,-29101041.200246997,False
2024-10-25 05:55:13+00:00,oct25,-29104118.138126977,-29104118.138126977,-29107057.77180458,-29101178.504449375,False
2024-10-25 06:05:13+00:00,oct25,-29104603.902839825,-29104322.700349823,-29107262.334027424,-29101383.06667222,False
2024-10-25 06:15:13+00:00,oct25,-29104791.73929176,-29104322.700349823,-29107262.334027424,-29101383.06667222,False
2024-10-25 06:25:14+00:00,oct25,-29103690.24027091,-29104118.138126977,-29107057.77180458,-29101178.504449375,False
2024-10-25 06:35:14+00:00,oct25,-29103640.730315305,-29104118.138126977,-29107057.77180458,-29101178.504449375,False
2024-10-25 06:45:14+00:00,oct25,-29104322.700349823,-29104322.700349823,-29107262.334027424,-29101383.06667222,False
2024-10-25 06:55:14+00:00,oct25,-29104975.56874854,-29104322.700349823,-29107262.334027424,-29101383.06667222,False
2024-10-25 07:05:14+00:00,oct25,-29104590.940363504,-29104322.700349823,-29107262.334027424,-29101383.06667222,False
2024-10-25 07:15:14+00:00,oct25,-29103630.34097848,-29104040.24315869,-29106979.876836292,-29101100.60948109,False
2024-10-25 07:25:14+00:00,oct25,-29104040.24315869,-29103952.382738117,-29106892.01641572,-29101012.749060515,False
2024-10-25 07:35:14+00:00,oct25,-29104637.6426592,-29104040.24315869,-29106979.876836292,-29101100.60948109,False
2024-10-25 07:45:14+00:00,oct25,-29104638.54142028,-29104322.700349823,-29107262.334027424,-29101383.06667222,False
2024-10-25 07:55:15+00:00,oct25,-29103950.838258527,-29104218.77946129,-29107158.413138893,-29101279.14578369,False
2024-10-25 08:05:15+00:00,oct25,-29103474.111915026,-29104040.24315869,-29106979.876836292,-29101100.60948109,False
2024-10-25 08:15:15+00:00,oct25,-29103952.382738117,-29103952.382738117,-29106892.01641572,-29101012.749060515,False
2024-10-25 08:55:15+00:00,oct25,-29103641.197655763,-29104040.24315869,-29106979.876836292,-29101100.60948109,False
2024-05-10 00:00:21+00:00,gannon,-28966157.762285665,-28965931.942277357,-28968871.57595496,-28962992.308599755,False
2024-05-10 00:10:21+00:00,gannon,-28965677.184482142,-28965767.054813992,-28968706.688491594,-28962827.42113639,False
2024-05-10 00:20:21+00:00,gannon,-28965295.56988865,-28965677.184482142,-28968616.818159744,-28962737.55080454,False
2024-05-10 00:30:21+00:00,gannon,-28965376.66870058,-28965677.184482142,-28968616.818159744,-28962737.55080454,False
2024-05-10 00:40:21+00:00,gannon,-28965767.054813992,-28965677.184482142,-28968616.818159744,-28962737.55080454,False
2024-05-10 00:50:21+00:00,gannon,-28965547.18795951,-28965677.184482142,-28968616.818159744,-28962737.55080454,False
2024-05-10 01:00:21+00:00,gannon,-28966043.45238806,-28965624.351155948,-28968563.98483355,-28962684.717478346,False
2024-05-10 01:10:21+00:00,gannon,-28965283.800515845,-28965624.351155948,-28968563.98483355,-28962684.717478346,False
2024-05-10 01:20:21+00:00,gannon,-28965624.351155948,-28965624.351155948,-28968563.98483355,-28962684.717478346,False
2024-05-10 01:30:21+00:00,gannon,-28966311.56204094,-28965625.948658597,-28968565.5823362,-28962686.314980995,False
2024-05-10 01:40:21+00:00,gannon,-28966040.952436067,-28965629.91238013,-28968569.54605773,-28962690.278702527,False
2024-05-10 01:50:22+00:00,gannon,-28965403.400007837,-28965629.91238013,-28968569.54605773,-28962690.278702527,False
2024-05-10 02:00:22+00:00,gannon,-28965517.024648376,-28965678.479379795,-28968618.113057397,-28962738.845702194,False
2024-05-10 02:10:22+00:00,gannon,-28965625.948658597,-28965678.479379795,-28968618.113057397,-28962738.845702194,False
2024-05-10 02:20:22+00:00,gannon,-28965872.70215784,-28965861.919616275,-28968801.553293876,-28962922.285938673,False
2024-05-10 02:30:22+00:00,gannon,-28965861.919616275,-28965861.919616275,-28968801.553293876,-28962922.285938673,False
2024-05-10 02:40:22+00:00,gannon,-28965629.91238013,-28965678.479379795,-28968618.113057397,-28962738.845702194,False
2024-05-10 02:50:22+00:00,gannon,-28965678.479379795,-28965678.479379795,-28968618.113057397,-28962738.845702194,False
2024-05-10 03:00:22+00:00,gannon,-28966214.73077608,-28965861.919616275,-28968801.553293876,-28962922.285938673,False
2024-05-10 03:10:22+00:00,gannon,-28966157.89623797,-28965872.70215784,-28968812.335835442,-28962933.06848024,False
2024-05-10 03:20:23+00:00,gannon,-28966130.825041223,-28965872.70215784,-28968812.335835442,-28962933.06848024,False
2024-05-10 03:30:23+00:00,gannon,-28965526.981823057,-28965974.1949519,-28968913.8286295,-28963034.561274298,False
2024-05-10 03:40:23+00:00,gannon,-28965615.36909663,-28965974.1949519,-28968913.8286295,-28963034.561274298,False
2024-05-10 03:50:23+00:00,gannon,-28966328.79676077,-28966085.88389597,-28969025.517573573,-28963146.25021837,False
2024-05-10 04:00:23+00:00,gannon,-28966405.06481633,-28966085.88389597,-28969025.517573573,-28963146.25021837,False
2024-05-10 04:10:23+00:00,gannon,-28965974.1949519,-28965974.1949519,-28968913.8286295,-28963034.561274298,False
2024-05-10 04:20:23+00:00,gannon,-28965359.405973256,-28965974.1949519,-28968913.8286295,-28963034.561274298,False
2024-05-10 04:30:23+00:00,gannon,-28966105.6153244,-28965974.1949519,-28968913.8286295,-28963034.561274298,False
2024-05-10 04:40:23+00:00,gannon,-28965941.24684463,-28965974.1949519,-28968913.8286295,-28963034.561274298,False
2024-05-10 04:50:23+00:00,gannon,-28966085.88389597,-28965974.1949519,-28968913.8286295,-28963034.561274298,False
2024-05-10 05:00:24+00:00,gannon,-28965870.159023687,-28965941.24684463,-28968880.880522233,-28963001.61316703,False
2024-05-10 05:10:24+00:00,gannon,-28965328.243332885,-28965941.24684463,-28968880.880522233,-28963001.61316703,False
2024-05-10 05:20:24+00:00,gannon,-28966390.1839228,-28965941.24684463,-28968880.880522233,-28963001.61316703,False
2024-05-10 05:30:24+00:00,gannon,-28967396.010374125,-28965956.658486325,-28968896.292163927,-28963017.024808723,False
2024-05-10 05:40:24+00:00,gannon,-28965922.96531936,-28965941.24684463,-28968880.880522233,-28963001.61316703,False
2024-05-10 05:50:24+00:00,gannon,-28965527.919721395,-28965922.96531936,-28968862.598996963,-28962983.33164176,False
2024-05-10 06:00:24+00:00,gannon,-28965612.362385616,-28965922.96531936,-28968862.598996963,-28962983.33164176,False
2024-05-10 06:10:24+00:00,gannon,-28966237.85582237,-28965956.658486325,-28968896.292163927,-28963017.024808723,False
2024-05-10 06:20:24+00:00,gannon,-28966581.08490065,-28965956.658486325,-28968896.292163927,-28963017.024808723,False
2024-05-10 06:30:24+00:00,gannon,-28965956.658486325,-28965922.96531936,-28968862.598996963,-28962983.33164176,False
2024-05-10 06:40:25+00:00,gannon,-28965362.582725424,-28965922.96531936,-28968862.598996963,-28962983.33164176,False
2024-05-10 06:50:25+00:00,gannon,-28965771.894589026,-28965956.658486325,-28968896.292163927,-28963017.024808723,False
2024-05-10 07:00:25+00:00,gannon,-28967033.66696931,-28966237.85582237,-28969177.48949997,-28963298.222144768,False
2024-05-10 07:10:25+00:00,gannon,-28966661.5708738,-28966237.85582237,-28969177.48949997,-28963298.222144768,False
2024-05-10 07:20:25+00:00,gannon,-28965721.334474355,-28965956.658486325,-28968896.292163927,-28963017.024808723,False
2024-05-10 07:30:25+00:00,gannon,-28965521.623478446,-28965771.894589026,-28968711.528266627,-28962832.260911424,False
2024-05-10 07:40:25+00:00,gannon,-28966426.035380032,-28965771.894589026,-28968711.528266627,-28962832.260911424,False
2024-05-10 07:50:25+00:00,gannon,-28966572.487611167,-28966289.106809422,-28969228.740487024,-28963349.47313182,False
2024-05-10 08:00:25+00:00,gannon,-28966289.106809422,-28966336.68886034,-28969276.32253794,-28963397.055182736,False
2024-05-10 08:10:25+00:00,gannon,-28965531.62064221,-28966336.68886034,-28969276.32253794,-28963397.055182736,False
2024-05-10 08:20:26+00:00,gannon,-28965586.454465963,-28966289.106809422,-28969228.740487024,-28963349.47313182,False
2024-05-10 09:00:26+00:00,gannon,-28965427.339923456,-28966304.415696014,-28969244.049373616,-28963364.782018412,False
2024-05-10 09:10:26+00:00,gannon,-28966790.84035871,-28966304.415696014,-28969244.049373616,-28963364.782018412,False
2024-05-10 09:20:26+00:00,gannon,-28966487.44442064,-28966304.415696014,-28969244.049373616,-28963364.782018412,False
2024-05-10 09:30:26+00:00,gannon,-28966336.68886034,-28966304.415696014,-28969244.049373616,-28963364.782018412,False
2024-05-10 09:40:26+00:00,gannon,-28966380.904575136,-28966304.415696014,-28969244.049373616,-28963364.782018412,False
2024-05-10 09:50:27+00:00,gannon,-28965695.22557616,-28966304.415696014,-28969244.049373616,-28963364.782018412,False
2024-05-10 10:27:43+00:00,gannon,-28966304.415696014,-28966304.415696014,-28969244.049373616,-28963364.782018412,False
2024-05-10 10:37:43+00:00,gannon,-28965550.545074534,-28966304.415696014,-28969244.049373616,-28963364.782018412,False
2024-05-10 10:47:43+00:00,gannon,-28966573.32163878,-28966304.415696014,-28969244.049373616,-28963364.782018412,False
2024-05-10 10:57:43+00:00,gannon,-28966328.62864124,-28966304.415696014,-28969244.049373616,-28963364.782018412,False
2024-05-10 11:07:43+00:00,gannon,-28966094.46188915,-28966094.46188915,-28969034.095566753,-28963154.82821155,False
2024-05-10 11:17:44+00:00,gannon,-28966005.862055343,-28966094.46188915,-28969034.095566753,-28963154.82821155,False
2024-05-10 11:27:44+00:00,gannon,-28965495.374228217,-28966177.91130917,-28969117.544986773,-28963238.27763157,False
2024-05-10 11:37:44+00:00,gannon,-28965612.026745368,-28966094.46188915,-28969034.095566753,-28963154.82821155,False
2024-05-10 11:47:44+00:00,gannon,-28966335.530071534,-28966094.46188915,-28969034.095566753,-28963154.82821155,False
2024-05-10 11:57:44+00:00,gannon,-28966541.630964696,-28966047.578991577,-28968987.21266918,-28963107.945313975,False
2024-05-10 12:07:44+00:00,gannon,-28965862.79152444,-28966005.862055343,-28968945.495732944,-28963066.22837774,False
2024-05-10 12:17:44+00:00,gannon,-28966177.91130917,-28966005.862055343,-28968945.495732944,-28963066.22837774,False
2024-05-10 12:27:44+00:00,gannon,-28966377.28958197,-28966047.578991577,-28968987.21266918,-28963107.945313975,False
2024-05-10 12:37:44+00:00,gannon,-28966047.578991577,-28966047.578991577,-28968987.21266918,-28963107.945313975,False
2024-05-10 12:47:45+00:00,gannon,-28965792.895765457,-28966047.578991577,-28968987.21266918,-28963107.945313975,False
2024-05-10 12:57:45+00:00,gannon,-28965738.33609596,-28966047.578991577,-28968987.21266918,-28963107.945313975,False
2024-05-10 13:07:45+00:00,gannon,-28965202.60569598,-28966022.61234547,-28968962.24602307,-28963082.978667866,False
2024-05-10 13:17:45+00:00,gannon,-28966089.241962448,-28966047.578991577,-28968987.21266918,-28963107.945313975,False
2024-05-10 13:27:45+00:00,gannon,-28966297.969461445,-28966022.61234547,-28968962.24602307,-28963082.978667866,False
2024-05-10 13:37:45+00:00,gannon,-28965985.057755545,-28965998.27851471,-28968937.91219231,-28963058.644837108,False
2024-05-10 13:47:45+00:00,gannon,-28966022.61234547,-28965998.27851471,-28968937.91219231,-28963058.644837108,False
2024-05-10 13:57:45+00:00,gannon,-28966580.159705464,-28966022.61234547,-28968962.24602307,-28963082.978667866,False
2024-05-10 14:07:45+00:00,gannon,-28965998.27851471,-28966057.359802213,-28968996.993479814,-28963117.72612461,False
2024-05-10 14:17:45+00:00,gannon,-28966057.359802213,-28966089.241962448,-28969028.87564005,-28963149.608284846,False
2024-05-10 14:27:46+00:00,gannon,-28965841.33394774,-28966152.773839142,-28969092.407516744,-28963213.14016154,False
2024-05-10 14:37:46+00:00,gannon,-28965532.531601988,-28966152.773839142,-28969092.407516744,-28963213.14016154,False
2024-05-10 14:47:46+00:00,gannon,-28966331.44222073,-28966226.941780824,-28969166.575458426,-28963287.308103222,False
2024-05-10 14:57:46+00:00,gannon,-28966783.77564259,-28966331.44222073,-28969271.07589833,-28963391.808543127,False
2024-05-10 15:07:46+00:00,gannon,-28966649.18580989,-28966226.941780824,-28969166.575458426,-28963287.308103222,False
2024-05-10 15:17:46+00:00,gannon,-28966152.773839142,-28966226.941780824,-28969166.575458426,-28963287.308103222,False
2024-05-10 15:27:46+00:00,gannon,-28966226.941780824,-28966331.44222073,-28969271.07589833,-28963391.808543127,False
2024-05-10 15:37:46+00:00,gannon,-28966999.1045115,-28966472.17892551,-28969411.812603112,-28963532.54524791,False
2024-05-10 15:47:46+00:00,gannon,-28966496.47744923,-28966488.377686527,-28969428.01136413,-28963548.744008925,False
2024-05-10 15:57:46+00:00,gannon,-28966472.17892551,-28966488.377686527,-28969428.01136413,-28963548.744008925,False
2024-05-10 16:07:47+00:00,gannon,-28965728.820361294,-28966472.17892551,-28969411.812603112,-28963532.54524791,False
2024-05-10 16:17:47+00:00,gannon,-28965931.99493021,-28966472.17892551,-28969411.812603112,-28963532.54524791,False
2024-05-10 16:27:47+00:00,gannon,-28966488.377686527,-28966488.377686527,-28969428.01136413,-28963548.744008925,False
2024-05-10 16:37:47+00:00,gannon,-28967158.719878715,-28966488.377686527,-28969428.01136413,-28963548.744008925,False
2024-05-10 16:47:47+00:00,gannon,-28966523.333944865,-28966472.17892551,-28969411.812603112,-28963532.54524791,False
2024-05-10 16:57:47+00:00,gannon,-28966091.334975056,-28966472.17892551,-28969411.812603112,-28963532.54524791,False
2024-05-10 17:07:47+00:00,gannon,-28966238.09451177,-28966488.377686527,-28969428.01136413,-28963548.744008925,False
2024-05-10 17:17:47+00:00,gannon,-28966813.68239275,-28966488.377686527,-28969428.01136413,-28963548.744008925,False
2024-05-10 17:27:47+00:00,gannon,-28966990.63435741,-28966488.377686527,-28969428.01136413,-28963548.744008925,False
2024-05-10 17:47:48+00:00,gannon,-28965469.803620186,-28966523.333944865,-28969462.967622466,-28963583.700267263,False
2024-05-10 17:57:48+00:00,gannon,-28966381.63814548,-28966523.333944865,-28969462.967622466,-28963583.700267263,False
2024-05-10 18:07:48+00:00,gannon,-28967245.126657803,-28966381.63814548,-28969321.271823082,-28963442.00446788,False
2024-05-10 18:17:48+00:00,gannon,-28966625.96808206,-28966381.63814548,-28969321.271823082,-28963442.00446788,False
2024-05-10 18:27:48+00:00,gannon,-28966268.641021896,-28966608.472708967,-28969548.10638657,-28963668.839031365,False
2024-05-10 18:37:48+00:00,gannon,-28965671.55218613,-28966608.472708967,-28969548.10638657,-28963668.839031365,False
2024-05-10 18:47:48+00:00,gannon,-28966608.472708967,-28966608.472708967,-28969548.10638657,-28963668.839031365,False
2024-05-10 18:57:48+00:00,gannon,-28966964.619634736,-28966608.472708967,-28969548.10638657,-28963668.839031365,False
2024-05-10 19:07:48+00:00,gannon,-28965677.343769737,-28966608.472708967,-28969548.10638657,-28963668.839031365,False
2024-05-10 19:27:49+00:00,gannon,-28965947.774019618,-28966608.472708967,-28969548.10638657,-28963668.839031365,False
2024-05-10 19:37:49+00:00,gannon,-28967110.39700877,-28966608.472708967,-28969548.10638657,-28963668.839031365,False
2024-05-10 19:47:49+00:00,gannon,-28966644.99075137,-28966608.472708967,-28969548.10638657,-28963668.839031365,False
2024-05-10 19:57:49+00:00,gannon,-28966690.058505066,-28966608.472708967,-28969548.10638657,-28963668.839031365,False
2024-05-10 20:07:49+00:00,gannon,-28965795.97418268,-28966510.262239337,-28969449.89591694,-28963570.628561735,False
2024-05-10 20:17:49+00:00,gannon,-28966240.41755735,-28966480.588478666,-28969420.222156268,-28963540.954801064,False
2024-05-10 20:27:49+00:00,gannon,-28966625.773675352,-28966510.262239337,-28969449.89591694,-28963570.628561735,False
2024-05-10 20:37:49+00:00,gannon,-28967218.049968224,-28966510.262239337,-28969449.89591694,-28963570.628561735,False
2024-05-10 21:27:50+00:00,gannon,-28966480.588478666,-28966510.262239337,-28969449.89591694,-28963570.628561735,False
2024-05-10 21:37:50+00:00,gannon,-28966510.262239337,-28966480.588478666,-28969420.222156268,-28963540.954801064,False
2024-05-10 21:47:50+00:00,gannon,-28966003.97459766,-28966480.588478666,-28969420.222156268,-28963540.954801064,False
2024-05-10 21:57:50+00:00,gannon,-28966320.766190063,-28966510.262239337,-28969449.89591694,-28963570.628561735,False
2024-05-10 22:07:50+00:00,gannon,-28966621.13080914,-28966621.13080914,-28969560.76448674,-28963681.497131538,False
2024-05-10 22:17:50+00:00,gannon,-28965819.0049936,-28966510.262239337,-28969449.89591694,-28963570.628561735,False
2024-05-10 22:27:50+00:00,gannon,-28966749.891741075,-28966510.262239337,-28969449.89591694,-28963570.628561735,False
2024-05-10 22:37:50+00:00,gannon,-28966032.338160746,-28966510.262239337,-28969449.89591694,-28963570.628561735,False
2024-05-10 22:47:51+00:00,gannon,-28967193.332332358,-28966621.13080914,-28969560.76448674,-28963681.497131538,False
2024-05-10 22:57:51+00:00,gannon,-28966681.626606494,-28966621.13080914,-28969560.76448674,-28963681.497131538,False
2024-05-10 23:07:51+00:00,gannon,-28966722.18898949,-28966621.13080914,-28969560.76448674,-28963681.497131538,False
2024-05-10 23:17:51+00:00,gannon,-28966256.922318373,-28966384.837734587,-28969324.47141219,-28963445.204056986,False
2024-05-10 23:27:51+00:00,gannon,-28966646.026344232,-28966384.837734587,-28969324.47141219,-28963445.204056986,False
2024-05-10 23:37:51+00:00,gannon,-28966384.837734587,-28966384.837734587,-28969324.47141219,-28963445.204056986,False
2024-05-10 23:47:51+00:00,gannon,-28967109.170311622,-28966476.39558269,-28969416.029260293,-28963536.76190509,False
2024-05-10 23:57:51+00:00,gannon,-28966180.88816978,-28966389.42396087,-28969329.05763847,-28963449.790283266,False
2024-05-11 00:07:51+00:00,gannon,-28966136.602023765,-28966389.42396087,-28969329.05763847,-28963449.790283266,False
2024-05-11 00:17:52+00:00,gannon,-28966359.06539208,-28966389.42396087,-28969329.05763847,-28963449.790283266,False
2024-05-11 00:27:52+00:00,gannon,-28966228.97991146,-28966476.39558269,-28969416.029260293,-28963536.76190509,False
2024-05-11 00:37:52+00:00,gannon,-28966945.075560067,-28966389.42396087,-28969329.05763847,-28963449.790283266,False
2024-05-11 00:47:52+00:00,gannon,-28966476.39558269,-28966476.39558269,-28969416.029260293,-28963536.76190509,False
2024-05-11 00:57:52+00:00,gannon,-28966389.42396087,-28966476.39558269,-28969416.029260293,-28963536.76190509,False
2024-05-11 01:07:52+00:00,gannon,-28966868.02343939,-28966758.161758013,-28969697.795435615,-28963818.52808041,False
2024-05-11 01:17:52+00:00,gannon,-28966865.665695246,-28966835.83068136,-28969775.464358963,-28963896.19700376,False
2024-05-11 01:27:52+00:00,gannon,-28967040.980393797,-28966835.83068136,-28969775.464358963,-28963896.19700376,False
2024-05-11 01:37:52+00:00,gannon,-28966245.59375219,-28966855.72108514,-28969795.35476274,-28963916.087407537,False
2024-05-11 01:47:52+00:00,gannon,-28966855.72108514,-28966855.72108514,-28969795.35476274,-28963916.087407537,False
2024-05-11 01:57:53+00:00,gannon,-28966835.83068136,-28966864.46986562,-28969804.103543222,-28963924.83618802,False
2024-05-11 02:07:53+00:00,gannon,-28966758.161758013,-28966864.46986562,-28969804.103543222,-28963924.83618802,False
2024-05-11 02:17:53+00:00,gannon,-28966864.46986562,-28966855.72108514,-28969795.35476274,-28963916.087407537,False
2024-05-11 02:27:53+00:00,gannon,-28966428.87274147,-28966855.72108514,-28969795.35476274,-28963916.087407537,False
2024-05-11 02:37:53+00:00,gannon,-28967202.14966395,-28966855.72108514,-28969795.35476274,-28963916.087407537,False
2024-05-11 02:47:53+00:00,gannon,-28966995.51766412,-28966864.46986562,-28969804.103543222,-28963924.83618802,False
2024-05-11 02:57:53+00:00,gannon,-28967506.48159908,-28966864.46986562,-28969804.103543222,-28963924.83618802,False
2024-05-11 03:07:53+00:00,gannon,-28966802.718139168,-28966887.39944072,-28969827.033118322,-28963947.76576312,False
2024-05-11 03:17:53+00:00,gannon,-28966552.06930537,-28966995.51766412,-28969935.15134172,-28964055.883986518,False
2024-05-11 03:27:53+00:00,gannon,-28967257.767505948,-28967202.14966395,-28970141.783341553,-28964262.51598635,False
2024-05-11 03:37:54+00:00,gannon,-28967285.79827313,-28967257.767505948,-28970197.40118355,-28964318.133828346,False
2024-05-11 03:47:54+00:00,gannon,-28968090.32058748,-28967257.767505948,-28970197.40118355,-28964318.133828346,False
2024-05-11 03:57:54+00:00,gannon,-28966435.61035769,-28967257.767505948,-28970197.40118355,-28964318.133828346,False
2024-05-11 04:07:54+00:00,gannon,-28966887.39944072,-28967257.767505948,-28970197.40118355,-28964318.133828346,False
2024-05-11 04:17:54+00:00,gannon,-28967704.1694582,-28967285.79827313,-28970225.431950733,-28964346.16459553,False
2024-05-11 04:27:54+00:00,gannon,-28967906.227187548,-28967285.79827313,-28970225.431950733,-28964346.16459553,False
2024-05-11 04:37:54+00:00,gannon,-28967368.149381217,-28967285.79827313,-28970225.431950733,-28964346.16459553,False
2024-05-11 04:47:54+00:00,gannon,-28966432.3972164,-28967043.36618228,-28969982.99985988,-28964103.732504677,False
2024-05-11 04:57:54+00:00,gannon,-28967043.36618228,-28967043.36618228,-28969982.99985988,-28964103.732504677,False
2024-05-11 05:07:54+00:00,gannon,-28968863.317383155,-28967169.82296984,-28970109.45664744,-28964230.189292237,False
2024-05-11 05:17:55+00:00,gannon,-28967765.0979354,-28967169.82296984,-28970109.45664744,-28964230.189292237,False
2024-05-11 05:27:55+00:00,gannon,-28966916.588101447,-28967102.11242872,-28970041.746106323,-28964162.47875112,False
2024-05-11 05:37:55+00:00,gannon,-28966964.585410666,-28967102.11242872,-28970041.746106323,-28964162.47875112,False
2024-05-11 05:47:55+00:00,gannon,-28965966.362052307,-28967102.11242872,-28970041.746106323,-28964162.47875112,False
2024-05-11 05:57:55+00:00,gannon,-28967169.82296984,-28967102.11242872,-28970041.746106323,-28964162.47875112,False
2024-05-11 06:07:55+00:00,gannon,-28967996.83275272,-28967102.11242872,-28970041.746106323,-28964162.47875112,False
2024-05-11 06:17:55+00:00,gannon,-28967102.11242872,-28967102.11242872,-28970041.746106323,-28964162.47875112,False
2024-05-11 06:27:55+00:00,gannon,-28966959.47422159,-28967102.11242872,-28970041.746106323,-28964162.47875112,False
2024-05-11 06:37:55+00:00,gannon,-28967773.09287979,-28967169.82296984,-28970109.45664744,-28964230.189292237,False
2024-05-11 06:47:55+00:00,gannon,-28967780.845814627,-28967309.951773506,-28970249.585451107,-28964370.318095904,False
2024-05-11 06:57:56+00:00,gannon,-28966835.404904883,-28967309.951773506,-28970249.585451107,-28964370.318095904,False
2024-05-11 07:07:56+00:00,gannon,-28966770.625004858,-28967356.28434832,-28970295.918025922,-28964416.65067072,False
2024-05-11 07:17:56+00:00,gannon,-28967309.951773506,-28967356.28434832,-28970295.918025922,-28964416.65067072,False
2024-05-11 07:27:56+00:00,gannon,-28968469.82151821,-28967377.14903048,-28970316.782708082,-28964437.51535288,False
2024-05-11 07:37:56+00:00,gannon,-28968130.198073026,-28967409.96218246,-28970349.59586006,-28964470.328504857,False
2024-05-11 07:47:56+00:00,gannon,-28967695.79454064,-28967409.96218246,-28970349.59586006,-28964470.328504857,False
2024-05-11 07:57:56+00:00,gannon,-28966819.53950369,-28967409.96218246,-28970349.59586006,-28964470.328504857,False
2024-05-11 08:07:56+00:00,gannon,-28967356.28434832,-28967409.96218246,-28970349.59586006,-28964470.328504857,False
2024-05-11 08:37:57+00:00,gannon,-28967377.14903048,-28967409.96218246,-28970349.59586006,-28964470.328504857,False
2024-05-11 08:47:57+00:00,gannon,-28967409.96218246,-28967695.79454064,-28970635.42821824,-28964756.16086304,False
2024-05-11 08:57:57+00:00,gannon,-28967755.558869045,-28967409.96218246,-28970349.59586006,-28964470.328504857,False
2024-05-11 09:07:57+00:00,gannon,-28967809.19853327,-28967377.14903048,-28970316.782708082,-28964437.51535288,False
2024-05-11 09:17:57+00:00,gannon,-28967775.55519936,-28967377.14903048,-28970316.782708082,-28964437.51535288,False
2024-05-11 09:27:57+00:00,gannon,-28967165.688132983,-28967409.96218246,-28970349.59586006,-28964470.328504857,False
2024-05-11 09:37:57+00:00,gannon,-28966739.95554424,-28967664.58011604,-28970604.213793643,-28964724.94643844,False
2024-05-11 09:57:57+00:00,gannon,-28967926.312057476,-28967664.58011604,-28970604.213793643,-28964724.94643844,False
2024-05-11 10:07:58+00:00,gannon,-28967277.239257265,-28967664.58011604,-28970604.213793643,-28964724.94643844,False
2024-05-11 10:17:58+00:00,gannon,-28967327.488847204,-28967568.253653355,-28970507.887330957,-28964628.619975753,False
2024-05-11 10:27:58+00:00,gannon,-28967926.407796297,-28967568.253653355,-28970507.887330957,-28964628.619975753,False
2024-05-11 10:37:58+00:00,gannon,-28967882.954511523,-28967568.253653355,-28970507.887330957,-28964628.619975753,False
2024-05-11 10:47:58+00:00,gannon,-28967664.58011604,-28967568.253653355,-28970507.887330957,-28964628.619975753,False
2024-05-11 10:57:58+00:00,gannon,-28967568.253653355,-28967623.47884837,-28970563.112525973,-28964683.84517077,False
2024-05-11 11:07:58+00:00,gannon,-28967042.391084403,-28967623.47884837,-28970563.112525973,-28964683.84517077,False
2024-05-11 11:17:58+00:00,gannon,-28967319.659634545,-28967623.47884837,-28970563.112525973,-28964683.84517077,False
2024-05-11 11:27:58+00:00,gannon,-28967747.08874237,-28967655.40651496,-28970595.040192563,-28964715.77283736,False
2024-05-11 11:37:58+00:00,gannon,-28967623.47884837,-28967623.47884837,-28970563.112525973,-28964683.84517077,False
2024-05-11 11:47:58+00:00,gannon,-28967240.990238745,-28967568.253653355,-28970507.887330957,-28964628.619975753,False
2024-05-11 11:57:59+00:00,gannon,-28967655.40651496,-28967568.253653355,-28970507.887330957,-28964628.619975753,False
2024-05-11 12:07:59+00:00,gannon,-28967772.192070816,-28967623.47884837,-28970563.112525973,-28964683.84517077,False
2024-05-11 12:17:59+00:00,gannon,-28967500.023546487,-28967623.47884837,-28970563.112525973,-28964683.84517077,False
2024-05-11 12:27:59+00:00,gannon,-28967713.17453127,-28967623.47884837,-28970563.112525973,-28964683.84517077,False
2024-05-11 12:37:59+00:00,gannon,-28967408.017870747,-28967623.47884837,-28970563.112525973,-28964683.84517077,False
2024-05-11 12:47:59+00:00,gannon,-28967035.064092062,-28967589.320700645,-28970528.954378247,-28964649.687023044,False
2024-05-11 12:57:59+00:00,gannon,-28968043.30431792,-28967655.40651496,-28970595.040192563,-28964715.77283736,False
2024-05-11 13:07:59+00:00,gannon,-28968630.88511995,-28967623.360726945,-28970562.994404547,-28964683.727049343,False
2024-05-11 13:17:59+00:00,gannon,-28967573.250259865,-28967589.320700645,-28970528.954378247,-28964649.687023044,False
2024-05-11 13:28:00+00:00,gannon,-28967415.20747788,-28967623.360726945,-28970562.994404547,-28964683.727049343,False
2024-05-11 13:38:00+00:00,gannon,-28968408.052367218,-28967623.360726945,-28970562.994404547,-28964683.727049343,False
2024-05-11 13:48:00+00:00,gannon,-28967589.320700645,-28967661.903026085,-28970601.536703687,-28964722.269348484,False
2024-05-11 13:58:00+00:00,gannon,-28967661.903026085,-28967661.903026085,-28970601.536703687,-28964722.269348484,False
2024-05-11 14:08:00+00:00,gannon,-28967623.360726945,-28967661.903026085,-28970601.536703687,-28964722.269348484,False
2024-05-11 14:18:00+00:00,gannon,-28967362.87051813,-28967661.903026085,-28970601.536703687,-28964722.269348484,False
2024-05-11 14:28:00+00:00,gannon,-28967867.176777087,-28967867.176777087,-28970806.81045469,-28964927.543099485,False
2024-05-11 14:38:00+00:00,gannon,-28968613.39698034,-28968135.27211214,-28971074.90578974,-28965195.638434537,False
2024-05-11 14:48:00+00:00,gannon,-28968264.895412046,-28967867.176777087,-28970806.81045469,-28964927.543099485,False
2024-05-11 14:58:00+00:00,gannon,-28967613.0598472,-28967867.176777087,-28970806.81045469,-28964927.543099485,False
2024-05-11 15:08:01+00:00,gannon,-28968135.27211214,-28968135.27211214,-28971074.90578974,-28965195.638434537,False
2024-05-11 15:18:01+00:00,gannon,-28968650.63270108,-28968264.895412046,-28971204.52908965,-28965325.261734445,False
2024-05-11 15:28:01+00:00,gannon,-28968310.71863812,-28968264.895412046,-28971204.52908965,-28965325.261734445,False
2024-05-11 15:38:01+00:00,gannon,-28968708.97854389,-28968264.895412046,-28971204.52908965,-28965325.261734445,False
2024-05-11 15:48:01+00:00,gannon,-28967858.616472915,-28968264.895412046,-28971204.52908965,-28965325.261734445,False
2024-05-11 15:58:01+00:00,gannon,-28967557.77892299,-28968310.71863812,-28971250.35231572,-28965371.084960517,False
2024-05-11 16:08:01+00:00,gannon,-28968600.09017084,-28968385.78837321,-28971325.42205081,-28965446.154695608,False
2024-05-11 16:18:01+00:00,gannon,-28968565.789253112,-28968385.78837321,-28971325.42205081,-28965446.154695608,False
2024-05-11 16:28:01+00:00,gannon,-28967993.43556907,-28968385.78837321,-28971325.42205081,-28965446.154695608,False
2024-05-11 16:38:01+00:00,gannon,-28968116.120774385,-28968468.094705544,-28971407.728383146,-28965528.461027943,False
2024-05-11 16:48:02+00:00,gannon,-28968385.78837321,-28968404.762968037,-28971344.39664564,-28965465.129290435,False
2024-05-11 16:58:02+00:00,gannon,-28968641.30002888,-28968404.762968037,-28971344.39664564,-28965465.129290435,False
2024-05-11 17:08:02+00:00,gannon,-28968887.367252283,-28968404.762968037,-28971344.39664564,-28965465.129290435,False
2024-05-11 17:28:02+00:00,gannon,-28967466.84545812,-28968385.78837321,-28971325.42205081,-28965446.154695608,False
2024-05-11 17:38:02+00:00,gannon,-28968468.094705544,-28968385.78837321,-28971325.42205081,-28965446.154695608,False
2024-05-11 17:48:02+00:00,gannon,-28968634.848155275,-28968404.762968037,-28971344.39664564,-28965465.129290435,False
2024-05-11 17:58:02+00:00,gannon,-28968404.762968037,-28968468.094705544,-28971407.728383146,-28965528.461027943,False
2024-05-11 18:08:02+00:00,gannon,-28967980.853727818,-28968608.35204502,-28971547.98572262,-28965668.718367416,False
2024-05-11 18:18:02+00:00,gannon,-28967985.55734053,-28968468.094705544,-28971407.728383146,-28965528.461027943,False
2024-05-11 18:28:03+00:00,gannon,-28968159.22619999,-28968404.762968037,-28971344.39664564,-28965465.129290435,False
2024-05-11 18:38:03+00:00,gannon,-28968920.486267008,-28968468.094705544,-28971407.728383146,-28965528.461027943,False
2024-05-11 18:48:03+00:00,gannon,-28969112.53580214,-28968608.35204502,-28971547.98572262,-28965668.718367416,False
2024-05-11 19:18:03+00:00,gannon,-28968608.35204502,-28968583.51694379,-28971523.15062139,-28965643.88326619,False
2024-05-11 19:28:03+00:00,gannon,-28969041.37059748,-28968583.51694379,-28971523.15062139,-28965643.88326619,False
2024-05-11 19:38:03+00:00,gannon,-28968194.46283989,-28968608.35204502,-28971547.98572262,-28965668.718367416,False
2024-05-11 19:48:03+00:00,gannon,-28968104.81433237,-28968608.35204502,-28971547.98572262,-28965668.718367416,False
2024-05-11 19:58:03+00:00,gannon,-28968691.89694271,-28968608.35204502,-28971547.98572262,-28965668.718367416,False
2024-05-11 20:08:04+00:00,gannon,-28968861.701856576,-28968583.51694379,-28971523.15062139,-28965643.88326619,False
2024-05-11 20:18:04+00:00,gannon,-28968583.51694379,-28968535.60778666,-28971475.24146426,-28965595.974109057,False
2024-05-11 20:48:04+00:00,gannon,-28968389.250935946,-28968535.60778666,-28971475.24146426,-28965595.974109057,False
2024-05-11 20:58:04+00:00,gannon,-28968617.501100816,-28968487.32890454,-28971426.96258214,-28965547.695226938,False
2024-05-11 21:08:04+00:00,gannon,-28968487.32890454,-28968487.32890454,-28971426.96258214,-28965547.695226938,False
2024-05-11 21:18:04+00:00,gannon,-28968441.267051514,-28968487.32890454,-28971426.96258214,-28965547.695226938,False
2024-05-11 21:28:04+00:00,gannon,-28967997.684862614,-28968487.32890454,-28971426.96258214,-28965547.695226938,False
2024-05-11 21:38:05+00:00,gannon,-28968535.60778666,-28968487.32890454,-28971426.96258214,-28965547.695226938,False
2024-05-11 21:48:05+00:00,gannon,-28968629.59061557,-28968441.267051514,-28971380.900729116,-28965501.633373912,False
2024-05-11 21:58:05+00:00,gannon,-28968155.347937107,-28968441.267051514,-28971380.900729116,-28965501.633373912,False
2024-05-11 22:08:05+00:00,gannon,-28967879.76776705,-28968441.267051514,-28971380.900729116,-28965501.633373912,False
2024-05-11 22:18:05+00:00,gannon,-28967928.982157607,-28968441.267051514,-28971380.900729116,-28965501.633373912,False
2024-05-11 22:28:05+00:00,gannon,-28968633.52156136,-28968409.67962492,-28971349.31330252,-28965470.045947317,False
2024-05-11 22:38:05+00:00,gannon,-28968786.275200058,-28968409.67962492,-28971349.31330252,-28965470.045947317,False
2024-05-11 22:48:05+00:00,gannon,-28968327.920429017,-28968327.920429017,-28971267.55410662,-28965388.286751416,False
2024-05-11 22:58:05+00:00,gannon,-28967708.686415527,-28968327.920429017,-28971267.55410662,-28965388.286751416,False
2024-05-11 23:08:05+00:00,gannon,-28968600.295999587,-28968327.920429017,-28971267.55410662,-28965388.286751416,False
2024-05-11 23:18:06+00:00,gannon,-28968504.84436953,-28968409.67962492,-28971349.31330252,-28965470.045947317,False
2024-05-11 23:28:06+00:00,gannon,-28968409.67962492,-28968409.67962492,-28971349.31330252,-28965470.045947317,False
2024-05-11 23:38:06+00:00,gannon,-28967884.22787882,-28968327.920429017,-28971267.55410662,-28965388.286751416,False
2024-05-11 23:48:06+00:00,gannon,-28967924.142205156,-28968327.920429017,-28971267.55410662,-28965388.286751416,False
2024-05-11 23:58:06+00:00,gannon,-28968964.80592277,-28968409.67962492,-28971349.31330252,-28965470.045947317,False
