mask,wavelength,lag_hours,spearman_r,n
quiet_dst30,256,0,0.6956089785853748,845
quiet_dst30,256,3,0.6991032870656826,845
quiet_dst30,256,6,0.7060449643101034,846
quiet_dst30,256,9,0.7065731398876174,847
quiet_dst30,256,12,0.703329907157132,848
quiet_dst30,256,15,0.7054613444817889,849
quiet_dst30,256,18,0.7089935837892062,850
quiet_dst30,256,21,0.7118273447973388,851
quiet_dst30,256,24,0.7108161208120541,850
quiet_dst30,256,27,0.7089124145337714,850
quiet_dst30,256,30,0.7103330328240635,850
quiet_dst30,256,33,0.7087184798057526,850
quiet_dst30,256,36,0.703494532823697,850
quiet_dst30,256,39,0.6984199497772561,850
quiet_dst30,256,42,0.6943717032115867,849
quiet_dst30,256,45,0.6923584948953306,848
quiet_dst30,256,48,0.6868948910319511,849
quiet_dst30,256,51,0.68093325103727,850
quiet_dst30,256,54,0.6775861037218615,850
quiet_dst30,256,57,0.6739356170898019,850
quiet_dst30,256,60,0.6654737319807404,850
quiet_dst30,256,63,0.6575958593317986,849
quiet_dst30,256,66,0.65605426430239,848
quiet_dst30,256,69,0.6526155055401648,845
quiet_dst30,256,72,0.643622355233223,843
quiet_dst30,256,75,0.6356283441069678,841
quiet_dst30,256,78,0.635082353734801,839
quiet_dst30,256,81,0.6335255091935845,837
quiet_dst30,256,84,0.6251833189495163,835
quiet_dst30,256,87,0.6145555934862637,834
quiet_dst30,256,90,0.6110031485130993,834
quiet_dst30,256,93,0.6090978535902363,834
quiet_dst30,256,96,0.5975521643629235,834
quiet_dst30,256,99,0.5850948073193867,834
quiet_dst30,256,102,0.5822759000640707,834
quiet_dst30,256,105,0.5762018105825022,834
quiet_dst30,256,108,0.5598646678763695,834
quiet_dst30,256,111,0.5429234366685246,833
quiet_dst30,256,114,0.5369196516697169,831
quiet_dst30,256,117,0.5314601248651184,829
quiet_dst30,256,120,0.5148000899053037,827
quiet_dst30,284,0,0.7375798615689712,845
quiet_dst30,284,3,0.7407264914172244,845
quiet_dst30,284,6,0.7481631001047756,846
quiet_dst30,284,9,0.7504850796199651,847
quiet_dst30,284,12,0.7477042546638095,848
quiet_dst30,284,15,0.7497000780444186,849
quiet_dst30,284,18,0.7538449123031556,850
quiet_dst30,284,21,0.7574463105445419,851
quiet_dst30,284,24,0.7571530968127536,850
quiet_dst30,284,27,0.7576518363591467,850
quiet_dst30,284,30,0.7628369182355066,850
quiet_dst30,284,33,0.7633847032395649,850
quiet_dst30,284,36,0.7606316507826635,850
quiet_dst30,284,39,0.7585826644335677,850
quiet_dst30,284,42,0.7581834279148022,849
quiet_dst30,284,45,0.7592632700503529,848
quiet_dst30,284,48,0.7558023083891866,849
quiet_dst30,284,51,0.7521725989769332,850
quiet_dst30,284,54,0.7521509681715008,850
quiet_dst30,284,57,0.7507352544269754,850
quiet_dst30,284,60,0.7450132713393538,850
quiet_dst30,284,63,0.7393534667017017,849
quiet_dst30,284,66,0.7384905943749261,848
quiet_dst30,284,69,0.7368181746762428,845
quiet_dst30,284,72,0.7300879141491075,843
quiet_dst30,284,75,0.723756096104505,841
quiet_dst30,284,78,0.722783950825488,839
quiet_dst30,284,81,0.7203561685471479,837
quiet_dst30,284,84,0.7109316117000105,835
quiet_dst30,284,87,0.6997738931009443,834
quiet_dst30,284,90,0.6952801574685791,834
quiet_dst30,284,93,0.693273292602269,834
quiet_dst30,284,96,0.6829224051659177,834
quiet_dst30,284,99,0.6719495621451096,834
quiet_dst30,284,102,0.6705405325874804,834
quiet_dst30,284,105,0.6662987152384755,834
quiet_dst30,284,108,0.6518541453543465,834
quiet_dst30,284,111,0.6387372602610496,833
quiet_dst30,284,114,0.6367569625907127,831
quiet_dst30,284,117,0.6337014497387461,829
quiet_dst30,284,120,0.6200799727789077,827
quiet_dst30,304,0,0.7697907225633506,845
quiet_dst30,304,3,0.7726890190553984,845
quiet_dst30,304,6,0.7781425834989293,846
quiet_dst30,304,9,0.7822865582527639,847
quiet_dst30,304,12,0.7809786689439273,848
quiet_dst30,304,15,0.7826291752783519,849
quiet_dst30,304,18,0.785973243358041,850
quiet_dst30,304,21,0.7919889169815326,851
quiet_dst30,304,24,0.7923989603730778,850
quiet_dst30,304,27,0.7900301820079866,850
quiet_dst30,304,30,0.7930879220431244,850
quiet_dst30,304,33,0.7942473488463204,850
quiet_dst30,304,36,0.7906100126497224,850
quiet_dst30,304,39,0.7868585236389092,850
quiet_dst30,304,42,0.7850334336014557,849
quiet_dst30,304,45,0.7853999987248265,848
quiet_dst30,304,48,0.783657655608413,849
quiet_dst30,304,51,0.7787338211662903,850
quiet_dst30,304,54,0.7751663991718938,850
quiet_dst30,304,57,0.772928304480454,850
quiet_dst30,304,60,0.7663786060196461,850
quiet_dst30,304,63,0.7588568649674684,849
quiet_dst30,304,66,0.7563733095783717,848
quiet_dst30,304,69,0.7540285951305102,845
quiet_dst30,304,72,0.7480140124530121,843
quiet_dst30,304,75,0.7415817976482665,841
quiet_dst30,304,78,0.738402653297502,839
quiet_dst30,304,81,0.735534083168316,837
quiet_dst30,304,84,0.7278073435587262,835
quiet_dst30,304,87,0.7166979280403842,834
quiet_dst30,304,90,0.712619057014095,834
quiet_dst30,304,93,0.7095089067376401,834
quiet_dst30,304,96,0.6991035107878503,834
quiet_dst30,304,99,0.6877361998950271,834
quiet_dst30,304,102,0.6845925170567948,834
quiet_dst30,304,105,0.6784014256200046,834
quiet_dst30,304,108,0.6629949407928424,834
quiet_dst30,304,111,0.6474586998606858,833
quiet_dst30,304,114,0.6430633391661619,831
quiet_dst30,304,117,0.640099328451373,829
quiet_dst30,304,120,0.6264001611743938,827
quiet_dst30,1175,0,0.8439106517030206,845
quiet_dst30,1175,3,0.8490667411308733,845
quiet_dst30,1175,6,0.8518450254799013,846
quiet_dst30,1175,9,0.8529282354690186,847
quiet_dst30,1175,12,0.8507672845249895,848
quiet_dst30,1175,15,0.8515838114697841,849
quiet_dst30,1175,18,0.8560521874933595,850
quiet_dst30,1175,21,0.8639297789919167,851
quiet_dst30,1175,24,0.8677845057876328,850
quiet_dst30,1175,27,0.8699102648869941,850
quiet_dst30,1175,30,0.8735828122049915,850
quiet_dst30,1175,33,0.8749501839326788,850
quiet_dst30,1175,36,0.8711520138069804,850
quiet_dst30,1175,39,0.8668793533033998,850
quiet_dst30,1175,42,0.867005643513489,849
quiet_dst30,1175,45,0.8649688019342967,848
quiet_dst30,1175,48,0.8638195291450801,849
quiet_dst30,1175,51,0.8635540321936533,850
quiet_dst30,1175,54,0.8628140124435751,850
quiet_dst30,1175,57,0.8600625818085806,850
quiet_dst30,1175,60,0.8561757976786941,850
quiet_dst30,1175,63,0.8545496170332924,849
quiet_dst30,1175,66,0.8570780751774636,848
quiet_dst30,1175,69,0.8555579753770893,845
quiet_dst30,1175,72,0.8536917296392835,843
quiet_dst30,1175,75,0.8521443036248394,841
quiet_dst30,1175,78,0.8536606784740004,839
quiet_dst30,1175,81,0.8514442904270734,837
quiet_dst30,1175,84,0.8460021473695755,835
quiet_dst30,1175,87,0.8384871374130146,834
quiet_dst30,1175,90,0.8382024105898768,834
quiet_dst30,1175,93,0.8390184247567118,834
quiet_dst30,1175,96,0.8354691861666909,834
quiet_dst30,1175,99,0.8292397422502366,834
quiet_dst30,1175,102,0.8291197407753004,834
quiet_dst30,1175,105,0.8219087919491235,834
quiet_dst30,1175,108,0.8053575455943804,834
quiet_dst30,1175,111,0.7936154608495308,833
quiet_dst30,1175,114,0.7921674409384274,831
quiet_dst30,1175,117,0.7889856799622047,829
quiet_dst30,1175,120,0.7736301311591424,827
quiet_dst30,1216,0,0.8025958850967964,845
quiet_dst30,1216,3,0.8133761303632775,845
quiet_dst30,1216,6,0.8211497573497276,846
quiet_dst30,1216,9,0.8137832205384484,847
quiet_dst30,1216,12,0.8051747723756161,848
quiet_dst30,1216,15,0.8117812167870014,849
quiet_dst30,1216,18,0.8204965754888487,850
quiet_dst30,1216,21,0.8212826471513119,851
quiet_dst30,1216,24,0.8188220541400302,850
quiet_dst30,1216,27,0.8251579456694547,850
quiet_dst30,1216,30,0.8296996722893898,850
quiet_dst30,1216,33,0.819377772393416,850
quiet_dst30,1216,36,0.8102148303400869,850
quiet_dst30,1216,39,0.8137900488036499,850
quiet_dst30,1216,42,0.8176818650655141,849
quiet_dst30,1216,45,0.8140059002752879,848
quiet_dst30,1216,48,0.810518524764396,849
quiet_dst30,1216,51,0.8154434473876333,850
quiet_dst30,1216,54,0.8154630655706994,850
quiet_dst30,1216,57,0.8024849926517301,850
quiet_dst30,1216,60,0.7899424473048325,850
quiet_dst30,1216,63,0.7906818101598929,849
quiet_dst30,1216,66,0.7953753193935873,848
quiet_dst30,1216,69,0.7905041031886153,845
quiet_dst30,1216,72,0.7847435998565953,843
quiet_dst30,1216,75,0.7881327349968346,841
quiet_dst30,1216,78,0.787008485496713,839
quiet_dst30,1216,81,0.7741563026237102,837
quiet_dst30,1216,84,0.7602577296956807,835
quiet_dst30,1216,87,0.7569579574387805,834
quiet_dst30,1216,90,0.7600364369243151,834
quiet_dst30,1216,93,0.7549952372281356,834
quiet_dst30,1216,96,0.7460041044807189,834
quiet_dst30,1216,99,0.7448477586011357,834
quiet_dst30,1216,102,0.7438938699591326,834
quiet_dst30,1216,105,0.7275883566712344,834
quiet_dst30,1216,108,0.7080954296162958,834
quiet_dst30,1216,111,0.7011708460362562,833
quiet_dst30,1216,114,0.7047504374621507,831
quiet_dst30,1216,117,0.6981080244826792,829
quiet_dst30,1216,120,0.6851487665877469,827
quiet_dst30,1335,0,0.774180928531267,845
quiet_dst30,1335,3,0.7764522061711813,845
quiet_dst30,1335,6,0.7812488954283331,846
quiet_dst30,1335,9,0.7864726237595842,847
quiet_dst30,1335,12,0.7863883172691639,848
quiet_dst30,1335,15,0.7885608060145185,849
quiet_dst30,1335,18,0.7915468004311507,850
quiet_dst30,1335,21,0.7996427809964787,851
quiet_dst30,1335,24,0.8016096191625097,850
quiet_dst30,1335,27,0.7996581961481242,850
quiet_dst30,1335,30,0.8034052300336992,850
quiet_dst30,1335,33,0.8061343068824113,850
quiet_dst30,1335,36,0.8031812036703003,850
quiet_dst30,1335,39,0.7987391702475796,850
quiet_dst30,1335,42,0.7980803230019256,849
quiet_dst30,1335,45,0.7978182213328192,848
quiet_dst30,1335,48,0.7971772824070623,849
quiet_dst30,1335,51,0.7922076440081375,850
quiet_dst30,1335,54,0.7895200701682226,850
quiet_dst30,1335,57,0.7887943927950074,850
quiet_dst30,1335,60,0.7832964165307618,850
quiet_dst30,1335,63,0.7772305212504362,849
quiet_dst30,1335,66,0.7752093154104803,848
quiet_dst30,1335,69,0.7733410780881711,845
quiet_dst30,1335,72,0.7701522155449646,843
quiet_dst30,1335,75,0.7659515894557313,841
quiet_dst30,1335,78,0.7644302005821716,839
quiet_dst30,1335,81,0.7638947878401504,837
quiet_dst30,1335,84,0.7589515815362494,835
quiet_dst30,1335,87,0.7488413398358095,834
quiet_dst30,1335,90,0.7459486237091658,834
quiet_dst30,1335,93,0.7445727750454854,834
quiet_dst30,1335,96,0.7363015890886575,834
quiet_dst30,1335,99,0.7261025394089053,834
quiet_dst30,1335,102,0.7242526631985667,834
quiet_dst30,1335,105,0.7198962435101124,834
quiet_dst30,1335,108,0.7056567787154495,834
quiet_dst30,1335,111,0.6908667174672858,833
quiet_dst30,1335,114,0.6871172624404867,831
quiet_dst30,1335,117,0.6861294867412167,829
quiet_dst30,1335,120,0.672075857366602,827
quiet_dst30,1405,0,0.8556869154017795,845
quiet_dst30,1405,3,0.8610319100208256,845
quiet_dst30,1405,6,0.8679636883475599,846
quiet_dst30,1405,9,0.8707689081717401,847
quiet_dst30,1405,12,0.8673173646444592,848
quiet_dst30,1405,15,0.8652491146468587,849
quiet_dst30,1405,18,0.8665680611973979,850
quiet_dst30,1405,21,0.8722287050567733,851
quiet_dst30,1405,24,0.8728188754667928,850
quiet_dst30,1405,27,0.8717321961691297,850
quiet_dst30,1405,30,0.8756484075736153,850
quiet_dst30,1405,33,0.8770137275988903,850
quiet_dst30,1405,36,0.8730819427960943,850
quiet_dst30,1405,39,0.867667734610339,850
quiet_dst30,1405,42,0.864592521854398,849
quiet_dst30,1405,45,0.8638676069156284,848
quiet_dst30,1405,48,0.8627744398646184,849
quiet_dst30,1405,51,0.8614311650176925,850
quiet_dst30,1405,54,0.8606667983989883,850
quiet_dst30,1405,57,0.8588821690207104,850
quiet_dst30,1405,60,0.8541904727244483,850
quiet_dst30,1405,63,0.8520331747606703,849
quiet_dst30,1405,66,0.8527930000528173,848
quiet_dst30,1405,69,0.8521488313554773,845
quiet_dst30,1405,72,0.8542093265107229,843
quiet_dst30,1405,75,0.8532336841068952,841
quiet_dst30,1405,78,0.854894084697294,839
quiet_dst30,1405,81,0.8564511237967725,837
quiet_dst30,1405,84,0.852054790285183,835
quiet_dst30,1405,87,0.8445915737595603,834
quiet_dst30,1405,90,0.8428747107338176,834
quiet_dst30,1405,93,0.8452912065614597,834
quiet_dst30,1405,96,0.8407998705448664,834
quiet_dst30,1405,99,0.832509860016035,834
quiet_dst30,1405,102,0.8326249381413704,834
quiet_dst30,1405,105,0.8306320572428342,834
quiet_dst30,1405,108,0.8175142887034622,834
quiet_dst30,1405,111,0.8054446045158516,833
quiet_dst30,1405,114,0.8018230168661316,831
quiet_dst30,1405,117,0.8022923602944847,829
quiet_dst30,1405,120,0.7933446101095772,827
quiet_dst50,256,0,0.6480973542501327,1198
quiet_dst50,256,3,0.6503029098473502,1196
quiet_dst50,256,6,0.6557229691087082,1195
quiet_dst50,256,9,0.6569557922289165,1194
quiet_dst50,256,12,0.654766890987168,1193
quiet_dst50,256,15,0.655902535498005,1192
quiet_dst50,256,18,0.6582214116803868,1192
quiet_dst50,256,21,0.6602640638284548,1192
quiet_dst50,256,24,0.6579439335637339,1192
quiet_dst50,256,27,0.6560133904287799,1191
quiet_dst50,256,30,0.6573122867391171,1191
quiet_dst50,256,33,0.6566919682856323,1191
quiet_dst50,256,36,0.6529106048451198,1191
quiet_dst50,256,39,0.6484483621521573,1191
quiet_dst50,256,42,0.6455057986527682,1190
quiet_dst50,256,45,0.644028647975705,1190
quiet_dst50,256,48,0.6386275728087448,1190
quiet_dst50,256,51,0.6326094064745188,1190
quiet_dst50,256,54,0.6289056061758393,1190
quiet_dst50,256,57,0.624955910805766,1190
quiet_dst50,256,60,0.6174113307524594,1190
quiet_dst50,256,63,0.6096645972913721,1189
quiet_dst50,256,66,0.6066691102164408,1188
quiet_dst50,256,69,0.6032367281261848,1186
quiet_dst50,256,72,0.595000938428397,1184
quiet_dst50,256,75,0.5869879389672972,1182
quiet_dst50,256,78,0.5841615825563151,1180
quiet_dst50,256,81,0.5809635444805592,1178
quiet_dst50,256,84,0.5725584559462353,1176
quiet_dst50,256,87,0.562055921429792,1175
quiet_dst50,256,90,0.5567173844056453,1175
quiet_dst50,256,93,0.5524258559127011,1175
quiet_dst50,256,96,0.5408929024507698,1175
quiet_dst50,256,99,0.5286707878990518,1175
quiet_dst50,256,102,0.5239994570447701,1175
quiet_dst50,256,105,0.5172292417637613,1175
quiet_dst50,256,108,0.5027066170264547,1175
quiet_dst50,256,111,0.48813383591202947,1174
quiet_dst50,256,114,0.4817100138883678,1172
quiet_dst50,256,117,0.47622960552183236,1170
quiet_dst50,256,120,0.4630608186330843,1168
quiet_dst50,284,0,0.697619650106049,1198
quiet_dst50,284,3,0.6995188465138581,1196
quiet_dst50,284,6,0.7055987877985808,1195
quiet_dst50,284,9,0.7075104732048082,1194
quiet_dst50,284,12,0.7053041017008058,1193
quiet_dst50,284,15,0.7064624095762351,1192
quiet_dst50,284,18,0.7098981629875977,1192
quiet_dst50,284,21,0.7126115649716183,1192
quiet_dst50,284,24,0.7106989618706395,1192
quiet_dst50,284,27,0.709912345240025,1191
quiet_dst50,284,30,0.7123815793455144,1191
quiet_dst50,284,33,0.7122318252609989,1191
quiet_dst50,284,36,0.7101700802377314,1191
quiet_dst50,284,39,0.7087248961424206,1191
quiet_dst50,284,42,0.7081564177066597,1190
quiet_dst50,284,45,0.7084483144044533,1190
quiet_dst50,284,48,0.7043509153602653,1190
quiet_dst50,284,51,0.7005518005462051,1190
quiet_dst50,284,54,0.700001333406276,1190
quiet_dst50,284,57,0.6978529791224716,1190
quiet_dst50,284,60,0.6922602779854784,1190
quiet_dst50,284,63,0.6875045769766989,1189
quiet_dst50,284,66,0.6867697052818601,1188
quiet_dst50,284,69,0.6855586727871722,1186
quiet_dst50,284,72,0.6802308273583834,1184
quiet_dst50,284,75,0.675504408840806,1182
quiet_dst50,284,78,0.6745093120042629,1180
quiet_dst50,284,81,0.6723635209509686,1178
quiet_dst50,284,84,0.666084553744128,1176
quiet_dst50,284,87,0.6589752570715481,1175
quiet_dst50,284,90,0.6564509442908703,1175
quiet_dst50,284,93,0.6546292851114132,1175
quiet_dst50,284,96,0.6469706352946051,1175
quiet_dst50,284,99,0.6390349229691514,1175
quiet_dst50,284,102,0.637342241547023,1175
quiet_dst50,284,105,0.6335197257706229,1175
quiet_dst50,284,108,0.6223106295691644,1175
quiet_dst50,284,111,0.6122052721445841,1174
quiet_dst50,284,114,0.6101090653226179,1172
quiet_dst50,284,117,0.6074287962770606,1170
quiet_dst50,284,120,0.597173355611457,1168
quiet_dst50,304,0,0.7202844329094501,1198
quiet_dst50,304,3,0.7216263886371025,1196
quiet_dst50,304,6,0.7263156577165224,1195
quiet_dst50,304,9,0.7297852268000192,1194
quiet_dst50,304,12,0.7280896471420825,1193
quiet_dst50,304,15,0.728628215727499,1192
quiet_dst50,304,18,0.730880405904367,1192
quiet_dst50,304,21,0.7354046602748332,1192
quiet_dst50,304,24,0.7351104610603254,1192
quiet_dst50,304,27,0.7338720682599618,1191
quiet_dst50,304,30,0.7366900703445716,1191
quiet_dst50,304,33,0.7371554849857379,1191
quiet_dst50,304,36,0.7336215428811798,1191
quiet_dst50,304,39,0.7305839777122624,1191
quiet_dst50,304,42,0.7294012363150724,1190
quiet_dst50,304,45,0.729511020691884,1190
quiet_dst50,304,48,0.7262674075610758,1190
quiet_dst50,304,51,0.7211336687808484,1190
quiet_dst50,304,54,0.7180436555078482,1190
quiet_dst50,304,57,0.7150653065542865,1190
quiet_dst50,304,60,0.7087018503032663,1190
quiet_dst50,304,63,0.7023911004369124,1189
quiet_dst50,304,66,0.7000695025370813,1188
quiet_dst50,304,69,0.6975284129956181,1186
quiet_dst50,304,72,0.6911408238331316,1184
quiet_dst50,304,75,0.6857513619058594,1182
quiet_dst50,304,78,0.6826532955723862,1180
quiet_dst50,304,81,0.6790542697531942,1178
quiet_dst50,304,84,0.6722583855936125,1176
quiet_dst50,304,87,0.6650144504501573,1175
quiet_dst50,304,90,0.6619082139361961,1175
quiet_dst50,304,93,0.6585859418978727,1175
quiet_dst50,304,96,0.650075910171238,1175
quiet_dst50,304,99,0.641804919292738,1175
quiet_dst50,304,102,0.6391669927603505,1175
quiet_dst50,304,105,0.6334425284848073,1175
quiet_dst50,304,108,0.6205181006035384,1175
quiet_dst50,304,111,0.6083688641614551,1174
quiet_dst50,304,114,0.6048545010154169,1172
quiet_dst50,304,117,0.6020191484224989,1170
quiet_dst50,304,120,0.5907352410417696,1168
quiet_dst50,1175,0,0.8424187902047751,1198
quiet_dst50,1175,3,0.8454754383615101,1196
quiet_dst50,1175,6,0.8481268941086678,1195
quiet_dst50,1175,9,0.8485795935454875,1194
quiet_dst50,1175,12,0.8466676022031431,1193
quiet_dst50,1175,15,0.8476162140744911,1192
quiet_dst50,1175,18,0.8498496567831706,1192
quiet_dst50,1175,21,0.8544120720998435,1192
quiet_dst50,1175,24,0.8568227938718422,1192
quiet_dst50,1175,27,0.8602228276565813,1191
quiet_dst50,1175,30,0.8640934198980086,1191
quiet_dst50,1175,33,0.8650203993148662,1191
quiet_dst50,1175,36,0.8607318125464987,1191
quiet_dst50,1175,39,0.8578814275528479,1191
quiet_dst50,1175,42,0.8593894419894121,1190
quiet_dst50,1175,45,0.8594521565906044,1190
quiet_dst50,1175,48,0.8579718513128453,1190
quiet_dst50,1175,51,0.8557476228294607,1190
quiet_dst50,1175,54,0.8532167927940233,1190
quiet_dst50,1175,57,0.8474036114160726,1190
quiet_dst50,1175,60,0.8405961112923899,1190
quiet_dst50,1175,63,0.8377966218217542,1189
quiet_dst50,1175,66,0.8379166853733278,1188
quiet_dst50,1175,69,0.8344226735767074,1186
quiet_dst50,1175,72,0.8288392999931462,1184
quiet_dst50,1175,75,0.8269314652633643,1182
quiet_dst50,1175,78,0.8261753434424316,1180
quiet_dst50,1175,81,0.8202387946234037,1178
quiet_dst50,1175,84,0.8119950446962347,1176
quiet_dst50,1175,87,0.8072324077697337,1175
quiet_dst50,1175,90,0.8080431124205817,1175
quiet_dst50,1175,93,0.8072655768603431,1175
quiet_dst50,1175,96,0.801976593747434,1175
quiet_dst50,1175,99,0.797741639118223,1175
quiet_dst50,1175,102,0.7974075367216009,1175
quiet_dst50,1175,105,0.7901949164891953,1175
quiet_dst50,1175,108,0.7752035823209635,1175
quiet_dst50,1175,111,0.7649203938817307,1174
quiet_dst50,1175,114,0.7629652912009086,1172
quiet_dst50,1175,117,0.7572429769078316,1170
quiet_dst50,1175,120,0.7424615752221203,1168
quiet_dst50,1216,0,0.7730557546426423,1198
quiet_dst50,1216,3,0.7821000914707528,1196
quiet_dst50,1216,6,0.7886639435545509,1195
quiet_dst50,1216,9,0.780654830476406,1194
quiet_dst50,1216,12,0.7717405724934805,1193
quiet_dst50,1216,15,0.7771394577396145,1192
quiet_dst50,1216,18,0.7849569110770174,1192
quiet_dst50,1216,21,0.7846006383293276,1192
quiet_dst50,1216,24,0.7813084667179797,1192
quiet_dst50,1216,27,0.7866949359494615,1191
quiet_dst50,1216,30,0.789872090705672,1191
quiet_dst50,1216,33,0.7790057672689552,1191
quiet_dst50,1216,36,0.7689952859746845,1191
quiet_dst50,1216,39,0.7716614314652206,1191
quiet_dst50,1216,42,0.7757802469550314,1190
quiet_dst50,1216,45,0.7715908446580443,1190
quiet_dst50,1216,48,0.7664597192829079,1190
quiet_dst50,1216,51,0.7701694940962235,1190
quiet_dst50,1216,54,0.7696422271573484,1190
quiet_dst50,1216,57,0.7563312292989344,1190
quiet_dst50,1216,60,0.7439217849870096,1190
quiet_dst50,1216,63,0.7441254963641547,1189
quiet_dst50,1216,66,0.7480678497235068,1188
quiet_dst50,1216,69,0.7432950718114097,1186
quiet_dst50,1216,72,0.7372001981544338,1184
quiet_dst50,1216,75,0.7406076303337078,1182
quiet_dst50,1216,78,0.7395484060365951,1180
quiet_dst50,1216,81,0.7262643786431964,1178
quiet_dst50,1216,84,0.7132307348362797,1176
quiet_dst50,1216,87,0.7122009585304998,1175
quiet_dst50,1216,90,0.7154642674061904,1175
quiet_dst50,1216,93,0.7093663993561468,1175
quiet_dst50,1216,96,0.700568771493519,1175
quiet_dst50,1216,99,0.7014303467590234,1175
quiet_dst50,1216,102,0.700803692095563,1175
quiet_dst50,1216,105,0.6849982653542044,1175
quiet_dst50,1216,108,0.6676348677859631,1175
quiet_dst50,1216,111,0.6630066377134815,1174
quiet_dst50,1216,114,0.6658169271800024,1172
quiet_dst50,1216,117,0.6587279678122757,1170
quiet_dst50,1216,120,0.64777736042612,1168
quiet_dst50,1335,0,0.7466740266046046,1198
quiet_dst50,1335,3,0.748166998849189,1196
quiet_dst50,1335,6,0.75267761401148,1195
quiet_dst50,1335,9,0.7573747027970769,1194
quiet_dst50,1335,12,0.7571882898801235,1193
quiet_dst50,1335,15,0.7589500916181543,1192
quiet_dst50,1335,18,0.7607185602726638,1192
quiet_dst50,1335,21,0.7657073494142209,1192
quiet_dst50,1335,24,0.7655428095601998,1192
quiet_dst50,1335,27,0.7641095580794826,1191
quiet_dst50,1335,30,0.7676082760458672,1191
quiet_dst50,1335,33,0.7699845522372052,1191
quiet_dst50,1335,36,0.7674351812640261,1191
quiet_dst50,1335,39,0.7642161325842528,1191
quiet_dst50,1335,42,0.764251456069862,1190
quiet_dst50,1335,45,0.764465976038173,1190
quiet_dst50,1335,48,0.7614958019866401,1190
quiet_dst50,1335,51,0.7561005517934253,1190
quiet_dst50,1335,54,0.7534578010827365,1190
quiet_dst50,1335,57,0.7510258887860478,1190
quiet_dst50,1335,60,0.7448973185484629,1190
quiet_dst50,1335,63,0.7392453058905343,1189
quiet_dst50,1335,66,0.7373141623391207,1188
quiet_dst50,1335,69,0.7351781720950787,1186
quiet_dst50,1335,72,0.7300011076057813,1184
quiet_dst50,1335,75,0.7260306478035714,1182
quiet_dst50,1335,78,0.7243558803114843,1180
quiet_dst50,1335,81,0.7221346870016269,1178
quiet_dst50,1335,84,0.7167386191628443,1176
quiet_dst50,1335,87,0.7106208700450712,1175
quiet_dst50,1335,90,0.7093913057629446,1175
quiet_dst50,1335,93,0.7081415323025074,1175
quiet_dst50,1335,96,0.7012018913187081,1175
quiet_dst50,1335,99,0.6932533226418989,1175
quiet_dst50,1335,102,0.6909940445060551,1175
quiet_dst50,1335,105,0.6867095137739753,1175
quiet_dst50,1335,108,0.6745481451125523,1175
quiet_dst50,1335,111,0.6628905307992297,1174
quiet_dst50,1335,114,0.6593499138854405,1172
quiet_dst50,1335,117,0.6571688709367239,1170
quiet_dst50,1335,120,0.6453134258902095,1168
quiet_dst50,1405,0,0.8528813983591743,1198
quiet_dst50,1405,3,0.8573737417949092,1196
quiet_dst50,1405,6,0.8621598708759088,1195
quiet_dst50,1405,9,0.8643735112095778,1194
quiet_dst50,1405,12,0.8626034361233306,1193
quiet_dst50,1405,15,0.8623532757317964,1192
quiet_dst50,1405,18,0.8636571316778945,1192
quiet_dst50,1405,21,0.8678218045071548,1192
quiet_dst50,1405,24,0.8682140205300223,1192
quiet_dst50,1405,27,0.8681968366607206,1191
quiet_dst50,1405,30,0.8717227522929786,1191
quiet_dst50,1405,33,0.8721048407867534,1191
quiet_dst50,1405,36,0.8687304408010733,1191
quiet_dst50,1405,39,0.8647480461932716,1191
quiet_dst50,1405,42,0.8631019726277149,1190
quiet_dst50,1405,45,0.8621946581964333,1190
quiet_dst50,1405,48,0.8604227909076361,1190
quiet_dst50,1405,51,0.8579312830054772,1190
quiet_dst50,1405,54,0.8559436566952743,1190
quiet_dst50,1405,57,0.8522151180606639,1190
quiet_dst50,1405,60,0.8464766287971568,1190
quiet_dst50,1405,63,0.8426798749165544,1189
quiet_dst50,1405,66,0.8400758294859162,1188
quiet_dst50,1405,69,0.8372006065596785,1186
quiet_dst50,1405,72,0.8336570598011688,1184
quiet_dst50,1405,75,0.8313504520099174,1182
quiet_dst50,1405,78,0.8302978029347008,1180
quiet_dst50,1405,81,0.8272857209244542,1178
quiet_dst50,1405,84,0.8209539992717562,1176
quiet_dst50,1405,87,0.815723295516329,1175
quiet_dst50,1405,90,0.814255067643789,1175
quiet_dst50,1405,93,0.8133722032072823,1175
quiet_dst50,1405,96,0.8074837501784576,1175
quiet_dst50,1405,99,0.802001877411953,1175
quiet_dst50,1405,102,0.8005781807449138,1175
quiet_dst50,1405,105,0.79646188476478,1175
quiet_dst50,1405,108,0.7851340041616705,1175
quiet_dst50,1405,111,0.7754583274274682,1174
quiet_dst50,1405,114,0.7723383237917721,1172
quiet_dst50,1405,117,0.7696091418105973,1170
quiet_dst50,1405,120,0.7598236635859528,1168
