wavelength,window,geomag,period,peak_lag_hours,peak_r,n
256,-1,all,full,39,0.23933951073134577,1652
284,-1,all,full,39,0.27015535927108086,1652
304,-1,all,full,39,0.27261443029602206,1652
1175,-1,all,full,15,0.3314680025597128,1660
1216,-1,all,full,36,0.3177363122122722,1653
1335,-1,all,full,39,0.2897294543307531,1652
1405,-1,all,full,39,0.3336311233976399,1652
256,-1,quiet_kp4,full,15,0.23383927903850799,858
284,-1,quiet_kp4,full,15,0.2549817348618701,858
304,-1,quiet_kp4,full,15,0.27968434400298,858
1175,-1,quiet_kp4,full,15,0.3470919032649247,858
1216,-1,quiet_kp4,full,12,0.30762338731073396,857
1335,-1,quiet_kp4,full,15,0.2978903682103924,858
1405,-1,quiet_kp4,full,15,0.3424275554510298,858
256,-1,quiet_kp3,full,27,0.1914613628443076,404
284,-1,quiet_kp3,full,75,0.20686208707982257,388
304,-1,quiet_kp3,full,39,0.2127628781828622,402
1175,-1,quiet_kp3,full,18,0.2743921108899157,403
1216,-1,quiet_kp3,full,12,0.26495617303665847,404
1335,-1,quiet_kp3,full,18,0.23817141352667173,403
1405,-1,quiet_kp3,full,18,0.2868019922987817,403
256,-1,all,2404,15,0.27963942662923014,201
284,-1,all,2404,15,0.3003517068124723,201
304,-1,all,2404,15,0.2962952563913108,201
1175,-1,all,2404,15,0.3035481010787646,201
1216,-1,all,2404,12,0.2855199202737714,202
1335,-1,all,2404,15,0.2758238510418206,201
1405,-1,all,2404,15,0.3045854883995862,201
256,-1,quiet_kp4,2404,15,0.22698446591576363,131
284,-1,quiet_kp4,2404,15,0.25665403298991085,131
304,-1,quiet_kp4,2404,15,0.2352319436288902,131
1175,-1,quiet_kp4,2404,111,0.25623995052566484,99
1216,-1,quiet_kp4,2404,36,0.24941620771046416,124
1335,-1,quiet_kp4,2404,39,0.2017773535746992,123
1405,-1,quiet_kp4,2404,15,0.2525543159130946,131
256,-1,quiet_kp3,2404,111,0.4880902043692741,44
284,-1,quiet_kp3,2404,111,0.5109231853417899,44
304,-1,quiet_kp3,2404,111,0.5465821000704721,44
1175,-1,quiet_kp3,2404,111,0.5594080338266385,44
1216,-1,quiet_kp3,2404,111,0.5162790697674419,44
1335,-1,quiet_kp3,2404,111,0.5495419309372798,44
1405,-1,quiet_kp3,2404,111,0.5423537702607469,44
256,-1,all,2405,42,0.18117778772951187,175
284,-1,all,2405,30,0.17121361397223467,175
304,-1,all,2405,54,0.20370801612180925,175
1175,-1,all,2405,18,0.1940550828481863,175
1216,-1,all,2405,84,0.22850201522615315,175
1335,-1,all,2405,54,0.20429690998656516,175
1405,-1,all,2405,9,0.17570532915360504,175
256,-1,quiet_kp4,2405,42,0.23428571428571426,49
284,-1,quiet_kp4,2405,6,0.23551020408163262,49
304,-1,quiet_kp4,2405,6,0.27816326530612245,49
1175,-1,quiet_kp4,2405,111,0.30489795918367346,49
1216,-1,quiet_kp4,2405,108,0.3171428571428571,49
1335,-1,quiet_kp4,2405,81,0.2908163265306122,49
1405,-1,quiet_kp4,2405,51,0.2504081632653061,49
256,-1,quiet_kp3,2405,30,0.2905982905982906,27
284,-1,quiet_kp3,2405,30,0.2741147741147741,27
304,-1,quiet_kp3,2405,18,0.36080586080586086,27
1175,-1,quiet_kp3,2405,18,0.35836385836385837,27
1216,-1,quiet_kp3,2405,108,0.3827838827838828,27
1335,-1,quiet_kp3,2405,18,0.39316239316239315,27
1405,-1,quiet_kp3,2405,36,0.3101343101343101,27
256,-1,all,2406,30,0.10739580081648538,218
284,-1,all,2406,15,0.11332050323484119,218
304,-1,all,2406,18,0.11040853805796014,218
1175,-1,all,2406,69,0.10758344535055647,218
1216,-1,all,2406,12,0.1194490663815705,218
1335,-1,all,2406,18,0.09203674821288851,218
1405,-1,all,2406,21,0.12756179673116272,218
256,-1,quiet_kp4,2406,30,0.156028431028431,111
284,-1,quiet_kp4,2406,60,0.12707967707967707,111
304,-1,quiet_kp4,2406,42,0.11162688662688663,111
1175,-1,quiet_kp4,2406,93,0.11740084240084239,111
1216,-1,quiet_kp4,2406,60,0.0875131625131625,111
1335,-1,quiet_kp4,2406,42,0.09105826605826606,111
1405,-1,quiet_kp4,2406,42,0.1601965601965602,111
256,-1,quiet_kp3,2406,30,0.12477951635846372,75
284,-1,quiet_kp3,2406,15,0.12546230440967282,75
304,-1,quiet_kp3,2406,30,0.14307254623044097,75
1175,-1,quiet_kp3,2406,9,0.1166429587482219,75
1216,-1,quiet_kp3,2406,60,0.07342816500711237,75
1335,-1,quiet_kp3,2406,42,0.0757325746799431,75
1405,-1,quiet_kp3,2406,18,0.15092460881934563,75
256,-1,all,2407,36,0.10157653941348535,200
284,-1,all,2407,72,0.11375564523538599,204
304,-1,all,2407,36,0.08676666916672918,200
1175,-1,all,2407,36,0.10562514062851572,200
1216,-1,all,2407,36,0.14962424060601515,200
1335,-1,all,2407,102,0.09356465295092697,205
1405,-1,all,2407,120,0.09586192761377048,204
256,-1,quiet_kp4,2407,36,0.12335564616172778,162
284,-1,quiet_kp4,2407,72,0.12768460887644212,166
304,-1,quiet_kp4,2407,54,0.09414118094588479,166
1175,-1,quiet_kp4,2407,87,0.10620539374873865,162
1216,-1,quiet_kp4,2407,36,0.13980871089433372,162
1335,-1,quiet_kp4,2407,102,0.09778463726591567,167
1405,-1,quiet_kp4,2407,15,0.10907600051371724,162
256,-1,quiet_kp3,2407,120,0.12127396413110698,99
284,-1,quiet_kp3,2407,69,0.11079790331974373,101
304,-1,quiet_kp3,2407,102,0.09633889919604205,99
1175,-1,quiet_kp3,2407,111,0.13016501650165016,100
1216,-1,quiet_kp3,2407,36,0.1257450420835892,94
1335,-1,quiet_kp3,2407,90,0.11431045145330858,99
1405,-1,quiet_kp3,2407,15,0.09556563516457281,93
256,-1,all,2408,15,0.1792183116211785,242
284,-1,all,2408,39,0.18654756627848543,242
304,-1,all,2408,54,0.16362247734057117,242
1175,-1,all,2408,57,0.15292833612964382,242
1216,-1,all,2408,60,0.26707876789606955,242
1335,-1,all,2408,42,0.15715264891676312,242
1405,-1,all,2408,6,0.19374642523139948,242
256,-1,quiet_kp4,2408,36,0.15034895314057828,119
284,-1,quiet_kp4,2408,54,0.18809286426434985,119
304,-1,quiet_kp4,2408,90,0.15261358780800457,119
1175,-1,quiet_kp4,2408,33,0.16707733941034042,119
1216,-1,quiet_kp4,2408,84,0.2698048711009828,119
1335,-1,quiet_kp4,2408,45,0.15958552912690502,119
1405,-1,quiet_kp4,2408,66,0.17946873664720128,119
256,-1,quiet_kp3,2408,84,0.13357142857142856,49
284,-1,quiet_kp3,2408,90,0.15346938775510202,49
304,-1,quiet_kp3,2408,108,0.16010204081632654,49
1175,-1,quiet_kp3,2408,21,0.16887755102040813,49
1216,-1,quiet_kp3,2408,108,0.2737755102040816,49
1335,-1,quiet_kp3,2408,69,0.19857142857142854,49
1405,-1,quiet_kp3,2408,69,0.1913265306122449,49
256,-1,all,2409,30,0.15797746327738407,212
284,-1,all,2409,21,0.1613603646379754,212
304,-1,all,2409,69,0.1579434579398055,212
1175,-1,all,2409,60,0.18996892919710878,212
1216,-1,all,2409,60,0.2076592614796352,212
1335,-1,all,2409,57,0.16746873083263958,212
1405,-1,all,2409,9,0.17366903738446055,212
256,-1,quiet_kp4,2409,21,0.2486976654447232,72
284,-1,quiet_kp4,2409,45,0.24912810194500332,71
304,-1,quiet_kp4,2409,69,0.2817866100713873,72
1175,-1,quiet_kp4,2409,9,0.33690269470705514,72
1216,-1,quiet_kp4,2409,36,0.33812877263581487,71
1335,-1,quiet_kp4,2409,69,0.29960126053122393,72
1405,-1,quiet_kp4,2409,69,0.2695028619203808,72
256,-1,quiet_kp3,2409,21,0.44861660079051385,23
284,-1,quiet_kp3,2409,111,0.38,24
304,-1,quiet_kp3,2409,21,0.44762845849802374,23
1175,-1,quiet_kp3,2409,36,0.5049407114624506,23
1216,-1,quiet_kp3,2409,36,0.4535573122529644,23
1335,-1,quiet_kp3,2409,57,0.42956521739130427,24
1405,-1,quiet_kp3,2409,105,0.3921739130434782,24
256,-1,all,2410,60,0.23372417056627584,209
284,-1,all,2410,45,0.2423444976076555,209
304,-1,all,2410,60,0.23975366738524634,209
1175,-1,all,2410,84,0.2559581913128824,208
1216,-1,all,2410,60,0.31365870971134135,209
1335,-1,all,2410,48,0.24349597770650405,209
1405,-1,all,2410,45,0.24843577475156423,209
256,-1,quiet_kp4,2410,93,0.25009445447294404,83
284,-1,quiet_kp4,2410,45,0.2645984635405734,83
304,-1,quiet_kp4,2410,12,0.2857946554149086,80
1175,-1,quiet_kp4,2410,36,0.2884009907224718,83
1216,-1,quiet_kp4,2410,36,0.3577305738633978,83
1335,-1,quiet_kp4,2410,12,0.2559071729957806,80
1405,-1,quiet_kp4,2410,12,0.2541256446319738,80
256,-1,quiet_kp3,2410,21,0.3333333333333333,18
284,-1,quiet_kp3,2410,69,0.27347781217750256,18
304,-1,quiet_kp3,2410,72,0.30443756449948395,18
1175,-1,quiet_kp3,2410,93,0.35397316821465424,18
1216,-1,quiet_kp3,2410,72,0.38906088751289986,18
1335,-1,quiet_kp3,2410,93,0.29411764705882354,18
1405,-1,quiet_kp3,2410,72,0.40763673890608876,18
256,-1,all,2411,45,0.33633815424428565,203
284,-1,all,2411,54,0.3439539694334545,203
304,-1,all,2411,63,0.3183881268451389,203
1175,-1,all,2411,75,0.3491497657444679,203
1216,-1,all,2411,60,0.3520388694911219,203
1335,-1,all,2411,39,0.33124564267496015,203
1405,-1,all,2411,39,0.3438277325269473,203
256,-1,quiet_kp4,2411,45,0.30756512802180613,139
284,-1,quiet_kp4,2411,30,0.30023813383441134,138
304,-1,quiet_kp4,2411,15,0.2913967415145734,133
1175,-1,quiet_kp4,2411,15,0.33048530416951466,133
1216,-1,quiet_kp4,2411,12,0.33715099685368866,132
1335,-1,quiet_kp4,2411,18,0.3086048454469507,134
1405,-1,quiet_kp4,2411,18,0.3437923166124266,134
256,-1,quiet_kp3,2411,21,0.2551092318534179,44
284,-1,quiet_kp3,2411,9,0.21775898520084566,44
304,-1,quiet_kp3,2411,9,0.2063424947145877,44
1175,-1,quiet_kp3,2411,12,0.2957011980267794,44
1216,-1,quiet_kp3,2411,12,0.2887949260042283,44
1335,-1,quiet_kp3,2411,39,0.20158102766798416,45
1405,-1,quiet_kp3,2411,18,0.3169837914023961,44
256,5,all,full,33,0.5138341691347638,1654
284,5,all,full,33,0.5802898972663011,1654
304,5,all,full,42,0.582698283966134,1651
1175,5,all,full,42,0.7153198409757866,1651
1216,5,all,full,42,0.6451584982480485,1651
1335,5,all,full,45,0.6235917958992829,1651
1405,5,all,full,42,0.7218934968674727,1651
256,5,quiet_kp4,full,21,0.4753589759529339,860
284,5,quiet_kp4,full,21,0.5260395065748545,860
304,5,quiet_kp4,full,21,0.5848665384576563,860
1175,5,quiet_kp4,full,42,0.735698106868716,856
1216,5,quiet_kp4,full,18,0.6571773219606016,859
1335,5,quiet_kp4,full,21,0.6306754348373006,860
1405,5,quiet_kp4,full,21,0.7422256127039552,860
256,5,quiet_kp3,full,24,0.4786972659217948,404
284,5,quiet_kp3,full,30,0.5055859683964766,403
304,5,quiet_kp3,full,33,0.5343933414861054,402
1175,5,quiet_kp3,full,24,0.6672142648508027,404
1216,5,quiet_kp3,full,18,0.5968462480854211,403
1335,5,quiet_kp3,full,24,0.5795224849201214,404
1405,5,quiet_kp3,full,24,0.691615596629969,404
256,5,all,2404,18,0.6846531163279083,200
284,5,all,2404,18,0.6885052126303159,200
304,5,all,2404,9,0.6961147723001799,203
1175,5,all,2404,18,0.6776119402985075,200
1216,5,all,2404,18,0.7165124128103203,200
1335,5,all,2404,9,0.6805876327997913,203
1405,5,all,2404,18,0.6776554413860346,200
256,5,quiet_kp4,2404,18,0.5872837263925494,130
284,5,quiet_kp4,2404,18,0.597334389381256,130
304,5,quiet_kp4,2404,18,0.5924729273921534,130
1175,5,quiet_kp4,2404,18,0.5671878627319777,130
1216,5,quiet_kp4,2404,18,0.6113889306149203,130
1335,5,quiet_kp4,2404,18,0.5594095235494135,130
1405,5,quiet_kp4,2404,9,0.5687046653268177,133
256,5,quiet_kp3,2404,30,0.6692391793684482,72
284,5,quiet_kp3,2404,18,0.6595927434283597,74
304,5,quiet_kp3,2404,42,0.6876741611634919,68
1175,5,quiet_kp3,2404,18,0.6577563865235097,74
1216,5,quiet_kp3,2404,42,0.7322212467076382,68
1335,5,quiet_kp3,2404,42,0.6601900981028361,68
1405,5,quiet_kp3,2404,6,0.6310384068278805,75
256,5,all,2405,36,0.5613860277653382,175
284,5,all,2405,57,0.5603179579041648,175
304,5,all,2405,51,0.6027004030452306,175
1175,5,all,2405,57,0.5542991491267354,175
1216,5,all,2405,78,0.604205105239588,175
1335,5,all,2405,57,0.6002575011195701,175
1405,5,all,2405,75,0.5321518137035379,175
256,5,quiet_kp4,2405,9,0.6658163265306123,49
284,5,quiet_kp4,2405,9,0.6941836734693877,49
304,5,quiet_kp4,2405,24,0.6925510204081631,49
1175,5,quiet_kp4,2405,24,0.6758163265306122,49
1216,5,quiet_kp4,2405,78,0.7171428571428571,49
1335,5,quiet_kp4,2405,24,0.7008163265306121,49
1405,5,quiet_kp4,2405,24,0.635408163265306,49
256,5,quiet_kp3,2405,24,0.5811965811965812,27
284,5,quiet_kp3,2405,12,0.6141636141636141,27
304,5,quiet_kp3,2405,24,0.6147741147741148,27
1175,5,quiet_kp3,2405,24,0.6208791208791209,27
1216,5,quiet_kp3,2405,78,0.6312576312576313,27
1335,5,quiet_kp3,2405,24,0.6282051282051282,27
1405,5,quiet_kp3,2405,21,0.5482295482295482,27
256,5,all,2406,21,0.3689954473034496,218
284,5,all,2406,21,0.35546187485847025,218
304,5,all,2406,21,0.3121831688644436,218
1175,5,all,2406,15,0.2844870672954689,218
1216,5,all,2406,18,0.2625627725985698,218
1335,5,all,2406,24,0.2226107030357295,218
1405,5,all,2406,24,0.39098576507715144,218
256,5,quiet_kp4,2406,21,0.27603545103545096,111
284,5,quiet_kp4,2406,12,0.24788522288522288,111
304,5,quiet_kp4,2406,21,0.20332572832572832,111
1175,5,quiet_kp4,2406,15,0.15974903474903476,111
1216,5,quiet_kp4,2406,18,0.18912776412776414,111
1335,5,quiet_kp4,2406,24,0.1548876798876799,111
1405,5,quiet_kp4,2406,24,0.3150842400842401,111
256,5,quiet_kp3,2406,21,0.3015931721194879,75
284,5,quiet_kp3,2406,21,0.27584637268847795,75
304,5,quiet_kp3,2406,21,0.3007965860597439,75
1175,5,quiet_kp3,2406,15,0.22230440967283072,75
1216,5,quiet_kp3,2406,18,0.19587482219061167,75
1335,5,quiet_kp3,2406,24,0.18458036984352771,75
1405,5,quiet_kp3,2406,24,0.3880796586059743,75
256,5,all,2407,75,0.23883018553956242,203
284,5,all,2407,90,0.26016403132850596,201
304,5,all,2407,78,0.23924347438052382,202
1175,5,all,2407,66,0.24118509061831858,206
1216,5,all,2407,114,0.25869170553250487,206
1335,5,all,2407,102,0.2569597860456046,205
1405,5,all,2407,66,0.25496607604320026,206
256,5,quiet_kp4,2407,78,0.2769877436643859,164
284,5,quiet_kp4,2407,90,0.32372077299505103,163
304,5,quiet_kp4,2407,72,0.274416774337415,166
1175,5,quiet_kp4,2407,66,0.280113483936607,168
1216,5,quiet_kp4,2407,90,0.27220254820135115,163
1335,5,quiet_kp4,2407,96,0.269329201506692,165
1405,5,quiet_kp4,2407,60,0.29750051882709644,168
256,5,quiet_kp3,2407,60,0.20992428654630169,101
284,5,quiet_kp3,2407,108,0.24405640564056402,100
304,5,quiet_kp3,2407,60,0.25429237041351194,101
1175,5,quiet_kp3,2407,114,0.2708101422387137,99
1216,5,quiet_kp3,2407,114,0.25087198515769943,99
1335,5,quiet_kp3,2407,96,0.24022263450834877,99
1405,5,quiet_kp3,2407,69,0.2612580081537565,101
256,5,all,2408,18,0.5397277185281713,242
284,5,all,2408,45,0.5499874896329064,242
304,5,all,2408,99,0.42404302042174546,242
1175,5,all,2408,63,0.37916572997674475,242
1216,5,all,2408,42,0.5230556963236456,242
1335,5,all,2408,12,0.40476731775612707,242
1405,5,all,2408,12,0.48405044620309307,242
256,5,quiet_kp4,2408,33,0.4359777809428857,119
284,5,quiet_kp4,2408,72,0.4586668565731378,119
304,5,quiet_kp4,2408,96,0.4087950434411053,119
1175,5,quiet_kp4,2408,39,0.38020225039168215,119
1216,5,quiet_kp4,2408,90,0.5380430138156959,119
1335,5,quiet_kp4,2408,39,0.41197122916963397,119
1405,5,quiet_kp4,2408,39,0.437152827232588,119
256,5,quiet_kp3,2408,78,0.5573469387755101,49
284,5,quiet_kp3,2408,57,0.5780612244897959,49
304,5,quiet_kp3,2408,60,0.550204081632653,49
1175,5,quiet_kp3,2408,15,0.5449999999999999,49
1216,5,quiet_kp3,2408,42,0.6027551020408163,49
1335,5,quiet_kp3,2408,60,0.5448979591836735,49
1405,5,quiet_kp3,2408,36,0.561734693877551,49
256,5,all,2409,24,0.5075938956640675,212
284,5,all,2409,27,0.5087047366916333,212
304,5,all,2409,42,0.4912877065666826,212
1175,5,all,2409,63,0.528876199160446,212
1216,5,all,2409,66,0.5392390109232701,212
1335,5,all,2409,63,0.5116103038691777,212
1405,5,all,2409,15,0.5296255760441213,212
256,5,quiet_kp4,2409,27,0.5767251913306323,72
284,5,quiet_kp4,2409,51,0.5756539235412474,71
304,5,quiet_kp4,2409,15,0.5710013505691685,72
1175,5,quiet_kp4,2409,15,0.6713293459386457,72
1216,5,quiet_kp4,2409,42,0.6353789403085177,71
1335,5,quiet_kp4,2409,51,0.5816566063044936,71
1405,5,quiet_kp4,2409,51,0.6450704225352113,71
256,5,quiet_kp3,2409,108,0.72,24
284,5,quiet_kp3,2409,120,0.6608695652173912,24
304,5,quiet_kp3,2409,114,0.6626086956521738,24
1175,5,quiet_kp3,2409,15,0.7865612648221343,23
1216,5,quiet_kp3,2409,114,0.7269565217391305,24
1335,5,quiet_kp3,2409,51,0.6913043478260869,24
1405,5,quiet_kp3,2409,63,0.6643478260869564,24
256,5,all,2410,63,0.6088674483411325,209
284,5,all,2410,75,0.598997055576003,209
304,5,all,2410,63,0.5953625322046374,209
1175,5,all,2410,39,0.6091185130658816,209
1216,5,all,2410,66,0.6558993637941006,209
1335,5,all,2410,63,0.6034334086965666,209
1405,5,all,2410,63,0.629647983595352,209
256,5,quiet_kp4,2410,42,0.5664539691868519,83
284,5,quiet_kp4,2410,39,0.5897737290625917,83
304,5,quiet_kp4,2410,6,0.5733886366797758,78
1175,5,quiet_kp4,2410,90,0.6556819612946558,83
1216,5,quiet_kp4,2410,42,0.6217413206834305,83
1335,5,quiet_kp4,2410,9,0.581840311587147,79
1405,5,quiet_kp4,2410,84,0.5988623483480962,83
256,5,quiet_kp3,2410,24,0.6594427244582043,18
284,5,quiet_kp3,2410,39,0.6099071207430341,18
304,5,quiet_kp3,2410,66,0.564499484004128,18
1175,5,quiet_kp3,2410,42,0.6594427244582043,18
1216,5,quiet_kp3,2410,66,0.6388028895768835,18
1335,5,quiet_kp3,2410,42,0.5975232198142414,18
1405,5,quiet_kp3,2410,42,0.632610939112487,18
256,5,all,2411,63,0.7718110118748763,203
284,5,all,2411,57,0.7948779375184695,203
304,5,all,2411,66,0.7329286101603495,203
1175,5,all,2411,78,0.7643257371231185,203
1216,5,all,2411,66,0.7416174390548299,203
1335,5,all,2411,66,0.7512745624026327,203
1405,5,all,2411,66,0.7535583028021725,203
256,5,quiet_kp4,2411,42,0.7866571339201929,139
284,5,quiet_kp4,2411,6,0.7793660981305219,130
304,5,quiet_kp4,2411,9,0.7407302621043078,131
1175,5,quiet_kp4,2411,21,0.784435664813189,135
1216,5,quiet_kp4,2411,18,0.7618374293943816,134
1335,5,quiet_kp4,2411,21,0.772758755243391,135
1405,5,quiet_kp4,2411,21,0.7696517412935325,135
256,5,quiet_kp3,2411,39,0.6500658761528326,45
284,5,quiet_kp3,2411,57,0.6591567852437417,45
304,5,quiet_kp3,2411,45,0.6447957839262187,45
1175,5,quiet_kp3,2411,18,0.7079633544749823,44
1216,5,quiet_kp3,2411,42,0.6807641633728589,45
1335,5,quiet_kp3,2411,45,0.653623188405797,45
1405,5,quiet_kp3,2411,15,0.6349541930937279,44
256,9,all,full,27,0.5666187174724132,1656
284,9,all,full,39,0.6397210633396712,1652
304,9,all,full,48,0.6401849291773221,1651
1175,9,all,full,48,0.7786403507076135,1651
1216,9,all,full,48,0.6964863109664925,1651
1335,9,all,full,48,0.6825270312231475,1651
1405,9,all,full,27,0.7910368406823943,1656
256,9,quiet_kp4,full,27,0.5342200237545444,860
284,9,quiet_kp4,full,27,0.5867428474833173,860
304,9,quiet_kp4,full,27,0.647935787453899,860
1175,9,quiet_kp4,full,27,0.8114169347016048,860
1216,9,quiet_kp4,full,24,0.7098879634869392,860
1335,9,quiet_kp4,full,27,0.6969737623690927,860
1405,9,quiet_kp4,full,27,0.8170856319154972,860
256,9,quiet_kp3,full,27,0.5651282415255586,404
284,9,quiet_kp3,full,27,0.6005679807021231,404
304,9,quiet_kp3,full,30,0.6199814381645564,403
1175,9,quiet_kp3,full,30,0.7541840217872385,403
1216,9,quiet_kp3,full,24,0.6645481587033806,404
1335,9,quiet_kp3,full,30,0.6578425221508114,403
1405,9,quiet_kp3,full,27,0.7911184997738814,404
256,9,all,2404,12,0.8281096104610828,202
284,9,all,2404,12,0.8202359902191233,202
304,9,all,2404,12,0.8359570241267932,202
1175,9,all,2404,12,0.8062052804795221,202
1216,9,all,2404,12,0.8337163618574929,202
1335,9,all,2404,12,0.822727070883693,202
1405,9,all,2404,12,0.8047202411587383,202
256,9,quiet_kp4,2404,12,0.748566419518609,132
284,9,quiet_kp4,2404,12,0.7579792646084328,132
304,9,quiet_kp4,2404,12,0.7558504171601801,132
1175,9,quiet_kp4,2404,12,0.7068295304534757,132
1216,9,quiet_kp4,2404,12,0.7463801766734669,132
1335,9,quiet_kp4,2404,12,0.722107141552702,132
1405,9,quiet_kp4,2404,12,0.7301946747507212,132
256,9,quiet_kp3,2404,36,0.8529510395707578,71
284,9,quiet_kp3,2404,12,0.8360170697012801,75
304,9,quiet_kp3,2404,36,0.8461099932930918,71
1175,9,quiet_kp3,2404,12,0.810384068278805,75
1216,9,quiet_kp3,2404,12,0.8419630156472261,75
1335,9,quiet_kp3,2404,12,0.8162162162162161,75
1405,9,quiet_kp3,2404,6,0.8256614509246087,75
256,9,all,2405,33,0.6929825347066726,175
284,9,all,2405,42,0.6989319301388268,175
304,9,all,2405,63,0.7171182266009853,175
1175,9,all,2405,6,0.6741043439319303,175
1216,9,all,2405,72,0.7192588446036722,175
1335,9,all,2405,78,0.7027810120913569,175
1405,9,all,2405,6,0.6799574563367667,175
256,9,quiet_kp4,2405,18,0.6845918367346937,49
284,9,quiet_kp4,2405,39,0.688877551020408,49
304,9,quiet_kp4,2405,48,0.6779591836734693,49
1175,9,quiet_kp4,2405,99,0.6901020408163263,49
1216,9,quiet_kp4,2405,108,0.6926530612244897,49
1335,9,quiet_kp4,2405,99,0.663877551020408,49
1405,9,quiet_kp4,2405,36,0.6355102040816326,49
256,9,quiet_kp3,2405,30,0.7203907203907204,27
284,9,quiet_kp3,2405,33,0.7014652014652014,27
304,9,quiet_kp3,2405,111,0.771062271062271,27
1175,9,quiet_kp3,2405,51,0.6965811965811965,27
1216,9,quiet_kp3,2405,108,0.8034188034188033,27
1335,9,quiet_kp3,2405,84,0.6654456654456654,27
1405,9,quiet_kp3,2405,36,0.6489621489621489,27
256,9,all,2406,27,0.5505716498066507,218
284,9,all,2406,27,0.5449631631771925,218
304,9,all,2406,30,0.4385536544641735,218
1175,9,all,2406,21,0.396348692192887,218
1216,9,all,2406,12,0.31445922756475037,218
1335,9,all,2406,30,0.3153534348505706,218
1405,9,all,2406,30,0.5526693303696307,218
256,9,quiet_kp4,2406,18,0.5023429273429273,111
284,9,quiet_kp4,2406,27,0.44838539838539837,111
304,9,quiet_kp4,2406,30,0.30847665847665845,111
1175,9,quiet_kp4,2406,72,0.2742541242541242,111
1216,9,quiet_kp4,2406,24,0.19860477360477358,111
1335,9,quiet_kp4,2406,30,0.19065461565461564,111
1405,9,quiet_kp4,2406,30,0.5005967005967006,111
256,9,quiet_kp3,2406,18,0.4551066856330014,75
284,9,quiet_kp3,2406,27,0.42187766714082503,75
304,9,quiet_kp3,2406,30,0.41866287339971553,75
1175,9,quiet_kp3,2406,72,0.199402560455192,75
1216,9,quiet_kp3,2406,36,0.06842105263157894,75
1335,9,quiet_kp3,2406,78,0.1607112375533428,75
1405,9,quiet_kp3,2406,30,0.5033854907539118,75
256,9,all,2407,57,0.3665306236157735,205
284,9,all,2407,60,0.4310576655787664,206
304,9,all,2407,66,0.37331864496357076,206
1175,9,all,2407,99,0.3370970591769088,204
1216,9,all,2407,120,0.3799478412054477,204
1335,9,all,2407,99,0.38939861899343425,204
1405,9,all,2407,63,0.3961377823993521,206
256,9,quiet_kp4,2407,42,0.42779238484759957,162
284,9,quiet_kp4,2407,60,0.4899499395123532,168
304,9,quiet_kp4,2407,66,0.4085851964709635,168
1175,9,quiet_kp4,2407,99,0.34621009896964017,166
1216,9,quiet_kp4,2407,120,0.3913806559935988,166
1335,9,quiet_kp4,2407,102,0.40838890205819006,167
1405,9,quiet_kp4,2407,120,0.43842435610706304,166
256,9,quiet_kp3,2407,30,0.3983169705469845,93
284,9,quiet_kp3,2407,57,0.44646476412347114,101
304,9,quiet_kp3,2407,114,0.4317625231910946,99
1175,9,quiet_kp3,2407,120,0.42999381570810136,99
1216,9,quiet_kp3,2407,120,0.4517748917748917,99
1335,9,quiet_kp3,2407,102,0.4470624613481756,99
1405,9,quiet_kp3,2407,102,0.43442176870748295,99
256,9,all,2408,24,0.6746415494057894,242
284,9,all,2408,42,0.6830182033250058,242
304,9,all,2408,90,0.5512897532261295,242
1175,9,all,2408,66,0.4441646017152116,242
1216,9,all,2408,48,0.6435912839785594,242
1335,9,all,2408,69,0.5037706796791419,242
1405,9,all,2408,6,0.6096765466814505,242
256,9,quiet_kp4,2408,27,0.5896168636946305,119
284,9,quiet_kp4,2408,66,0.6161586668565732,119
304,9,quiet_kp4,2408,90,0.5332644922375731,119
1175,9,quiet_kp4,2408,9,0.490777666999003,119
1216,9,quiet_kp4,2408,96,0.6058111380145278,119
1335,9,quiet_kp4,2408,48,0.5006622988178323,119
1405,9,quiet_kp4,2408,33,0.5748397664150406,119
256,9,quiet_kp3,2408,36,0.6563265306122449,49
284,9,quiet_kp3,2408,51,0.6963265306122448,49
304,9,quiet_kp3,2408,54,0.6937755102040815,49
1175,9,quiet_kp3,2408,21,0.671938775510204,49
1216,9,quiet_kp3,2408,48,0.7065306122448979,49
1335,9,quiet_kp3,2408,54,0.7130612244897958,49
1405,9,quiet_kp3,2408,30,0.6745918367346938,49
256,9,all,2409,18,0.6603949908878289,212
284,9,all,2409,21,0.6543445597127431,212
304,9,all,2409,48,0.6398771777584942,212
1175,9,all,2409,48,0.6687552661043612,212
1216,9,all,2409,48,0.6729945981891529,212
1335,9,all,2409,57,0.6555611951238864,212
1405,9,all,2409,21,0.6742565740504011,212
256,9,quiet_kp4,2409,36,0.6573105298457411,71
284,9,quiet_kp4,2409,57,0.6745771432246448,72
304,9,quiet_kp4,2409,9,0.6502668981928098,72
1175,9,quiet_kp4,2409,120,0.712760705911391,73
1216,9,quiet_kp4,2409,48,0.6701207243460765,71
1335,9,quiet_kp4,2409,57,0.6524856903980965,72
1405,9,quiet_kp4,2409,36,0.7272300469483568,71
256,9,quiet_kp3,2409,102,0.7808695652173911,24
284,9,quiet_kp3,2409,57,0.8008695652173912,24
304,9,quiet_kp3,2409,45,0.8191699604743082,23
1175,9,quiet_kp3,2409,78,0.7913043478260868,24
1216,9,quiet_kp3,2409,12,0.8666007905138341,23
1335,9,quiet_kp3,2409,45,0.8715415019762847,23
1405,9,quiet_kp3,2409,36,0.8567193675889329,23
256,9,all,2410,57,0.717326094957674,209
284,9,all,2410,57,0.7026802145223198,209
304,9,all,2410,45,0.699231032125769,209
1175,9,all,2410,45,0.6989825963510173,209
1216,9,all,2410,48,0.7511554235238447,209
1335,9,all,2410,57,0.7135114885114886,209
1405,9,all,2410,54,0.7206530311793471,209
256,9,quiet_kp4,2410,42,0.7249905545527056,83
284,9,quiet_kp4,2410,42,0.6945762142647243,83
304,9,quiet_kp4,2410,15,0.7014227642276423,81
1175,9,quiet_kp4,2410,87,0.7514587968599135,83
1216,9,quiet_kp4,2410,24,0.7462533059065529,83
1335,9,quiet_kp4,2410,15,0.7303974706413731,81
1405,9,quiet_kp4,2410,15,0.718360433604336,81
256,9,quiet_kp3,2410,21,0.8328173374613003,18
284,9,quiet_kp3,2410,69,0.6759545923632612,18
304,9,quiet_kp3,2410,24,0.653250773993808,18
1175,9,quiet_kp3,2410,120,0.7573529411764707,17
1216,9,quiet_kp3,2410,69,0.7131062951496387,18
1335,9,quiet_kp3,2410,24,0.6367389060887513,18
1405,9,quiet_kp3,2410,81,0.8555211558307534,18
256,9,all,2411,57,0.818986317640747,203
284,9,all,2411,51,0.8421192307581962,203
304,9,all,2411,60,0.7703736325530554,203
1175,9,all,2411,75,0.7938336140191823,203
1216,9,all,2411,48,0.7814566591402694,203
1335,9,all,2411,60,0.7918755074580192,203
1405,9,all,2411,63,0.7932856310841168,203
256,9,quiet_kp4,2411,45,0.8570579561195762,139
284,9,quiet_kp4,2411,36,0.8442244961794538,139
304,9,quiet_kp4,2411,15,0.8069852378571938,133
1175,9,quiet_kp4,2411,27,0.8487174939795022,137
1216,9,quiet_kp4,2411,24,0.8193120557225323,136
1335,9,quiet_kp4,2411,18,0.8358283769124303,134
1405,9,quiet_kp4,2411,30,0.8366671309096801,138
256,9,quiet_kp3,2411,9,0.7495419309372798,44
284,9,quiet_kp3,2411,9,0.8059196617336153,44
304,9,quiet_kp3,2411,6,0.7386892177589851,44
1175,9,quiet_kp3,2411,24,0.8422924901185771,45
1216,9,quiet_kp3,2411,12,0.7357293868921775,44
1335,9,quiet_kp3,2411,6,0.694291754756871,44
1405,9,quiet_kp3,2411,6,0.7961945031712473,44
256,13,all,full,33,0.5845232451748514,1654
284,13,all,full,45,0.6610852993263243,1651
304,13,all,full,45,0.6611877299265528,1651
1175,13,all,full,30,0.8030876643311444,1655
1216,13,all,full,30,0.712960342819271,1655
1335,13,all,full,48,0.7047641401705195,1651
1405,13,all,full,33,0.8174022998627578,1654
256,13,quiet_kp4,full,30,0.5527076284612684,860
284,13,quiet_kp4,full,45,0.6081123729945591,856
304,13,quiet_kp4,full,33,0.6692392508809653,859
1175,13,quiet_kp4,full,33,0.840954215938649,859
1216,13,quiet_kp4,full,30,0.7270984902346674,860
1335,13,quiet_kp4,full,33,0.7189460943799413,859
1405,13,quiet_kp4,full,33,0.8413877835081507,859
256,13,quiet_kp3,full,24,0.5893040916994925,404
284,13,quiet_kp3,full,30,0.6252359190217011,403
304,13,quiet_kp3,full,36,0.644086517161413,402
1175,13,quiet_kp3,full,33,0.7781722502011331,402
1216,13,quiet_kp3,full,30,0.6832741068262598,403
1335,13,quiet_kp3,full,33,0.6759591706264504,402
1405,13,quiet_kp3,full,24,0.8115869155153728,404
256,13,all,2404,6,0.861150179163339,204
284,13,all,2404,6,0.8561279516011618,204
304,13,all,2404,18,0.8686027150678768,200
1175,13,all,2404,6,0.8459986854287552,204
1216,13,all,2404,18,0.8580634515862897,200
1335,13,all,2404,18,0.85121578039451,200
1405,13,all,2404,6,0.8415998190697642,204
256,13,quiet_kp4,2404,6,0.822307011309368,134
284,13,quiet_kp4,2404,6,0.8287809074926121,134
304,13,quiet_kp4,2404,30,0.8282714660667416,126
1175,13,quiet_kp4,2404,6,0.7805558672801407,134
1216,13,quiet_kp4,2404,27,0.8221784776902887,127
1335,13,quiet_kp4,2404,18,0.7949719373472258,130
1405,13,quiet_kp4,2404,6,0.8059277547101587,134
256,13,quiet_kp3,2404,30,0.9164576500096471,72
284,13,quiet_kp3,2404,18,0.9078267308404292,74
304,13,quiet_kp3,2404,30,0.9144639526657664,72
1175,13,quiet_kp3,2404,9,0.8659174964438122,75
1216,13,quiet_kp3,2404,30,0.9182905653096664,72
1335,13,quiet_kp3,2404,30,0.8756190108688664,72
1405,13,quiet_kp3,2404,9,0.8792318634423897,75
256,13,all,2405,27,0.7481930138826691,175
284,13,all,2405,39,0.7519905956112853,175
304,13,all,2405,63,0.7806538289296912,175
1175,13,all,2405,9,0.7356068069861174,175
1216,13,all,2405,90,0.7743260188087775,175
1335,13,all,2405,69,0.7650179131213614,175
1405,13,all,2405,9,0.744935064935065,175
256,13,quiet_kp4,2405,27,0.8030612244897958,49
284,13,quiet_kp4,2405,45,0.7946938775510204,49
304,13,quiet_kp4,2405,60,0.7718367346938775,49
1175,13,quiet_kp4,2405,93,0.7594897959183673,49
1216,13,quiet_kp4,2405,90,0.7843877551020407,49
1335,13,quiet_kp4,2405,99,0.763673469387755,49
1405,13,quiet_kp4,2405,42,0.7483673469387754,49
256,13,quiet_kp3,2405,24,0.7442002442002441,27
284,13,quiet_kp3,2405,45,0.7619047619047619,27
304,13,quiet_kp3,2405,93,0.7002442002442002,27
1175,13,quiet_kp3,2405,93,0.6855921855921856,27
1216,13,quiet_kp3,2405,93,0.7087912087912087,27
1335,13,quiet_kp3,2405,45,0.6886446886446885,27
1405,13,quiet_kp3,2405,30,0.6147741147741148,27
256,13,all,2406,24,0.684505831748876,218
284,13,all,2406,21,0.6829791928852605,218
304,13,all,2406,33,0.5667426704249627,218
1175,13,all,2406,27,0.4868257900037587,218
1216,13,all,2406,6,0.4393227653939463,218
1335,13,all,2406,33,0.38072670558167193,218
1405,13,all,2406,36,0.7023563867770833,218
256,13,quiet_kp4,2406,24,0.642901017901018,111
284,13,quiet_kp4,2406,33,0.6078887328887329,111
304,13,quiet_kp4,2406,33,0.37390312390312386,111
1175,13,quiet_kp4,2406,75,0.3598016848016848,111
1216,13,quiet_kp4,2406,6,0.2957177957177957,111
1335,13,quiet_kp4,2406,36,0.2017286767286767,111
1405,13,quiet_kp4,2406,36,0.6402334152334151,111
256,13,quiet_kp3,2406,33,0.6073968705547653,75
284,13,quiet_kp3,2406,33,0.6013086770981507,75
304,13,quiet_kp3,2406,33,0.476927453769559,75
1175,13,quiet_kp3,2406,75,0.26597439544807966,75
1216,13,quiet_kp3,2406,6,0.17206258890469417,75
1335,13,quiet_kp3,2406,108,0.170298719772404,75
1405,13,quiet_kp3,2406,36,0.6634139402560454,75
256,13,all,2407,60,0.4466328285064193,206
284,13,all,2407,63,0.5040396448709105,206
304,13,all,2407,72,0.4612717416655476,204
1175,13,all,2407,102,0.421885751695895,205
1216,13,all,2407,102,0.4541864579125517,205
1335,13,all,2407,117,0.49615132816091145,205
1405,13,all,2407,57,0.5033527879539218,205
256,13,quiet_kp4,2407,48,0.5513963516656917,164
284,13,quiet_kp4,2407,63,0.6003740616822147,168
304,13,quiet_kp4,2407,60,0.5082075915793098,168
1175,13,quiet_kp4,2407,102,0.4806239500345265,167
1216,13,quiet_kp4,2407,102,0.47204901728384885,167
1335,13,quiet_kp4,2407,117,0.5157997258495057,167
1405,13,quiet_kp4,2407,120,0.5345528002046291,166
256,13,quiet_kp3,2407,66,0.4974606872451951,101
284,13,quiet_kp3,2407,63,0.5730343622597553,101
304,13,quiet_kp3,2407,117,0.5587755102040816,99
1175,13,quiet_kp3,2407,117,0.5476066790352504,99
1216,13,quiet_kp3,2407,114,0.5297093382807667,99
1335,13,quiet_kp3,2407,117,0.5557575757575757,99
1405,13,quiet_kp3,2407,108,0.5771977197719771,100
256,13,all,2408,18,0.7388063966713534,242
284,13,all,2408,48,0.7463287047091901,242
304,13,all,2408,96,0.5919139422220021,242
1175,13,all,2408,6,0.4632320099439426,242
1216,13,all,2408,66,0.6777304034942662,242
1335,13,all,2408,75,0.5353992585226083,242
1405,13,all,2408,12,0.6576020483979744,242
256,13,quiet_kp4,2408,30,0.6611237715425154,119
284,13,quiet_kp4,2408,60,0.6651616578834925,119
304,13,quiet_kp4,2408,96,0.5994017946161516,119
1175,13,quiet_kp4,2408,27,0.493270189431705,119
1216,13,quiet_kp4,2408,90,0.6381854436689931,119
1335,13,quiet_kp4,2408,39,0.5305369605469307,119
1405,13,quiet_kp4,2408,39,0.6170346104543513,119
256,13,quiet_kp3,2408,30,0.7563265306122448,49
284,13,quiet_kp3,2408,57,0.7887755102040815,49
304,13,quiet_kp3,2408,60,0.7923469387755101,49
1175,13,quiet_kp3,2408,27,0.7406122448979591,49
1216,13,quiet_kp3,2408,54,0.7931632653061224,49
1335,13,quiet_kp3,2408,60,0.7668367346938775,49
1405,13,quiet_kp3,2408,36,0.781938775510204,49
256,13,all,2409,24,0.7102165888112363,212
284,13,all,2409,27,0.7119609366833209,212
304,13,all,2409,54,0.7061724725532844,212
1175,13,all,2409,54,0.728485011832598,212
1216,13,all,2409,54,0.7397181083460432,212
1335,13,all,2409,54,0.7208552216455308,212
1405,13,all,2409,27,0.7402433018930898,212
256,13,quiet_kp4,2409,51,0.7103621730382293,71
284,13,quiet_kp4,2409,51,0.7409121395036887,71
304,13,quiet_kp4,2409,51,0.712374245472837,71
1175,13,quiet_kp4,2409,51,0.758283031522468,71
1216,13,quiet_kp4,2409,54,0.7254527162977866,71
1335,13,quiet_kp4,2409,51,0.7239771965124077,71
1405,13,quiet_kp4,2409,51,0.8054996646545941,71
256,13,quiet_kp3,2409,108,0.8330434782608694,24
284,13,quiet_kp3,2409,114,0.8304347826086955,24
304,13,quiet_kp3,2409,114,0.8226086956521739,24
1175,13,quiet_kp3,2409,120,0.8139130434782607,24
1216,13,quiet_kp3,2409,75,0.8286956521739129,24
1335,13,quiet_kp3,2409,72,0.8365217391304347,24
1405,13,quiet_kp3,2409,108,0.8234782608695651,24
256,13,all,2410,51,0.762593984962406,209
284,13,all,2410,51,0.7531284504968715,209
304,13,all,2410,51,0.7487893685262107,209
1175,13,all,2410,51,0.7515523949734476,209
1216,13,all,2410,54,0.7929899048320102,209
1335,13,all,2410,54,0.7582890793417109,209
1405,13,all,2410,54,0.7682383406067617,209
256,13,quiet_kp4,2410,36,0.7840350950841694,83
284,13,quiet_kp4,2410,6,0.7448627322045044,78
304,13,quiet_kp4,2410,6,0.8087987961405682,78
1175,13,quiet_kp4,2410,21,0.8287015658452626,83
1216,13,quiet_kp4,2410,30,0.821313127072751,83
1335,13,quiet_kp4,2410,6,0.7904374106905753,78
1405,13,quiet_kp4,2410,6,0.7733658746316974,78
256,13,quiet_kp3,2410,12,0.9091847265221877,18
284,13,quiet_kp3,2410,60,0.8245614035087718,18
304,13,quiet_kp3,2410,9,0.8307533539731682,18
1175,13,quiet_kp3,2410,12,0.869969040247678,18
1216,13,quiet_kp3,2410,63,0.8390092879256965,18
1335,13,quiet_kp3,2410,9,0.8637770897832818,18
1405,13,quiet_kp3,2410,63,0.8885448916408669,18
256,13,all,2411,54,0.8488829468284413,203
284,13,all,2411,48,0.8720273360283001,203
304,13,all,2411,66,0.8030675568281257,203
1175,13,all,2411,66,0.8198785830481049,203
1216,13,all,2411,54,0.8081930621343792,203
1335,13,all,2411,66,0.821855338243184,203
1405,13,all,2411,54,0.8276292422055884,203
256,13,quiet_kp4,2411,42,0.8943741900889226,139
284,13,quiet_kp4,2411,42,0.8873989007551721,139
304,13,quiet_kp4,2411,21,0.841474002536338,135
1175,13,quiet_kp4,2411,30,0.8868830039110569,138
1216,13,quiet_kp4,2411,30,0.8519095228418978,138
1335,13,quiet_kp4,2411,21,0.8714954638571848,135
1405,13,quiet_kp4,2411,45,0.8742481790964743,139
256,13,quiet_kp3,2411,15,0.7743481324876674,44
284,13,quiet_kp3,2411,15,0.7847780126849894,44
304,13,quiet_kp3,2411,9,0.7709654686398872,44
1175,13,quiet_kp3,2411,30,0.8063241106719367,45
1216,13,quiet_kp3,2411,6,0.8105708245243128,44
1335,13,quiet_kp3,2411,6,0.7516560958421423,44
1405,13,quiet_kp3,2411,12,0.795630725863284,44
256,21,all,full,33,0.5960306940000238,1654
284,21,all,full,42,0.6790024282403837,1651
304,21,all,full,45,0.6771654876552782,1651
1175,21,all,full,42,0.8258188255092033,1651
1216,21,all,full,42,0.7264082934281787,1651
1335,21,all,full,45,0.7206328597333536,1651
1405,21,all,full,24,0.8352011578520606,1657
256,21,quiet_kp4,full,30,0.565701709446134,860
284,21,quiet_kp4,full,42,0.6258341220503466,856
304,21,quiet_kp4,full,33,0.6872853437273937,859
1175,21,quiet_kp4,full,39,0.8595631404876871,857
1216,21,quiet_kp4,full,30,0.7367835562180978,860
1335,21,quiet_kp4,full,36,0.7356752351203307,858
1405,21,quiet_kp4,full,21,0.8567727571543562,860
256,21,quiet_kp3,full,15,0.6176756468037208,404
284,21,quiet_kp3,full,27,0.6573837036309089,404
304,21,quiet_kp3,full,36,0.6707642027851374,402
1175,21,quiet_kp3,full,27,0.8082101510399178,404
1216,21,quiet_kp3,full,30,0.6905767333149745,403
1335,21,quiet_kp3,full,36,0.6986201951881157,402
1405,21,quiet_kp3,full,21,0.8461479352247137,402
256,21,all,2404,15,0.9036131225062806,201
284,21,all,2404,6,0.8910828250560106,204
304,21,all,2404,18,0.9076111902797571,200
1175,21,all,2404,18,0.8620775519387985,200
1216,21,all,2404,15,0.891340328062657,201
1335,21,all,2404,15,0.8857869070489138,201
1405,21,all,2404,6,0.8662444961163608,204
256,21,quiet_kp4,2404,18,0.8790806920755438,130
284,21,quiet_kp4,2404,6,0.8774149303607278,134
304,21,quiet_kp4,2404,18,0.8951125920058993,130
1175,21,quiet_kp4,2404,18,0.7918748036979885,130
1216,21,quiet_kp4,2404,27,0.8617360329958754,127
1335,21,quiet_kp4,2404,27,0.8613610798650169,127
1405,21,quiet_kp4,2404,18,0.8568162886288218,130
256,21,quiet_kp3,2404,18,0.949529803776379,74
284,21,quiet_kp3,2404,18,0.9461236579044797,74
304,21,quiet_kp3,2404,18,0.9513661606812289,74
1175,21,quiet_kp3,2404,6,0.9033854907539118,75
1216,21,quiet_kp3,2404,18,0.9429544613106254,74
1335,21,quiet_kp3,2404,30,0.9243681265676251,72
1405,21,quiet_kp3,2404,6,0.924153627311522,75
256,21,all,2405,36,0.7686005373936409,175
284,21,all,2405,42,0.771141961486789,175
304,21,all,2405,63,0.7892454097626512,175
1175,21,all,2405,21,0.7722145096283027,175
1216,21,all,2405,90,0.780165696372593,175
1335,21,all,2405,81,0.7757210031347962,175
1405,21,all,2405,6,0.7815718763994626,175
256,21,quiet_kp4,2405,36,0.8418367346938774,49
284,21,quiet_kp4,2405,42,0.8388775510204081,49
304,21,quiet_kp4,2405,105,0.8141836734693877,49
1175,21,quiet_kp4,2405,96,0.7596938775510202,49
1216,21,quiet_kp4,2405,102,0.8229591836734692,49
1335,21,quiet_kp4,2405,102,0.8016326530612244,49
1405,21,quiet_kp4,2405,18,0.771734693877551,49
256,21,quiet_kp3,2405,39,0.8192918192918193,27
284,21,quiet_kp3,2405,45,0.793040293040293,27
304,21,quiet_kp3,2405,105,0.7423687423687424,27
1175,21,quiet_kp3,2405,45,0.7271062271062271,27
1216,21,quiet_kp3,2405,102,0.7442002442002441,27
1335,21,quiet_kp3,2405,45,0.7069597069597069,27
1405,21,quiet_kp3,2405,30,0.8369963369963369,27
256,21,all,2406,12,0.8098836545973779,218
284,21,all,2406,21,0.8160041096469559,218
304,21,all,2406,21,0.6597865601339921,218
1175,21,all,2406,24,0.5228836563348274,218
1216,21,all,2406,6,0.4976755822916841,218
1335,21,all,2406,21,0.4330482564984951,218
1405,21,all,2406,21,0.7725921991997309,218
256,21,quiet_kp4,2406,15,0.7574587574587573,111
284,21,quiet_kp4,2406,33,0.7506669006669006,111
304,21,quiet_kp4,2406,15,0.4592576342576342,111
1175,21,quiet_kp4,2406,39,0.38760968760968756,111
1216,21,quiet_kp4,2406,6,0.3756581256581256,111
1335,21,quiet_kp4,2406,12,0.25396630396630393,111
1405,21,quiet_kp4,2406,18,0.7583889083889084,111
256,21,quiet_kp3,2406,15,0.7349075391180654,75
284,21,quiet_kp3,2406,33,0.723271692745377,75
304,21,quiet_kp3,2406,36,0.43285917496443815,75
1175,21,quiet_kp3,2406,72,0.29243243243243244,75
1216,21,quiet_kp3,2406,6,0.11234708392603128,75
1335,21,quiet_kp3,2406,72,0.09083926031294452,75
1405,21,quiet_kp3,2406,15,0.6884210526315789,75
256,21,all,2407,57,0.5919084564917607,205
284,21,all,2407,63,0.6186267747016854,206
304,21,all,2407,54,0.5998445130785703,204
1175,21,all,2407,114,0.5269905658111035,206
1216,21,all,2407,114,0.6020083256974401,206
1335,21,all,2407,117,0.6401624159017146,205
1405,21,all,2407,45,0.6294044628343431,201
256,21,quiet_kp4,2407,57,0.7170864810825853,167
284,21,quiet_kp4,2407,54,0.7296036623357884,166
304,21,quiet_kp4,2407,60,0.6400985012224073,168
1175,21,quiet_kp4,2407,102,0.5645258536283716,167
1216,21,quiet_kp4,2407,114,0.6268823300145273,168
1335,21,quiet_kp4,2407,117,0.6719933626722459,167
1405,21,quiet_kp4,2407,117,0.6596230946025333,167
256,21,quiet_kp3,2407,54,0.6947854785478547,100
284,21,quiet_kp3,2407,48,0.7304796332778659,98
304,21,quiet_kp3,2407,117,0.6987136672850957,99
1175,21,quiet_kp3,2407,117,0.7189486703772417,99
1216,21,quiet_kp3,2407,114,0.6658008658008657,99
1335,21,quiet_kp3,2407,120,0.7131972789115646,99
1405,21,quiet_kp3,2407,117,0.7295114409400123,99
256,21,all,2408,18,0.7945835825881093,242
284,21,all,2408,45,0.801962794041255,242
304,21,all,2408,84,0.6484887434214733,242
1175,21,all,2408,6,0.49536269692185697,242
1216,21,all,2408,66,0.7645705557185503,242
1335,21,all,2408,69,0.5939003599006114,242
1405,21,all,2408,15,0.7163089040368056,242
256,21,quiet_kp4,2408,30,0.7051559606893605,119
284,21,quiet_kp4,2408,60,0.7204600484261502,119
304,21,quiet_kp4,2408,84,0.6188577125765561,119
1175,21,quiet_kp4,2408,12,0.569541375872383,119
1216,21,quiet_kp4,2408,90,0.7116507619997153,119
1335,21,quiet_kp4,2408,39,0.6536248397664152,119
1405,21,quiet_kp4,2408,27,0.6911907135735651,119
256,21,quiet_kp3,2408,21,0.7788775510204081,49
284,21,quiet_kp3,2408,57,0.7995918367346939,49
304,21,quiet_kp3,2408,60,0.8825510204081632,49
1175,21,quiet_kp3,2408,27,0.8085714285714285,49
1216,21,quiet_kp3,2408,63,0.8872448979591836,49
1335,21,quiet_kp3,2408,60,0.8538775510204081,49
1405,21,quiet_kp3,2408,36,0.8214285714285713,49
256,21,all,2409,21,0.7950649438974902,212
284,21,all,2409,27,0.7892865554230327,212
304,21,all,2409,63,0.7917626477815296,212
1175,21,all,2409,39,0.8159857832499783,212
1216,21,all,2409,66,0.8249128140928195,212
1335,21,all,2409,63,0.8012513964228903,212
1405,21,all,2409,27,0.8182994056622664,212
256,21,quiet_kp4,2409,21,0.7716894977168951,72
284,21,quiet_kp4,2409,51,0.801441985244802,71
304,21,quiet_kp4,2409,15,0.7692456106502028,72
1175,21,quiet_kp4,2409,111,0.8039923485128967,73
1216,21,quiet_kp4,2409,39,0.7825955734406439,71
1335,21,quiet_kp4,2409,63,0.7586018393465819,72
1405,21,quiet_kp4,2409,42,0.8552313883299799,71
256,21,quiet_kp3,2409,105,0.9199999999999999,24
284,21,quiet_kp3,2409,117,0.9078260869565216,24
304,21,quiet_kp3,2409,75,0.9052173913043478,24
1175,21,quiet_kp3,2409,15,0.9219367588932808,23
1216,21,quiet_kp3,2409,111,0.9339130434782608,24
1335,21,quiet_kp3,2409,120,0.9182608695652172,24
1405,21,quiet_kp3,2409,63,0.9165217391304347,24
256,21,all,2410,54,0.7972895525527105,209
284,21,all,2410,51,0.7910957463589042,209
304,21,all,2410,51,0.7778274357221726,209
1175,21,all,2410,63,0.8060492139439508,209
1216,21,all,2410,63,0.8171972764078028,209
1335,21,all,2410,63,0.7844392449655607,209
1405,21,all,2410,63,0.8137454650612546,209
256,21,quiet_kp4,2410,9,0.7770934761441091,79
284,21,quiet_kp4,2410,6,0.7316354531544403,78
304,21,quiet_kp4,2410,15,0.8212737127371273,81
1175,21,quiet_kp4,2410,18,0.8449516222069852,82
1216,21,quiet_kp4,2410,18,0.8242073987004931,82
1335,21,quiet_kp4,2410,18,0.7440384845615525,82
1405,21,quiet_kp4,2410,90,0.8108601654002769,83
256,21,quiet_kp3,2410,81,0.8513931888544891,18
284,21,quiet_kp3,2410,84,0.8493292053663571,18
304,21,quiet_kp3,2410,63,0.8740970072239421,18
1175,21,quiet_kp3,2410,60,0.8390092879256965,18
1216,21,quiet_kp3,2410,63,0.8617131062951496,18
1335,21,quiet_kp3,2410,51,0.9029927760577915,18
1405,21,quiet_kp3,2410,51,0.8410732714138286,18
256,21,all,2411,60,0.8676965494289215,203
284,21,all,2411,45,0.8958315999667195,203
304,21,all,2411,57,0.8292387627635556,203
1175,21,all,2411,66,0.8405068411796266,203
1216,21,all,2411,54,0.8305269530140497,203
1335,21,all,2411,57,0.8439668800261656,203
1405,21,all,2411,57,0.8349395067005977,203
256,21,quiet_kp4,2411,45,0.9128066490906653,139
284,21,quiet_kp4,2411,33,0.9146878770275704,139
304,21,quiet_kp4,2411,21,0.8667983611354991,135
1175,21,quiet_kp4,2411,42,0.8905402386165601,139
1216,21,quiet_kp4,2411,18,0.8758338632651281,134
1335,21,quiet_kp4,2411,18,0.8978840135163781,134
1405,21,quiet_kp4,2411,45,0.9044729433844227,139
256,21,quiet_kp3,2411,27,0.923056653491436,45
284,21,quiet_kp3,2411,15,0.8817477096546864,44
304,21,quiet_kp3,2411,12,0.9088090204369275,44
1175,21,quiet_kp3,2411,6,0.8541226215644818,44
1216,21,quiet_kp3,2411,18,0.9203664552501761,44
1335,21,quiet_kp3,2411,6,0.8926004228329808,44
1405,21,quiet_kp3,2411,24,0.8976284584980236,45
256,39,all,full,33,0.5962226278012277,1654
284,39,all,full,42,0.6854292591167007,1651
304,39,all,full,42,0.6797813663715172,1651
1175,39,all,full,42,0.8338119534275947,1651
1216,39,all,full,42,0.731207289974139,1651
1335,39,all,full,36,0.7270849204648543,1653
1405,39,all,full,30,0.8451576629699521,1655
256,39,quiet_kp4,full,30,0.5580635037396287,860
284,39,quiet_kp4,full,21,0.6220043941473377,860
304,39,quiet_kp4,full,27,0.6884814420334691,860
1175,39,quiet_kp4,full,30,0.8633188499978163,860
1216,39,quiet_kp4,full,30,0.7375390378890737,860
1335,39,quiet_kp4,full,24,0.7386476964874461,860
1405,39,quiet_kp4,full,24,0.8563030997595587,860
256,39,quiet_kp3,full,15,0.6034026065964744,404
284,39,quiet_kp3,full,27,0.6370927249879661,404
304,39,quiet_kp3,full,36,0.656966247024563,402
1175,39,quiet_kp3,full,27,0.8233751083958686,404
1216,39,quiet_kp3,full,30,0.6756894959152594,403
1335,39,quiet_kp3,full,24,0.6824540187682953,404
1405,39,quiet_kp3,full,12,0.8450872217081096,404
256,39,all,2404,15,0.938615339145855,201
284,39,all,2404,6,0.9312012778197907,204
304,39,all,2404,15,0.9458031624057928,201
1175,39,all,2404,9,0.8981798933298142,203
1216,39,all,2404,15,0.9189108910891091,201
1335,39,all,2404,15,0.9185828284320969,201
1405,39,all,2404,6,0.9197093808086734,204
256,39,quiet_kp4,2404,18,0.934118996572396,130
284,39,quiet_kp4,2404,9,0.9434406912804398,133
304,39,quiet_kp4,2404,15,0.9513372124059146,131
1175,39,quiet_kp4,2404,15,0.8596220573319809,131
1216,39,quiet_kp4,2404,39,0.8948485122080201,123
1335,39,quiet_kp4,2404,27,0.9113411604799401,127
1405,39,quiet_kp4,2404,9,0.9381050999275665,133
256,39,quiet_kp3,2404,15,0.9731436699857752,75
284,39,quiet_kp3,2404,6,0.9623897581792318,75
304,39,quiet_kp3,2404,18,0.9707663828211771,74
1175,39,quiet_kp3,2404,9,0.9212517780938834,75
1216,39,quiet_kp3,2404,18,0.9603109959274341,74
1335,39,quiet_kp3,2404,30,0.9547880892661909,72
1405,39,quiet_kp3,2404,6,0.9347937411095305,75
256,39,all,2405,6,0.788703537841469,175
284,39,all,2405,6,0.7892789968652039,175
304,39,all,2405,72,0.7611621137483207,175
1175,39,all,2405,12,0.8168808777429467,175
1216,39,all,2405,90,0.7469480519480519,175
1335,39,all,2405,93,0.7602239140170175,175
1405,39,all,2405,6,0.813961038961039,175
256,39,quiet_kp4,2405,21,0.7624489795918367,49
284,39,quiet_kp4,2405,9,0.7591836734693878,49
304,39,quiet_kp4,2405,96,0.7273469387755102,49
1175,39,quiet_kp4,2405,24,0.8307142857142856,49
1216,39,quiet_kp4,2405,102,0.728265306122449,49
1335,39,quiet_kp4,2405,96,0.7310204081632653,49
1405,39,quiet_kp4,2405,21,0.6985714285714285,49
256,39,quiet_kp3,2405,24,0.7551892551892552,27
284,39,quiet_kp3,2405,33,0.742979242979243,27
304,39,quiet_kp3,2405,93,0.717948717948718,27
1175,39,quiet_kp3,2405,27,0.7991452991452991,27
1216,39,quiet_kp3,2405,87,0.7161172161172161,27
1335,39,quiet_kp3,2405,24,0.7185592185592186,27
1405,39,quiet_kp3,2405,27,0.6391941391941393,27
256,39,all,2406,12,0.8682920698755812,218
284,39,all,2406,9,0.884865020452675,218
304,39,all,2406,12,0.6884845908509389,218
1175,39,all,2406,6,0.5338087380962998,218
1216,39,all,2406,6,0.5287655016682409,218
1335,39,all,2406,12,0.44794862246325146,218
1405,39,all,2406,24,0.7915987372217836,218
256,39,quiet_kp4,2406,24,0.8326254826254825,111
284,39,quiet_kp4,2406,6,0.856089856089856,111
304,39,quiet_kp4,2406,6,0.531010881010881,111
1175,39,quiet_kp4,2406,72,0.4232713232713233,111
1216,39,quiet_kp4,2406,6,0.39639347139347136,111
1335,39,quiet_kp4,2406,6,0.3021323271323271,111
1405,39,quiet_kp4,2406,39,0.7666023166023165,111
256,39,quiet_kp3,2406,24,0.8163584637268847,75
284,39,quiet_kp3,2406,6,0.8455476529160739,75
304,39,quiet_kp3,2406,12,0.383954480796586,75
1175,39,quiet_kp3,2406,72,0.34603129445234704,75
1216,39,quiet_kp3,2406,6,0.0743954480796586,75
1335,39,quiet_kp3,2406,120,0.07032716927453771,75
1405,39,quiet_kp3,2406,39,0.7428165007112376,75
256,39,all,2407,63,0.6857855703926394,206
284,39,all,2407,81,0.7612974730308851,201
304,39,all,2407,102,0.7702372163641682,205
1175,39,all,2407,111,0.6092030067863753,207
1216,39,all,2407,90,0.735748485296291,201
1335,39,all,2407,114,0.7729219217054982,206
1405,39,all,2407,93,0.7913825497688362,202
256,39,quiet_kp4,2407,63,0.8297007000369508,168
284,39,quiet_kp4,2407,63,0.8454072413077481,168
304,39,quiet_kp4,2407,90,0.8099988361846809,163
1175,39,quiet_kp4,2407,102,0.6938584105455183,167
1216,39,quiet_kp4,2407,90,0.8007797562638203,163
1335,39,quiet_kp4,2407,114,0.8205895900506681,168
1405,39,quiet_kp4,2407,93,0.8213703698665542,164
256,39,quiet_kp3,2407,42,0.8663185024416713,96
284,39,quiet_kp3,2407,78,0.8578800232964472,101
304,39,quiet_kp3,2407,111,0.8360996099609961,100
1175,39,quiet_kp3,2407,114,0.8052195423623995,99
1216,39,quiet_kp3,2407,114,0.8212244897959184,99
1335,39,quiet_kp3,2407,114,0.8505875077303648,99
1405,39,quiet_kp3,2407,93,0.8602102659245516,99
256,39,all,2408,9,0.8395675604276133,242
284,39,all,2408,33,0.8538924599530661,242
304,39,all,2408,72,0.7039314728237148,242
1175,39,all,2408,6,0.5686552434949267,242
1216,39,all,2408,66,0.8295592667527787,242
1335,39,all,2408,12,0.6718846116557673,242
1405,39,all,2408,15,0.7844313456032305,242
256,39,quiet_kp4,2408,9,0.789901723401225,119
284,39,quiet_kp4,2408,9,0.7639866115937902,119
304,39,quiet_kp4,2408,72,0.7027275316906424,119
1175,39,quiet_kp4,2408,12,0.7658310781939895,119
1216,39,quiet_kp4,2408,66,0.7514670274889618,119
1335,39,quiet_kp4,2408,36,0.7351089588377725,119
1405,39,quiet_kp4,2408,15,0.8253881213502351,119
256,39,quiet_kp3,2408,9,0.8714285714285714,49
284,39,quiet_kp3,2408,21,0.8815306122448979,49
304,39,quiet_kp3,2408,45,0.9445918367346937,49
1175,39,quiet_kp3,2408,24,0.8906122448979591,49
1216,39,quiet_kp3,2408,42,0.9430612244897959,49
1335,39,quiet_kp3,2408,36,0.951938775510204,49
1405,39,quiet_kp3,2408,18,0.9151020408163264,49
256,39,all,2409,27,0.8540012317488945,212
284,39,all,2409,51,0.8533664654474283,212
304,39,all,2409,51,0.8792583813711203,212
1175,39,all,2409,51,0.8852936990628381,212
1216,39,all,2409,66,0.9013593318832785,212
1335,39,all,2409,39,0.8802168281080563,212
1405,39,all,2409,30,0.8917937563681292,212
256,39,quiet_kp4,2409,66,0.8534632452247733,72
284,39,quiet_kp4,2409,75,0.8566788861020003,72
304,39,quiet_kp4,2409,51,0.8597250167672701,71
1175,39,quiet_kp4,2409,51,0.9013413816230715,71
1216,39,quiet_kp4,2409,66,0.8628529165862758,72
1335,39,quiet_kp4,2409,30,0.8461958968422408,72
1405,39,quiet_kp4,2409,36,0.8749496981891346,71
256,39,quiet_kp3,2409,45,0.9130434782608695,23
284,39,quiet_kp3,2409,63,0.9260869565217391,24
304,39,quiet_kp3,2409,33,0.9260869565217391,24
1175,39,quiet_kp3,2409,48,0.8817391304347826,24
1216,39,quiet_kp3,2409,18,0.9209486166007905,23
1335,39,quiet_kp3,2409,33,0.9269565217391305,24
1405,39,quiet_kp3,2409,27,0.9330434782608694,24
256,39,all,2410,57,0.8587872653662127,209
284,39,all,2410,54,0.838220989536779,209
304,39,all,2410,21,0.8251813975498187,209
1175,39,all,2410,78,0.8495333613754666,209
1216,39,all,2410,66,0.8585927230664073,209
1335,39,all,2410,63,0.7981268731268731,209
1405,39,all,2410,72,0.8434433987065566,209
256,39,quiet_kp4,2410,6,0.8431947799036406,78
284,39,quiet_kp4,2410,6,0.8148939667927009,78
304,39,quiet_kp4,2410,6,0.8382630028199648,78
1175,39,quiet_kp4,2410,99,0.8408337181478527,83
1216,39,quiet_kp4,2410,6,0.8862150507720128,78
1335,39,quiet_kp4,2410,9,0.7347127555988316,79
1405,39,quiet_kp4,2410,6,0.7314331238381871,78
256,39,quiet_kp3,2410,27,0.8390092879256965,18
284,39,quiet_kp3,2410,78,0.8307533539731682,18
304,39,quiet_kp3,2410,57,0.8328173374613003,18
1175,39,quiet_kp3,2410,33,0.8328173374613003,18
1216,39,quiet_kp3,2410,33,0.8452012383900928,18
1335,39,quiet_kp3,2410,90,0.8513931888544891,18
1405,39,quiet_kp3,2410,57,0.9071207430340558,18
256,39,all,2411,54,0.9194579846277877,203
284,39,all,2411,36,0.9421246818973409,203
304,39,all,2411,57,0.8660712492576411,203
1175,39,all,2411,54,0.8987551319606027,203
1216,39,all,2411,66,0.8710561725543752,203
1335,39,all,2411,45,0.9037701799736626,203
1405,39,all,2411,69,0.8893232267300913,203
256,39,quiet_kp4,2411,48,0.9358888008602955,138
284,39,quiet_kp4,2411,24,0.9544869042507513,136
304,39,quiet_kp4,2411,42,0.8900755172259707,139
1175,39,quiet_kp4,2411,42,0.9098708610751148,139
1216,39,quiet_kp4,2411,42,0.8934179364582866,139
1335,39,quiet_kp4,2411,24,0.908887934735938,136
1405,39,quiet_kp4,2411,45,0.9267214799588899,139
256,39,quiet_kp3,2411,36,0.961923583662714,45
284,39,quiet_kp3,2411,30,0.8769433465085638,45
304,39,quiet_kp3,2411,24,0.9084321475625823,45
1175,39,quiet_kp3,2411,57,0.8890645586297761,45
1216,39,quiet_kp3,2411,30,0.9259552042160736,45
1335,39,quiet_kp3,2411,45,0.9040843214756258,45
1405,39,quiet_kp3,2411,45,0.9274044795783924,45
