datetime,gps_lat_deg,tle_lat_deg,delta_h_old,alpha_geoid,delta_h_degeoided
2024-07-10 00:02:28+00:00,42.46065139770508,42.6203105756119,0.49607169752471236,0.061899703908238735,0.43417199361647363
2024-07-10 00:12:28+00:00,78.32730865478516,78.44762629292174,0.5830369612713184,0.022799981786192802,0.5602369794851256
2024-07-10 00:22:28+00:00,60.17388153076172,60.02930373817092,0.5355887369869379,0.011499958312924718,0.5240887786740132
2024-07-10 00:32:28+00:00,22.60310745239257,22.4575895490623,0.31718385913245584,0.027699933277290256,0.2894839258551656
2024-07-10 00:42:28+00:00,-15.403969764709473,-15.548614054500439,0.0381875167859107,0.062299920427904,-0.024112403641993296
2024-07-10 00:52:28+00:00,-53.04823684692384,-53.13012294506547,-0.2827383292324157,-0.021999901892741036,-0.26073842733967467
2024-07-10 01:02:29+00:00,-82.44476318359375,-82.41672835779434,-0.33283739173566573,-0.002699999159631261,-0.33013739257603447
2024-07-10 01:12:29+00:00,-50.22615814208984,-50.075835017324586,-0.2085266766625864,0.010799949815918808,-0.2193266264785052
2024-07-10 01:22:29+00:00,-12.65049171447754,-12.49551763094384,0.004995808735657192,-0.011799989819337497,0.01679579855499469
2024-07-10 01:32:29+00:00,25.27347183227539,25.42689315538137,0.24012233698613272,-0.018299946539627854,0.2584222835257606
2024-07-10 01:42:29+00:00,62.69658660888672,62.840824798601425,0.42370709375700244,0.008499972524987243,0.4152071212320152
2024-07-10 01:52:29+00:00,76.22593688964845,76.10368875066564,0.43922970457970223,0.0029999968719494063,0.4362297077077528
2024-07-10 02:02:29+00:00,39.8449821472168,39.70451516760162,0.338736979118039,0.029499861461772525,0.3092371176562665
2024-07-10 02:12:29+00:00,1.9065133333206177,1.7665256194617136,0.15020806294342037,0.06430000168074912,0.08590806126267125
2024-07-10 02:22:29+00:00,-35.97364044189453,-36.11257030498721,-0.13724777911647834,-0.037499836424103705,-0.09974794269237464
2024-07-10 02:32:29+00:00,-72.65666961669923,-72.72760215979017,-0.23332641536489973,-0.0009999984340538504,-0.23232641693084588
2024-07-10 02:42:30+00:00,-66.87139892578125,-66.73473908759946,-0.20246378070896753,0.009999974786296661,-0.2124637554952642
2024-07-10 02:52:30+00:00,-29.857505798339844,-29.71159834580296,-0.05673379237850895,0.018099935399732203,-0.07483372777824115
2024-07-10 03:02:30+00:00,8.001935005187987,8.14857519432738,0.11992231395925046,-0.010799996236528386,0.13072231019577885
2024-07-10 03:12:30+00:00,45.80004119873047,45.942329314785916,0.281617651335182,-0.035299828197821626,0.31691747953300364
2024-07-10 03:22:30+00:00,80.68090057373048,80.76530046628349,0.3530717300327524,-0.0009999995018006302,0.354071729534553
2024-07-10 03:32:30+00:00,56.89249420166016,56.758700174339204,0.24942388499221124,-0.014399940958355728,0.26382382595056697
2024-07-10 03:42:30+00:00,19.230323791503903,19.09420297436394,0.033569806290870474,-0.02529995191434864,0.058869758205219114
2024-07-10 03:52:30+00:00,-18.769058227539062,-18.906075714190823,-0.20619647326930135,-0.04709991415802506,-0.1590965591112763
2024-07-10 04:02:30+00:00,-56.324745178222656,-56.39943022386951,-0.29275019589931617,0.016099934124213178,-0.30885013002352935
2024-07-10 04:12:31+00:00,-81.1810531616211,-81.1021548977452,-0.27308823495604884,-0.01589999255793373,-0.2571882423981151
2024-07-10 04:22:31+00:00,-46.928104400634766,-46.784877801234956,-0.06102084989925061,0.007799962751050771,-0.06882081265030138
2024-07-10 04:32:31+00:00,-9.285321235656738,-9.140304061003778,0.1580602160493072,-0.008099996428427403,0.1661602124777346
2024-07-10 04:42:31+00:00,28.636482238769528,28.77784895010467,0.3277140415075337,-0.027999904227726802,0.3557139457352605
2024-07-10 04:52:31+00:00,65.92446899414062,66.05471837923682,0.38527039547716413,-0.02479993226734223,0.41007032774450636
2024-07-10 05:02:31+00:00,73.2882308959961,73.16787866559952,0.29016368091288314,-0.010299984958692221,0.30046366587157536
2024-07-10 05:12:31+00:00,36.4927864074707,36.36117465625527,0.026136602088627114,-0.03769983362781204,0.06383643571643915
2024-07-10 05:22:31+00:00,-1.4689183235168457,-1.6031627191784406,-0.3365621774673855,-0.1004999987244446,-0.2360621787429409
2024-07-10 05:32:31+00:00,-39.30266952514648,-39.43952056314854,-0.4329108929841823,0.022599895573875983,-0.45551078855805827
2024-07-10 05:42:31+00:00,-75.59749603271484,-75.66532717483202,-0.4272237107543333,0.01409998454982997,-0.44132369530416327
2024-07-10 05:52:32+00:00,-63.69400024414063,-63.553043196793375,-0.19884539369923004,-0.017299946490311413,-0.18154544720891863
2024-07-10 06:02:32+00:00,-26.52064323425293,-26.37364372705978,0.15505119051158545,-0.004699985362094594,0.15975117587368004
2024-07-10 06:12:32+00:00,11.366570472717283,11.51077018783756,0.4037203686293651,-0.039399973164108815,0.4431203417934739
2024-07-10 06:22:32+00:00,49.122173309326165,49.25827801696844,0.5291849749328321,-0.018199914261458616,0.5473848891942907
2024-07-10 06:32:32+00:00,82.24443817138672,82.28083287681453,0.43179686455823685,0.0034999987792616594,0.4282968657789752
2024-07-10 06:42:32+00:00,53.594146728515625,53.46640013399359,0.12283601518083742,-0.026199884493507852,0.14903589967434527
2024-07-10 06:52:32+00:00,15.857196807861328,15.725905411624915,-0.24685089627837442,-0.04229994274919591,-0.20455095352917851
2024-07-10 07:02:32+00:00,-22.127302169799805,-22.262542824446708,-0.4666533188592439,-0.0063999850672189496,-0.46025333379202493
2024-07-10 07:12:32+00:00,-59.51608276367188,-59.65229985949559,-0.45439092926335434,0.03329987621236796,-0.4876908054757223
2024-07-10 07:22:32+00:00,-79.01612854003906,-78.95511587028575,-0.26643132132721803,-0.01909998745759367,-0.24733133386962436
2024-07-10 07:32:33+00:00,-43.62538146972656,-43.48090096454648,0.11220870973556885,-0.013299936226758291,0.12550864596232714
2024-07-10 07:42:33+00:00,-5.9235167503356925,-5.7801505810581055,0.442693460288865,-0.0034999992903976818,0.4461934595792627
2024-07-10 07:52:33+00:00,31.991369247436523,32.12794957101415,0.5831316074409187,-0.02589989845182572,0.6090315058927445
2024-07-10 08:02:33+00:00,69.10225677490233,69.22420240643173,0.5312499474885044,0.0031999931279642624,0.5280499543605401
2024-07-10 08:12:33+00:00,70.21160125732422,70.0943625149846,0.2632150315312174,-0.0013999972061355948,0.264615028737353
2024-07-10 09:22:34+00:00,14.741495132446287,14.874957895055562,0.5485546978979983,0.008799989911494777,0.5397547079865035
2024-07-10 09:32:34+00:00,52.441360473632805,52.56617901183255,0.5544057120123398,0.0075999654345650924,0.5468057465777747
2024-07-10 11:42:35+00:00,-8.2304048538208,-8.346949393053436,-0.24140752818675537,0.008199996634175477,-0.24960752482093085
2024-07-10 11:52:35+00:00,-45.95872116088867,-46.07690850688041,-0.2593211080538822,0.011599944436966325,-0.2709210524908485
2024-07-10 12:02:35+00:00,-80.63333892822266,-80.70833002755774,-0.149015146173042,-0.024999987527735357,-0.12401515864530666
2024-07-10 12:12:35+00:00,-57.26517868041992,-57.14625398351522,0.06621182486924226,-0.03729985022346227,0.10351167509270454
2024-07-10 12:22:35+00:00,-19.79634094238281,-19.73887016208862,0.36336155227127165,0.055399893218236684,0.30796165905303496
2024-07-10 12:32:36+00:00,18.12402534484864,18.24062684400242,0.4476127032212389,0.031799945594684687,0.41581275762655423
2024-07-10 12:42:36+00:00,55.753902435302734,55.863335254805115,0.44282070059125545,0.014899936955771409,0.42792076363548404
2024-07-10 12:52:36+00:00,81.34395599365233,81.28957770833186,0.3314264181171893,0.027399987787248392,0.3040264303299409
2024-07-10 13:02:36+00:00,46.936073303222656,46.83207333208857,0.1856761430408369,0.06299969538849837,0.12267644765233854
2024-07-10 13:12:36+00:00,9.08257293701172,8.976793778114565,-0.05178041273393319,-0.012999993899029505,-0.038780418834903685
2024-07-10 13:22:36+00:00,-28.86347770690918,-28.970299214444513,-0.16017920586909895,-0.005999979312036885,-0.15417922655706207
2024-07-10 13:32:36+00:00,-65.97874450683594,-66.08267500518947,-0.16736947463323304,0.015499958559303195,-0.18286943319253623
2024-07-10 13:42:36+00:00,-73.4952392578125,-73.39682615978685,-0.1404354054348005,-0.057299917036289116,-0.08313548839851137
2024-07-10 13:52:36+00:00,-37.01261901855469,-36.901879920038056,0.039100873116694856,-0.017599922014596814,0.05670079513129167
2024-07-10 14:02:36+00:00,0.8424833416938781,0.8898535101399687,0.27206593273876933,0.07230000275103521,0.19976592998773413
2024-07-10 14:12:37+00:00,38.715919494628906,38.822691169948385,0.30461335278050683,0.0005999972572681145,0.3040133555232387
2024-07-10 14:22:37+00:00,75.22116088867188,75.31086378757023,0.31546071141929133,-0.007699990680521296,0.3231607020998126
2024-07-10 14:32:37+00:00,63.819183349609375,63.722144135359535,0.2797165290048724,0.050099845491786255,0.22961668351308617
2024-07-10 14:42:37+00:00,26.383350372314453,26.283769243742636,0.044722284821546054,-0.04579985871168901,0.09052214353323507
2024-07-10 14:52:37+00:00,-11.619663238525392,-11.720014038213785,-0.0899784268149233,0.025799979866860667,-0.11577840668178396
2024-07-10 15:02:37+00:00,-49.28434753417969,-49.38476807461466,-0.20062327224150067,0.0122999421082568,-0.21292321434975747
2024-07-10 15:12:37+00:00,-82.21778869628906,-82.24798305798608,-0.2237219748503776,-0.04439998606358131,-0.17932198878679628
2024-07-10 15:22:37+00:00,-53.980144500732415,-53.87593197070338,-0.08855095047420036,-0.020599910430973978,-0.06795104004322639
2024-07-10 15:32:37+00:00,-16.486980438232422,-16.380121481587768,0.03332269762540818,-0.024399964835538412,0.057722662460946594
2024-07-10 15:42:37+00:00,21.50171470642089,21.544105395605225,0.14088599073511432,-0.037399917543552874,0.1782859082786672
2024-07-10 15:52:38+00:00,59.045654296875,59.14592319738906,0.1694441479858142,-0.034999867581973376,0.20444401556778757
2024-07-10 16:02:38+00:00,79.213623046875,79.13819929892725,0.17714506809898012,0.03489997852193483,0.1422450895770453
2024-07-10 16:12:38+00:00,43.595333099365234,43.495094225585746,0.007963744487824442,-0.03629982344864402,0.04426356793646846
2024-07-10 16:22:38+00:00,5.699063301086426,5.597060667519272,-0.09438551879156876,0.005599998849902477,-0.09998551764147123
2024-07-10 16:32:38+00:00,-32.2176399230957,-32.320410546168205,-0.18096738008171087,-0.0032999869972627494,-0.17766739308444812
2024-07-10 16:42:38+00:00,-69.13965606689453,-69.23707065045686,-0.20694086632556719,-0.032999929328980215,-0.17394093699658697
2024-07-10 16:52:38+00:00,-70.45137023925781,-70.35137489576765,-0.11366201582768554,-0.015599970398398,-0.09806204542928754
2024-07-10 17:02:38+00:00,-33.67411422729492,-33.566450726842575,0.0029120526678525493,-0.013499944624527416,0.016411997292379965
2024-07-10 17:12:38+00:00,4.154136657714844,4.262004326834258,0.010446531628986122,-0.10579999241053883,0.11624652403952496
2024-07-10 17:22:38+00:00,42.06032180786133,42.10295220354889,0.10487257369368308,-0.03629982518395991,0.141172398877643
2024-07-10 17:52:39+00:00,23.01761817932129,22.911328110283208,-0.10607344559048215,-0.026099934971171024,-0.07997351061931113
2024-07-10 18:02:39+00:00,-14.98537540435791,-15.093169645100035,-0.13892369727545884,-0.00349999578884308,-0.13542370148661576
2024-07-10 18:12:39+00:00,-52.57634353637695,-52.683005971738325,-0.12123073059228773,-0.013099941423206474,-0.10813078916908125
2024-07-10 18:22:39+00:00,-82.52571868896483,-82.50843085788237,-0.07808730705073685,-0.04179998578456434,-0.03628732126617251
2024-07-10 18:32:39+00:00,-50.695987701416016,-50.587272449753435,0.08901720173889771,0.03729982632648898,0.05171737541240873
2024-07-10 18:42:39+00:00,-13.124917984008787,-13.015386877684522,0.12048427185254695,-0.032999968932927004,0.15348424078547396
2024-07-10 18:52:39+00:00,24.80381965637207,24.911196629199953,0.16118533372718957,-0.03169991194590693,0.1928852456730965
2024-07-10 19:02:39+00:00,62.3069725036621,62.347442715759676,0.19217462026153953,0.0124999588188075,0.17967466144273203
2024-07-10 19:12:40+00:00,76.5658950805664,76.47876741118158,0.09187430883230263,-0.004099995822798519,0.09597430465510115
2024-07-10 19:22:40+00:00,40.250442504882805,40.147231656244266,-0.030068472281527647,-0.03389984153909609,0.00383136925756844
2024-07-10 19:32:40+00:00,2.319936752319336,2.214583212620579,-0.11996287382680748,-0.01049999966926407,-0.10946287415754341
2024-07-10 19:42:40+00:00,-35.56099319458008,-35.66713461559592,-0.16732815715931793,-0.009099961072024598,-0.15822819608729333
2024-07-10 19:52:40+00:00,-72.2236099243164,-72.32187583157229,-0.18928872697779298,-0.06439989623049769,-0.12488883074729529
2024-07-10 20:02:40+00:00,-67.32274627685547,-67.21917149983922,0.0007890701226642705,0.034999914402760623,-0.03421084428009635
2024-07-10 20:12:40+00:00,-30.331281661987305,-30.222196514276575,0.1281452512703254,0.014499946938485664,0.11364530433183972
2024-07-10 20:22:40+00:00,7.529284954071045,7.637212962142124,0.22355816269191564,-0.011399995911233418,0.23495815860314906
2024-07-10 20:32:40+00:00,45.33800506591797,45.44152796009587,0.3280251949727244,0.042499793938077346,0.2855254010346471
2024-07-10 20:52:41+00:00,57.28316879272461,57.18637838272934,0.17154131343158951,0.006199974859555368,0.16534133857203415
2024-07-10 21:02:41+00:00,19.63227272033692,19.533313374747177,0.03160503112758306,0.0011999977241430315,0.03040503340344003
2024-07-10 21:12:41+00:00,-18.366193771362305,-18.465897134073025,-0.07802845135574898,0.01139997995687736,-0.08942843131262634
2024-07-10 21:22:41+00:00,-55.87010955810546,-55.96899161253277,-0.17045340159711486,-0.03569985193735192,-0.13475354965976294
2024-07-10 21:32:41+00:00,-81.4208984375,-81.37024296580117,-0.10280413635518926,0.0042999983807021636,-0.10710413473589142
2024-07-10 21:42:41+00:00,-47.38505172729492,-47.28315048032611,0.029280869999638526,0.032299844556291646,-0.00301897455665312
2024-07-10 21:52:41+00:00,-9.748250007629393,-9.645136672888379,0.16243940515778377,0.01469999192886462,0.14773941322891915
2024-07-10 22:02:41+00:00,28.177640914916992,28.278129207517125,0.2958548688193332,0.02819990630450775,0.26765496251482546
2024-07-10 22:12:41+00:00,65.48893737792969,65.58179026244132,0.39741217179835076,0.06079983058589278,0.336612341212458
2024-07-10 22:22:42+00:00,73.63599395751953,73.55357115001661,0.31917812093251996,-0.007099989788002858,0.3262781107205228
2024-07-10 22:32:42+00:00,36.87986755371094,36.78974820800014,0.2070492233551704,-0.012999941893212963,0.22004916524838336
2024-07-10 22:42:42+00:00,-1.0800700187683103,-1.1701062500773798,0.055106858758335875,0.023600000220540096,0.03150685853779578
2024-07-10 22:52:42+00:00,-38.91979217529297,-39.00970670446503,-0.09889726664550835,0.02279989408725669,-0.12169716073276504
2024-07-10 23:02:42+00:00,-75.21240997314453,-75.2929771152361,-0.2245393152543329,-0.054599934144789586,-0.16993938110954332
2024-07-10 23:12:42+00:00,-64.11929321289062,-64.02971577767265,-0.10501371439204377,0.017499947854048514,-0.12251366224609228
2024-07-10 23:22:42+00:00,-26.964468002319336,-26.869759991006994,0.03722589747121674,0.01489995275187539,0.02232594471934135
2024-07-10 23:32:42+00:00,10.920709609985352,11.014989363359254,0.21489912856850424,0.02829998035576864,0.1865991482127356
2024-07-10 23:42:42+00:00,48.68414688110352,48.77420043867939,0.3864220115074204,0.06449969216009777,0.3219223193473226
2024-07-10 23:52:42+00:00,82.12200927734375,82.1313119287582,0.41619742427974415,0.013399994801147841,0.4027974294785963
2024-07-11 00:02:43+00:00,53.96263885498047,53.881429137163735,0.36423613754232065,0.0028999873275097343,0.3613361502148109
2024-07-11 00:12:43+00:00,16.230880737304688,16.15030964356294,0.21058734706366522,0.02939995868382539,0.18118738837983983
2024-07-11 00:22:43+00:00,-21.75772285461425,-21.83766147968348,0.01019597903086833,0.05399987654254801,-0.04380389751167968
2024-07-11 00:32:43+00:00,-59.15967178344727,-59.2389873853948,-0.21826107486322144,-0.030999883902950387,-0.18726119096027105
2024-07-11 00:42:43+00:00,-79.32601165771484,-79.26696430295814,-0.22447791459126165,-0.0007999994986676029,-0.22367791509259405
2024-07-11 00:52:43+00:00,-44.05055236816406,-43.96562958458035,-0.11188842521096376,0.011299945777864195,-0.12318837098882796
2024-07-11 01:02:43+00:00,-6.356810092926025,-6.269839909706614,0.05293679787791916,-0.004499998951359885,0.057436796829279047
2024-07-11 01:12:43+00:00,31.55910301208496,31.644273928104365,0.23442870512553782,0.007199972108537622,0.2272287330170002
2024-07-11 01:22:43+00:00,68.69673919677734,68.7739255730723,0.35122004699587706,0.01669996350119618,0.3345200834946809
2024-07-11 01:32:43+00:00,70.61068725585938,70.53803767947689,0.3521863810092327,0.001999996177801222,0.3501863848314315
2024-07-11 01:42:44+00:00,33.499244689941406,33.423673229033305,0.2678829771703022,0.03649985012179968,0.2313831270485025
2024-07-11 01:52:44+00:00,-4.481961727142334,-4.556485678948314,0.12655170002017258,0.05749999326599209,0.06905170675418049
2024-07-11 02:02:44+00:00,-42.27349090576172,-42.34721476847175,-0.10582331417390378,-0.030699853912665276,-0.0751234602612385
2024-07-11 02:12:44+00:00,-78.00524139404298,-78.06454268575949,-0.17791091114031587,-0.0022999981138127623,-0.1756109130265031
2024-07-11 02:22:44+00:00,-60.8754768371582,-60.7999902548177,-0.14709727859008126,0.024399914426794567,-0.17149719301687583
2024-07-11 02:32:44+00:00,-23.589305877685547,-23.5097150496135,-0.06050252175919013,0.00979997481317696,-0.07030249657236709
2024-07-11 02:42:44+00:00,14.314847946166992,14.394833326735869,0.03563519127146719,-0.03789995956685743,0.07353515083832463
2024-07-11 02:52:44+00:00,52.0218162536621,52.0990470339975,0.15782250047413982,-0.034499842352488486,0.1923223428266283
2024-07-11 03:02:44+00:00,82.55653381347656,82.54947195936823,0.21120837576017948,0.004299998807255179,0.2069083769529243
2024-07-11 03:12:44+00:00,50.632057189941406,50.62063688050689,0.13360998256030143,-0.006299970738837146,0.13990995329913858
2024-07-11 03:22:45+00:00,12.83730697631836,12.762882927781815,0.032917816976805625,0.003099997094068385,0.02981781988273724
2024-07-11 03:32:45+00:00,-25.133346557617188,-25.207920184739173,-0.12041900703934516,-0.039899887726278394,-0.08051911931306677
2024-07-11 03:42:45+00:00,-62.41461944580078,-62.48747173152047,-0.1417416231251991,0.009299969901803706,-0.15104159302700282
2024-07-11 03:52:45+00:00,-76.70978546142578,-76.64464811932304,-0.13402738304830564,-0.011999988384559401,-0.12202739466374624
2024-07-11 04:02:45+00:00,-40.71427917480469,-40.636238187695014,-0.0036938556822860846,0.010599950431242178,-0.014293806113528262
2024-07-11 04:12:45+00:00,-2.9682366847991943,-2.889967859778689,0.11768078081058775,0.0012999998834857251,0.11638078092710202
2024-07-11 04:22:45+00:00,34.93328094482422,35.00893284128306,0.19656800698612642,-0.028399878461641492,0.2249678854477679
2024-07-11 04:32:45+00:00,71.83431243896484,71.90073277432249,0.21238960208575008,-0.018099969436661922,0.230489571522412
2024-07-11 04:42:45+00:00,67.44340515136719,67.37502432318226,0.11913215801814658,-0.01779995570996107,0.13693211372810765
2024-07-11 04:52:46+00:00,30.121559143066406,30.04987491708806,-0.06568879777205439,-0.034099874008461484,-0.0315889237635929
2024-07-11 05:02:46+00:00,-7.870203495025635,-7.944032280543908,-0.31174354699487594,-0.0810999696923318,-0.23064357730254414
2024-07-11 05:12:46+00:00,-45.6025848388672,-45.6785481411778,-0.32920554154952697,0.02969985744311998,-0.35890539899264695
2024-07-11 05:22:46+00:00,-80.41074371337889,-80.45988442824017,-0.29434949584810965,0.003299998230431811,-0.29764949407854147
2024-07-11 05:32:46+00:00,-57.62163543701172,-57.5403442534454,-0.09273416245196131,-0.010199959527199098,-0.08253420292476221
2024-07-11 05:42:46+00:00,-20.225418090820312,-20.142588409486443,0.1648225202707181,-0.0032999932673192234,0.1681225135380373
2024-07-11 05:52:46+00:00,17.696399688720703,17.77623180503745,0.31446451749707194,-0.03659993923429283,0.35106445673136477
2024-07-11 06:02:46+00:00,55.339839935302734,55.41345359143942,0.3638586907463832,-0.01169995005147939,0.3755586407978626
2024-07-11 06:12:46+00:00,81.5574951171875,81.52028212304084,0.24845415677555138,0.002399999108092743,0.24605415766745864
2024-07-11 06:22:46+00:00,47.29094314575195,47.28275713279837,-0.038180235976142285,-0.04119980191717332,0.0030195659410310327
2024-07-11 06:32:47+00:00,9.444941520690918,9.37158545540111,-0.3246694291383392,-0.06519996395218186,-0.2594694651861573
2024-07-11 06:42:47+00:00,-28.49913215637207,-28.57610301289277,-0.412129595458282,0.009199968603752495,-0.4213295640620345
2024-07-11 06:52:47+00:00,-65.6287612915039,-65.70597619302877,-0.3556659885953195,0.02449993306709075,-0.38016592166241026
2024-07-11 07:02:47+00:00,-73.82628631591797,-73.75040454526074,-0.15921050744418608,-0.024599966339337698,-0.13461054110484838
2024-07-11 07:12:47+00:00,-37.380420684814446,-37.296156506414746,0.1620348955557347,-0.011999946175819787,0.17403484173155448
2024-07-11 07:22:47+00:00,0.4123083353042602,0.4940062320176756,0.3988926582351269,-0.010899999607318023,0.4097926578424449
2024-07-11 07:32:47+00:00,38.29541778564453,38.37131182283266,0.4460567602800438,-0.03289985075844015,0.47895661103848397
2024-07-11 07:42:47+00:00,74.85851287841797,74.9204754672451,0.3441958887824512,0.0005999992808938259,0.3435958895015574
2024-07-11 07:52:47+00:00,64.2196273803711,64.1525366503452,0.08822573937322886,-0.0006999978977546562,0.08892573727098352
2024-07-11 08:22:48+00:00,-48.92793655395508,-49.002288498180505,0.15855370834560745,0.03429983667956549,0.12425387166604196
2024-07-11 08:32:48+00:00,-82.09827423095702,-82.12582572914792,-0.1765437410949744,-0.019499993004501448,-0.15704374809047295
2024-07-11 08:42:48+00:00,-54.33771896362305,-54.25738281143216,0.1141756210654421,-0.019499915542837698,0.1336755366082798
2024-07-11 08:52:48+00:00,-16.848405838012695,-16.76888678011977,0.37815589872116107,0.005199992104280682,0.3729559066168804
2024-07-11 09:02:48+00:00,21.08397674560547,21.158657248022312,0.48570813000878843,0.006899985083691718,0.4788081449250967
2024-07-11 09:12:48+00:00,58.64593505859375,58.71373838468829,0.4177466086930508,0.009299964481215284,0.4084466442118355
2024-07-11 09:22:48+00:00,79.5033950805664,79.45638454828679,0.20061782358243363,0.00699999561857112,0.1936178279638625
2024-07-11 09:52:49+00:00,-31.8693962097168,-31.941599794085256,-0.315509623304024,0.022799910793764866,-0.33830953409778886
2024-07-11 10:02:49+00:00,-68.80998992919922,-68.88088347304391,-0.20611958362678706,0.006399986035830807,-0.21251956966261787
2024-07-11 10:12:49+00:00,-70.77460479736328,-70.70407560213131,-0.02233580849315331,-0.05969988919332536,0.03736408070017205
2024-07-11 10:22:49+00:00,-34.02131652832031,-33.94631704261333,0.2933585690361724,0.02069991499047319,0.2726586540456992
2024-07-11 10:32:49+00:00,3.8098182678222656,3.8815954395207504,0.43941373720099364,0.017499998517450877,0.42191373868354276
2024-07-11 10:42:49+00:00,41.66402816772461,41.73046694510611,0.41264796144969296,-0.012099942532586283,0.42474790398227924
2024-07-11 10:52:49+00:00,77.70119476318358,77.75223484089581,0.25658248498712055,0.0016999986119117239,0.2548824863752088
2024-07-11 11:02:49+00:00,60.94822311401367,60.88867474715775,0.06964153881926904,0.045699840418819804,0.02394169840044924
2024-07-11 11:12:49+00:00,23.408275604248047,23.34531026091532,-0.13870764491184673,0.029499924124138488,-0.16820756903598522
2024-07-11 11:22:49+00:00,-14.6546630859375,-14.657316899561584,-0.24374967536186887,0.00879999002245313,-0.252549665384322
2024-07-11 11:32:50+00:00,-52.24932098388672,-52.31656159636498,-0.15583653202793357,0.018499916242035397,-0.17433644826996897
2024-07-11 11:42:50+00:00,-82.55780792236328,-82.5528318944325,-0.019600896317570005,-0.03389999070623162,0.014299094388661615
2024-07-11 11:52:50+00:00,-51.022624969482415,-50.95550281342843,0.19658759641697543,-0.012799941127923375,0.2093875375448988
2024-07-11 12:02:50+00:00,-13.45475959777832,-13.389093609235497,0.3909368328140772,0.06419993365125265,0.32673689916282456
2024-07-11 12:12:50+00:00,24.479869842529297,24.541551021988333,0.389142275526865,0.02659992728240468,0.3625423482444603
2024-07-11 12:22:50+00:00,61.93807601928711,61.99450483989217,0.29165886932514695,0.008499971499986714,0.28315889782516024
2024-07-11 12:32:50+00:00,76.87831115722656,76.83303149135656,0.1660097815001791,0.04169996101245488,0.12430982048772421
2024-07-11 12:42:50+00:00,40.62524032592773,40.570220451085184,0.04272093128747656,0.05909971836445038,-0.016378787076973822
2024-07-11 12:52:50+00:00,2.69968843460083,2.642931404285233,-0.0915295002523635,-0.002299999855495116,-0.08922950039686839
2024-07-11 13:02:50+00:00,-35.24593734741211,-35.241059872221236,-0.11586950690889353,-0.007399968375466415,-0.10846953853342711
2024-07-11 13:12:51+00:00,-71.93498992919922,-71.98909715730193,-0.04138368737130804,0.0060999896477369475,-0.04748367701904499
2024-07-11 13:22:51+00:00,-67.62098693847656,-67.56551418925191,0.010937887707768823,-0.04989988199122308,0.060837769698991906
2024-07-11 13:32:51+00:00,-30.64565658569336,-30.587491979087307,0.15379029444193293,0.011099959259809111,0.14269033518212382
2024-07-11 13:42:51+00:00,7.21567153930664,7.272313243580159,0.2571328400008497,0.06569997728456656,0.19143286271628313
2024-07-11 13:52:51+00:00,45.03171157836913,45.085255731193776,0.23589173945583752,0.00559997275013302,0.2302917667057045
2024-07-11 14:02:51+00:00,80.19525909423827,80.22904432851192,0.1959059399932812,0.003399998228815093,0.19250594176446612
2024-07-11 14:12:51+00:00,57.64351272583008,57.59442397014274,0.150578297400898,0.04419982494528085,0.10637847245561716
2024-07-11 14:22:51+00:00,20.002614974975582,19.952660721028234,-0.016583961219112098,-0.04139991879947047,0.024815957580358372
2024-07-11 14:32:51+00:00,-17.994739532470703,-18.04528955191319,-0.061620412905540434,0.021699964631807234,-0.08332037753734767
2024-07-11 14:42:51+00:00,-55.56824493408203,-55.55735434100469,-0.12825525959669903,0.0034999852878172533,-0.1317552448845163
2024-07-11 14:52:52+00:00,-81.57395172119139,-81.54810452766013,-0.12331900005665375,-0.04819998117363866,-0.07511901888301509
2024-07-11 15:02:52+00:00,-47.69099044799805,-47.63773871609198,-0.024434626654510794,-0.025099880400375696,0.0006652537458649022
2024-07-11 15:12:52+00:00,-10.057624816894531,-10.003687504462437,0.06530276460034656,0.0038999978751235176,0.061402766725223046
2024-07-11 15:22:52+00:00,27.87165069580078,27.924329096160946,0.07962845602287416,-0.03619988123864459,0.11582833726151875
2024-07-11 15:32:52+00:00,65.19865417480469,65.24753344179896,0.0892584262364835,-0.022999935081315925,0.11225836131779943
2024-07-11 15:42:52+00:00,73.96539306640625,73.91935533692309,0.07669602667192521,0.032699955830139515,0.043996070841785695
2024-07-11 15:52:52+00:00,37.249542236328125,37.19857460617137,-0.06052680172069813,-0.04149981314276374,-0.01902698857793439
2024-07-11 16:02:52+00:00,-0.7045433521270752,-0.7567562851333969,-0.09387578183577716,0.009199999780321377,-0.10307578161609854
2024-07-11 16:12:52+00:00,-38.546436309814446,-38.59921278268452,-0.12274338574297872,-0.0016999922545437585,-0.12104339348843496
2024-07-11 16:22:52+00:00,-74.94268798828125,-74.93437252035002,-0.13030231050743168,-0.0360999545237064,-0.09420235598372528
2024-07-11 16:32:53+00:00,-64.42045593261719,-64.36667036396189,-0.04061486871705711,-0.011599966387620952,-0.029014902329436154
2024-07-11 16:42:53+00:00,-27.27611923217773,-27.22034355265725,0.0010169461093028076,-0.03579988484580099,0.036816830955103796
2024-07-11 16:52:53+00:00,10.610111236572266,10.665662126549199,-0.029636050150656956,-0.0903999444362853,0.06076389428562834
2024-07-11 17:02:53+00:00,48.38009643554688,48.43423164702265,-0.01819172655723378,-0.04159979941596248,0.0234080728587287
2024-07-11 17:12:53+00:00,81.99210357666014,82.01063098966027,-0.02623204725841788,0.030599989026086405,-0.056832036284504284
2024-07-11 17:22:53+00:00,54.3325309753418,54.27680774200709,-0.13250844717549626,-0.041499818863485416,-0.09100862831201084
2024-07-11 17:32:53+00:00,16.613170623779297,16.554943069020073,-0.1354628365170356,-0.017999973882979248,-0.11746286263405636
2024-07-11 17:42:53+00:00,-21.373046875,-21.43233641836218,-0.09486899698913476,-0.0027999937319691526,-0.0920690032571656
2024-07-11 17:52:53+00:00,-58.8475341796875,-58.84430286045965,-0.0547555611046846,-0.021799916644340556,-0.03295564446034405
2024-07-11 18:02:53+00:00,-79.5571060180664,-79.55696488893943,0.01572355348889687,-0.027799982150099822,0.04352353563899669
2024-07-11 18:12:54+00:00,-44.36540985107422,-44.306257172803726,0.12467591675613221,0.027799865270026203,0.09687605148610601
2024-07-11 18:22:54+00:00,-6.671676635742188,-6.613145349267512,0.07652901401706913,-0.058999984874390066,0.1355289988914592
2024-07-11 18:32:54+00:00,31.24942207336425,31.3063578449277,0.09812527809117455,-0.006199976218340453,0.104325254309515
2024-07-11 18:52:54+00:00,70.8976821899414,70.84522281276999,-0.059202283304330194,-0.026099951731339388,-0.033102331572990806
2024-07-11 19:02:54+00:00,33.87564468383789,33.81818957126942,-0.11908716794732754,-0.03979983401950449,-0.07928733392782306
2024-07-11 19:12:54+00:00,-4.098908424377441,-4.158177542017797,-0.12657527163446503,-0.010299999180460873,-0.11627527245400415
2024-07-11 19:22:54+00:00,-41.892555236816406,-41.95236582066277,-0.10615101830171625,-0.013299936749717745,-0.0928510815519985
2024-07-11 19:32:54+00:00,-77.7513198852539,-77.74968590873104,-0.09386002035353158,-0.056899954207437986,-0.036960066146093595
2024-07-11 19:42:55+00:00,-61.18529891967773,-61.125768418883276,0.07157299866958056,0.031299891413254954,0.0402731072563256
2024-07-11 19:52:55+00:00,-23.90599250793457,-23.845460734804902,0.13989611239321675,0.0032999912300510914,0.13659612116316566
2024-07-11 20:02:55+00:00,14.002161979675291,14.061134426131558,0.1844007430554484,-0.0029999968110132613,0.18740073986646166
2024-07-11 20:22:55+00:00,82.57735443115233,82.57466024502509,0.1510215184507615,0.01879999322045478,0.13222152523030672
2024-07-11 20:32:55+00:00,50.99368667602539,50.94050982411048,0.05580218345858157,-0.008399960551287222,0.06420214400986879
2024-07-11 20:42:55+00:00,13.207204818725586,13.152737217143965,-0.027057725862505322,-0.002899997321947012,-0.02415772854055831
2024-07-11 20:52:55+00:00,-24.762704849243164,-24.817904079971715,-0.07456498256124178,0.0051999852985318284,-0.0797649678597736
2024-07-11 21:02:55+00:00,-62.055850982666016,-62.11034153644373,-0.12642926776425156,-0.045699849346419796,-0.08072941841783177
2024-07-11 21:12:55+00:00,-76.9632797241211,-76.96841815915064,-0.03299755557145545,0.011399988970879349,-0.0443975445423348
2024-07-11 21:22:56+00:00,-41.01938629150391,-40.962655314249396,0.07824852387420833,0.03359983963491686,0.04464868423929147
2024-07-11 21:32:56+00:00,-3.274456739425659,-3.2179460560522215,0.15129814495048777,-0.0018999998546860297,0.1531981448051738
2024-07-11 21:42:56+00:00,34.63283157348633,34.686936220108784,0.2586302341978808,0.03399985607302369,0.2246303781248571
2024-07-11 21:52:56+00:00,71.56105041503906,71.60879671913736,0.29860709716103884,0.05569990305139072,0.24290719410964812
2024-07-11 22:02:56+00:00,67.72062683105469,67.67484706418158,0.22456794798017654,0.007699981341829698,0.21686796663834684
2024-07-11 22:12:56+00:00,30.47728538513184,30.429958887745883,0.12840696151215525,-0.006899974550833576,0.13530693606298883
2024-07-11 22:22:56+00:00,-7.513646602630614,-7.560806421874287,0.036432105346648314,0.024899991545680678,0.011532113800967636
2024-07-11 22:32:56+00:00,-45.25223159790039,-45.299417059048366,-0.06709807960760372,0.003899981267750263,-0.07099806087535399
2024-07-11 22:42:56+00:00,-80.18060302734375,-80.21391739382737,-0.12716968469794665,-0.04029997721863765,-0.086869707479309
2024-07-11 22:52:56+00:00,-57.90158462524414,-57.91494841073903,-0.022712979476636974,0.01929992371970002,-0.04201290319633699
2024-07-11 23:02:57+00:00,-20.512948989868164,-20.4633823895483,0.0704080489504122,0.013899970791499072,0.05650807815891312
2024-07-11 23:12:57+00:00,17.409507751464844,17.458209717144328,0.18657749323028838,0.027499956739120535,0.15907753649116785
2024-07-11 23:22:57+00:00,55.06087493896485,55.10649586444702,0.30343280658689764,0.06009974101289117,0.24333306557400647
2024-07-11 23:32:57+00:00,81.68459320068358,81.66648898869741,0.2971924666826453,0.0026999989686373738,0.29449246771400794
2024-07-11 23:42:57+00:00,47.62851333618164,47.588786670929345,0.2637957191936948,-0.0037999816458977875,0.2675957008395926
2024-07-11 23:52:57+00:00,9.785283088684082,9.746600528064784,0.1561371406469334,0.033199982774931414,0.12293715787200199
