condition,geomag,wavelength,lag_hours,spearman_r,n
asymmetric,all,256,0,0.5570303043254724,1665
asymmetric,all,256,3,0.5606752865659962,1664
asymmetric,all,256,6,0.5665757927994212,1663
asymmetric,all,256,9,0.5697611182831559,1662
asymmetric,all,256,12,0.5709985565903847,1661
asymmetric,all,256,15,0.5740378683195974,1660
asymmetric,all,256,18,0.577545171754493,1659
asymmetric,all,256,21,0.5806449056905405,1658
asymmetric,all,256,24,0.5808972973650487,1657
asymmetric,all,256,27,0.581363882143914,1656
asymmetric,all,256,30,0.5834336623649072,1655
asymmetric,all,256,33,0.5845232451748514,1654
asymmetric,all,256,36,0.583365723121887,1653
asymmetric,all,256,39,0.5818193122459924,1652
asymmetric,all,256,42,0.5807162355861142,1651
asymmetric,all,256,45,0.5802706702079451,1651
asymmetric,all,256,48,0.5776646548433549,1651
asymmetric,all,256,51,0.5746229747831242,1651
asymmetric,all,256,54,0.5733048854255314,1651
asymmetric,all,256,57,0.571443842424758,1651
asymmetric,all,256,60,0.567529806374061,1651
asymmetric,all,256,63,0.5636002070156868,1650
asymmetric,all,256,66,0.5621552017136278,1649
asymmetric,all,256,69,0.5600662711763488,1647
asymmetric,all,256,72,0.554801433365326,1645
asymmetric,all,256,75,0.5496883028134173,1643
asymmetric,all,256,78,0.5477809123518737,1641
asymmetric,all,256,81,0.5454747658627181,1639
asymmetric,all,256,84,0.5401077900730643,1637
asymmetric,all,256,87,0.5334714048325371,1636
asymmetric,all,256,90,0.5290021936007238,1636
asymmetric,all,256,93,0.5244142387785368,1636
asymmetric,all,256,96,0.5157850747317413,1636
asymmetric,all,256,99,0.5069151348912964,1636
asymmetric,all,256,102,0.502713181008529,1636
asymmetric,all,256,105,0.49692716806293175,1636
asymmetric,all,256,108,0.4862198938964673,1636
asymmetric,all,256,111,0.47561759669669534,1635
asymmetric,all,256,114,0.47025788888606224,1633
asymmetric,all,256,117,0.4654666604786679,1631
asymmetric,all,256,120,0.4563759323410884,1629
asymmetric,all,284,0,0.6297439011987331,1665
asymmetric,all,284,3,0.6328867765841609,1664
asymmetric,all,284,6,0.6387099896292254,1663
asymmetric,all,284,9,0.6421699808076368,1662
asymmetric,all,284,12,0.6437152212874125,1661
asymmetric,all,284,15,0.6468473255264985,1660
asymmetric,all,284,18,0.6509621574048712,1659
asymmetric,all,284,21,0.6547321875573523,1658
asymmetric,all,284,24,0.6555352902923388,1657
asymmetric,all,284,27,0.656152248125163,1656
asymmetric,all,284,30,0.6583729738896208,1655
asymmetric,all,284,33,0.6595403829501401,1654
asymmetric,all,284,36,0.6594190499652005,1653
asymmetric,all,284,39,0.6595428810146817,1652
asymmetric,all,284,42,0.6600183694591809,1651
asymmetric,all,284,45,0.6610852993263243,1651
asymmetric,all,284,48,0.659556730470917,1651
asymmetric,all,284,51,0.6574289743354205,1651
asymmetric,all,284,54,0.6574478904253361,1651
asymmetric,all,284,57,0.6566737039818584,1651
asymmetric,all,284,60,0.6536986302100409,1651
asymmetric,all,284,63,0.651224621870635,1650
asymmetric,all,284,66,0.6508649281679715,1649
asymmetric,all,284,69,0.6500813412754572,1647
asymmetric,all,284,72,0.6465142451913906,1645
asymmetric,all,284,75,0.6428411568241036,1643
asymmetric,all,284,78,0.6415342629846236,1641
asymmetric,all,284,81,0.6398034660270707,1639
asymmetric,all,284,84,0.6354789204693542,1637
asymmetric,all,284,87,0.6304036592834246,1636
asymmetric,all,284,90,0.6277534867278501,1636
asymmetric,all,284,93,0.625174888091586,1636
asymmetric,all,284,96,0.6189249724479325,1636
asymmetric,all,284,99,0.6123944887945105,1636
asymmetric,all,284,102,0.6098429801070298,1636
asymmetric,all,284,105,0.606114328874198,1636
asymmetric,all,284,108,0.5978060320477793,1636
asymmetric,all,284,111,0.5898519567905457,1635
asymmetric,all,284,114,0.5869178352758114,1633
asymmetric,all,284,117,0.5836173396133778,1631
asymmetric,all,284,120,0.5757026638665794,1629
asymmetric,all,304,0,0.6264485887910258,1665
asymmetric,all,304,3,0.6296945249403157,1664
asymmetric,all,304,6,0.6353610240849782,1663
asymmetric,all,304,9,0.639206836657131,1662
asymmetric,all,304,12,0.6403699130914011,1661
asymmetric,all,304,15,0.6428290139282992,1660
asymmetric,all,304,18,0.6458988294722001,1659
asymmetric,all,304,21,0.6502103525756903,1658
asymmetric,all,304,24,0.6521791645648712,1657
asymmetric,all,304,27,0.6534607805265285,1656
asymmetric,all,304,30,0.6563598864307127,1655
asymmetric,all,304,33,0.6578735638703429,1654
asymmetric,all,304,36,0.6575002728160092,1653
asymmetric,all,304,39,0.6582194916594378,1652
asymmetric,all,304,42,0.6597934722424246,1651
asymmetric,all,304,45,0.6611877299265528,1651
asymmetric,all,304,48,0.6607605260080904,1651
asymmetric,all,304,51,0.6598092872028545,1651
asymmetric,all,304,54,0.6592311038754386,1651
asymmetric,all,304,57,0.6574993537091495,1651
asymmetric,all,304,60,0.653601025959227,1651
asymmetric,all,304,63,0.6500726588462894,1650
asymmetric,all,304,66,0.6483839519738889,1649
asymmetric,all,304,69,0.6466458825496423,1647
asymmetric,all,304,72,0.6418983067807998,1645
asymmetric,all,304,75,0.6372869219476214,1643
asymmetric,all,304,78,0.6340160581628841,1641
asymmetric,all,304,81,0.6300723203244075,1639
asymmetric,all,304,84,0.6246071170847096,1637
asymmetric,all,304,87,0.618762038121683,1636
asymmetric,all,304,90,0.6157750924213271,1636
asymmetric,all,304,93,0.6121162282947951,1636
asymmetric,all,304,96,0.6053345412043122,1636
asymmetric,all,304,99,0.5985228838882454,1636
asymmetric,all,304,102,0.5954516811848192,1636
asymmetric,all,304,105,0.5902825955766484,1636
asymmetric,all,304,108,0.5817682534493405,1636
asymmetric,all,304,111,0.5732483199958093,1635
asymmetric,all,304,114,0.5700626372943701,1633
asymmetric,all,304,117,0.5674573144247562,1631
asymmetric,all,304,120,0.5604056090243935,1629
asymmetric,all,1175,0,0.7814863471376077,1665
asymmetric,all,1175,3,0.7837777049217217,1664
asymmetric,all,1175,6,0.7869102509066183,1663
asymmetric,all,1175,9,0.7877022117813738,1662
asymmetric,all,1175,12,0.7858941138420497,1661
asymmetric,all,1175,15,0.7869623247724806,1660
asymmetric,all,1175,18,0.7899267997329112,1659
asymmetric,all,1175,21,0.7937315699528176,1658
asymmetric,all,1175,24,0.7966485154463361,1657
asymmetric,all,1175,27,0.8008092569373138,1656
asymmetric,all,1175,30,0.8030876643311444,1655
asymmetric,all,1175,33,0.80148380530872,1654
asymmetric,all,1175,36,0.7968763779785585,1653
asymmetric,all,1175,39,0.79648772817521,1652
asymmetric,all,1175,42,0.8005104917770072,1651
asymmetric,all,1175,45,0.8016563737876964,1651
asymmetric,all,1175,48,0.800715987602415,1651
asymmetric,all,1175,51,0.8017863385780107,1651
asymmetric,all,1175,54,0.8019664974022375,1651
asymmetric,all,1175,57,0.797353517962086,1651
asymmetric,all,1175,60,0.790860830081436,1651
asymmetric,all,1175,63,0.7886743132287319,1650
asymmetric,all,1175,66,0.7874854160188021,1649
asymmetric,all,1175,69,0.7831496196639056,1647
asymmetric,all,1175,72,0.7768658371100922,1645
asymmetric,all,1175,75,0.7734043669581279,1643
asymmetric,all,1175,78,0.7692329917930509,1641
asymmetric,all,1175,81,0.7609476843885095,1639
asymmetric,all,1175,84,0.7523990465630385,1637
asymmetric,all,1175,87,0.7460173890614183,1636
asymmetric,all,1175,90,0.7446341162593447,1636
asymmetric,all,1175,93,0.7424996173904426,1636
asymmetric,all,1175,96,0.7371271255932367,1636
asymmetric,all,1175,99,0.730717079165833,1636
asymmetric,all,1175,102,0.7275206323805294,1636
asymmetric,all,1175,105,0.7214997329988886,1636
asymmetric,all,1175,108,0.7124256196263978,1636
asymmetric,all,1175,111,0.7053128522101767,1635
asymmetric,all,1175,114,0.7034240057984006,1633
asymmetric,all,1175,117,0.6999368071829168,1631
asymmetric,all,1175,120,0.6917987434917916,1629
asymmetric,all,1216,0,0.6809297731566639,1665
asymmetric,all,1216,3,0.6910338763991802,1664
asymmetric,all,1216,6,0.6975580195828212,1663
asymmetric,all,1216,9,0.6905009197706226,1662
asymmetric,all,1216,12,0.6849199295350263,1661
asymmetric,all,1216,15,0.6927757053779796,1660
asymmetric,all,1216,18,0.7009649497634327,1659
asymmetric,all,1216,21,0.7008648112972572,1658
asymmetric,all,1216,24,0.7005464837084091,1657
asymmetric,all,1216,27,0.7089414466244953,1656
asymmetric,all,1216,30,0.712960342819271,1655
asymmetric,all,1216,33,0.7033807490991443,1654
asymmetric,all,1216,36,0.6962881974494051,1653
asymmetric,all,1216,39,0.7025177788174249,1652
asymmetric,all,1216,42,0.708678226884553,1651
asymmetric,all,1216,45,0.705421616952379,1651
asymmetric,all,1216,48,0.7031258211960201,1651
asymmetric,all,1216,51,0.7102289836148103,1651
asymmetric,all,1216,54,0.7118078744957166,1651
asymmetric,all,1216,57,0.6997520829630799,1651
asymmetric,all,1216,60,0.6902472010839821,1651
asymmetric,all,1216,63,0.6935648955409919,1650
asymmetric,all,1216,66,0.6979975079175536,1649
asymmetric,all,1216,69,0.6930173635278094,1647
asymmetric,all,1216,72,0.6885841218992956,1645
asymmetric,all,1216,75,0.6937742640733892,1643
asymmetric,all,1216,78,0.6932649749489032,1641
asymmetric,all,1216,81,0.6798605225188954,1639
asymmetric,all,1216,84,0.6692208087591138,1637
asymmetric,all,1216,87,0.670807683465856,1636
asymmetric,all,1216,90,0.6738578308251745,1636
asymmetric,all,1216,93,0.6673505757408865,1636
asymmetric,all,1216,96,0.660712033748513,1636
asymmetric,all,1216,99,0.6630576917113677,1636
asymmetric,all,1216,102,0.6615826556472738,1636
asymmetric,all,1216,105,0.6463665150584145,1636
asymmetric,all,1216,108,0.6330283971587096,1636
asymmetric,all,1216,111,0.631916319604954,1635
asymmetric,all,1216,114,0.633970390269946,1633
asymmetric,all,1216,117,0.6265705992763361,1631
asymmetric,all,1216,120,0.6186280699448852,1629
asymmetric,all,1335,0,0.6737071517796308,1665
asymmetric,all,1335,3,0.6752706630262253,1664
asymmetric,all,1335,6,0.6790316125356373,1663
asymmetric,all,1335,9,0.6827593118939568,1662
asymmetric,all,1335,12,0.6844015343961909,1661
asymmetric,all,1335,15,0.686503249373323,1660
asymmetric,all,1335,18,0.6886600649966462,1659
asymmetric,all,1335,21,0.6928995925305009,1658
asymmetric,all,1335,24,0.6954880025446167,1657
asymmetric,all,1335,27,0.6966062112042835,1656
asymmetric,all,1335,30,0.6990678082892746,1655
asymmetric,all,1335,33,0.7013742979164224,1654
asymmetric,all,1335,36,0.7010770622479229,1653
asymmetric,all,1335,39,0.7008797316217937,1652
asymmetric,all,1335,42,0.7026980546478746,1651
asymmetric,all,1335,45,0.7046451799901686,1651
asymmetric,all,1335,48,0.7047641401705195,1651
asymmetric,all,1335,51,0.7033646934941477,1651
asymmetric,all,1335,54,0.7023448272000253,1651
asymmetric,all,1335,57,0.7008090241534789,1651
asymmetric,all,1335,60,0.6970748456134817,1651
asymmetric,all,1335,63,0.6929051701129267,1650
asymmetric,all,1335,66,0.6899292464822618,1649
asymmetric,all,1335,69,0.68837097436189,1647
asymmetric,all,1335,72,0.6847226097024891,1645
asymmetric,all,1335,75,0.6800644293215371,1643
asymmetric,all,1335,78,0.6764942688328032,1641
asymmetric,all,1335,81,0.6729415561794021,1639
asymmetric,all,1335,84,0.6679269048659355,1637
asymmetric,all,1335,87,0.6615548942733561,1636
asymmetric,all,1335,90,0.6594177617736212,1636
asymmetric,all,1335,93,0.6574954359876499,1636
asymmetric,all,1335,96,0.6523756192817788,1636
asymmetric,all,1335,99,0.6453324819845331,1636
asymmetric,all,1335,102,0.6419281455346042,1636
asymmetric,all,1335,105,0.6378011720260116,1636
asymmetric,all,1335,108,0.630601129526171,1636
asymmetric,all,1335,111,0.6219326135747794,1635
asymmetric,all,1335,114,0.6178563608845692,1633
asymmetric,all,1335,117,0.6152446918365546,1631
asymmetric,all,1335,120,0.6080009187421993,1629
asymmetric,all,1405,0,0.7968057441271728,1665
asymmetric,all,1405,3,0.8001716822748093,1664
asymmetric,all,1405,6,0.8041773641458585,1663
asymmetric,all,1405,9,0.8070122500548138,1662
asymmetric,all,1405,12,0.8076662906939135,1661
asymmetric,all,1405,15,0.8076090582312637,1660
asymmetric,all,1405,18,0.8087788704579792,1659
asymmetric,all,1405,21,0.8114185781964574,1658
asymmetric,all,1405,24,0.8125308121346216,1657
asymmetric,all,1405,27,0.8145357165874433,1656
asymmetric,all,1405,30,0.8172251049391372,1655
asymmetric,all,1405,33,0.8174022998627578,1654
asymmetric,all,1405,36,0.8148821734795676,1653
asymmetric,all,1405,39,0.8121769717630634,1652
asymmetric,all,1405,42,0.810618968646461,1651
asymmetric,all,1405,45,0.8102325300483582,1651
asymmetric,all,1405,48,0.8089870545842787,1651
asymmetric,all,1405,51,0.8078273388162619,1651
asymmetric,all,1405,54,0.8064293053803264,1651
asymmetric,all,1405,57,0.8018387324673192,1651
asymmetric,all,1405,60,0.7956956242742977,1651
asymmetric,all,1405,63,0.7910738653247357,1650
asymmetric,all,1405,66,0.7863848238816004,1649
asymmetric,all,1405,69,0.7827922598650773,1647
asymmetric,all,1405,72,0.7790054605356145,1645
asymmetric,all,1405,75,0.7750803679557702,1643
asymmetric,all,1405,78,0.7715679052247305,1641
asymmetric,all,1405,81,0.7666878355452591,1639
asymmetric,all,1405,84,0.7591874532152308,1637
asymmetric,all,1405,87,0.7525918469503671,1636
asymmetric,all,1405,90,0.7494178805747623,1636
asymmetric,all,1405,93,0.7461208488233281,1636
asymmetric,all,1405,96,0.7414239422556845,1636
asymmetric,all,1405,99,0.7357639873236578,1636
asymmetric,all,1405,102,0.7327522756276361,1636
asymmetric,all,1405,105,0.7276982092557269,1636
asymmetric,all,1405,108,0.7196261225320449,1636
asymmetric,all,1405,111,0.711231909175704,1635
asymmetric,all,1405,114,0.7067278859809538,1633
asymmetric,all,1405,117,0.7027762910108882,1631
asymmetric,all,1405,120,0.6955225752941239,1629
asymmetric,quiet_kp4,256,0,0.5257693558363072,854
asymmetric,quiet_kp4,256,3,0.5277821104008682,855
asymmetric,quiet_kp4,256,6,0.5354907541703472,856
asymmetric,quiet_kp4,256,9,0.53544298154737,856
asymmetric,quiet_kp4,256,12,0.5336445662103521,857
asymmetric,quiet_kp4,256,15,0.5375988912610556,858
asymmetric,quiet_kp4,256,18,0.543763876159577,859
asymmetric,quiet_kp4,256,21,0.5492482868702233,860
asymmetric,quiet_kp4,256,24,0.5485751565501067,860
asymmetric,quiet_kp4,256,27,0.5492766617686637,860
asymmetric,quiet_kp4,256,30,0.5527076284612684,860
asymmetric,quiet_kp4,256,33,0.552304500329516,859
asymmetric,quiet_kp4,256,36,0.5474808240486493,858
asymmetric,quiet_kp4,256,39,0.5419148785434131,857
asymmetric,quiet_kp4,256,42,0.5386728279383942,856
asymmetric,quiet_kp4,256,45,0.539160273228027,856
asymmetric,quiet_kp4,256,48,0.5343750827966193,855
asymmetric,quiet_kp4,256,51,0.527420322759313,854
asymmetric,quiet_kp4,256,54,0.5239566253669652,854
asymmetric,quiet_kp4,256,57,0.5210791763295387,854
asymmetric,quiet_kp4,256,60,0.5117648021003232,853
asymmetric,quiet_kp4,256,63,0.5042877573730209,851
asymmetric,quiet_kp4,256,66,0.5033529686292811,849
asymmetric,quiet_kp4,256,69,0.500243940952169,846
asymmetric,quiet_kp4,256,72,0.49042357652146945,843
asymmetric,quiet_kp4,256,75,0.4817939894229684,840
asymmetric,quiet_kp4,256,78,0.48218887130152116,837
asymmetric,quiet_kp4,256,81,0.48256866872774024,835
asymmetric,quiet_kp4,256,84,0.47500508812244696,832
asymmetric,quiet_kp4,256,87,0.4650424231142212,830
asymmetric,quiet_kp4,256,90,0.4622626447469218,829
asymmetric,quiet_kp4,256,93,0.461532802706982,828
asymmetric,quiet_kp4,256,96,0.45261934796338676,828
asymmetric,quiet_kp4,256,99,0.43905319710688345,829
asymmetric,quiet_kp4,256,102,0.43815716178679365,828
asymmetric,quiet_kp4,256,105,0.43273714422685355,827
asymmetric,quiet_kp4,256,108,0.41763360058393467,827
asymmetric,quiet_kp4,256,111,0.4040251760309609,827
asymmetric,quiet_kp4,256,114,0.4024039961022725,826
asymmetric,quiet_kp4,256,117,0.4012300797770602,825
asymmetric,quiet_kp4,256,120,0.38953599032236264,824
asymmetric,quiet_kp4,284,0,0.5910102934001735,854
asymmetric,quiet_kp4,284,3,0.591345857365952,855
asymmetric,quiet_kp4,284,6,0.5981615097296782,856
asymmetric,quiet_kp4,284,9,0.5982693185925042,856
asymmetric,quiet_kp4,284,12,0.5951013375549085,857
asymmetric,quiet_kp4,284,15,0.5970238196620125,858
asymmetric,quiet_kp4,284,18,0.6025336658089725,859
asymmetric,quiet_kp4,284,21,0.6068170127514418,860
asymmetric,quiet_kp4,284,24,0.604624278329077,860
asymmetric,quiet_kp4,284,27,0.603980673751021,860
asymmetric,quiet_kp4,284,30,0.6081012410339142,860
asymmetric,quiet_kp4,284,33,0.6079318764458326,859
asymmetric,quiet_kp4,284,36,0.6059085576678827,858
asymmetric,quiet_kp4,284,39,0.6045972887732342,857
asymmetric,quiet_kp4,284,42,0.6051347438597257,856
asymmetric,quiet_kp4,284,45,0.6081123729945591,856
asymmetric,quiet_kp4,284,48,0.6054812225907192,855
asymmetric,quiet_kp4,284,51,0.6014730000486004,854
asymmetric,quiet_kp4,284,54,0.6020518307087458,854
asymmetric,quiet_kp4,284,57,0.6033992308813855,854
asymmetric,quiet_kp4,284,60,0.5986240313906964,853
asymmetric,quiet_kp4,284,63,0.5949108461510754,851
asymmetric,quiet_kp4,284,66,0.5970105850193934,849
asymmetric,quiet_kp4,284,69,0.5979493402495932,846
asymmetric,quiet_kp4,284,72,0.5926534856002909,843
asymmetric,quiet_kp4,284,75,0.5883290245997675,840
asymmetric,quiet_kp4,284,78,0.5903062211598584,837
asymmetric,quiet_kp4,284,81,0.5924929872450206,835
asymmetric,quiet_kp4,284,84,0.5878598315193891,832
asymmetric,quiet_kp4,284,87,0.5810724907879462,830
asymmetric,quiet_kp4,284,90,0.5808078382655287,829
asymmetric,quiet_kp4,284,93,0.5829417328448714,828
asymmetric,quiet_kp4,284,96,0.5775220357784141,828
asymmetric,quiet_kp4,284,99,0.5684175839035589,829
asymmetric,quiet_kp4,284,102,0.570043454183192,828
asymmetric,quiet_kp4,284,105,0.5673749191613924,827
asymmetric,quiet_kp4,284,108,0.556848216569096,827
asymmetric,quiet_kp4,284,111,0.5485445783363606,827
asymmetric,quiet_kp4,284,114,0.5506746789578343,826
asymmetric,quiet_kp4,284,117,0.5510599043872041,825
asymmetric,quiet_kp4,284,120,0.5393519715075943,824
asymmetric,quiet_kp4,304,0,0.6419765613368458,854
asymmetric,quiet_kp4,304,3,0.6432789112354965,855
asymmetric,quiet_kp4,304,6,0.6500387136173785,856
asymmetric,quiet_kp4,304,9,0.6507826808649122,856
asymmetric,quiet_kp4,304,12,0.6492624241809076,857
asymmetric,quiet_kp4,304,15,0.6514507100885389,858
asymmetric,quiet_kp4,304,18,0.6547397184129999,859
asymmetric,quiet_kp4,304,21,0.6631000576459456,860
asymmetric,quiet_kp4,304,24,0.6645543843887498,860
asymmetric,quiet_kp4,304,27,0.664492106769234,860
asymmetric,quiet_kp4,304,30,0.6676469464581327,860
asymmetric,quiet_kp4,304,33,0.6692392508809653,859
asymmetric,quiet_kp4,304,36,0.6656827550230233,858
asymmetric,quiet_kp4,304,39,0.6624540330605828,857
asymmetric,quiet_kp4,304,42,0.662436771106383,856
asymmetric,quiet_kp4,304,45,0.6638572461426525,856
asymmetric,quiet_kp4,304,48,0.6599524320222957,855
asymmetric,quiet_kp4,304,51,0.653786687424652,854
asymmetric,quiet_kp4,304,54,0.6498266402847199,854
asymmetric,quiet_kp4,304,57,0.6454993112863068,854
asymmetric,quiet_kp4,304,60,0.6374490480638718,853
asymmetric,quiet_kp4,304,63,0.6319452625061213,851
asymmetric,quiet_kp4,304,66,0.6324398097128043,849
asymmetric,quiet_kp4,304,69,0.6295062969069813,846
asymmetric,quiet_kp4,304,72,0.6222617893604279,843
asymmetric,quiet_kp4,304,75,0.6160280029551386,840
asymmetric,quiet_kp4,304,78,0.6148306122028826,837
asymmetric,quiet_kp4,304,81,0.6116361336052208,835
asymmetric,quiet_kp4,304,84,0.6046867233424889,832
asymmetric,quiet_kp4,304,87,0.5963501110913544,830
asymmetric,quiet_kp4,304,90,0.5941604146696399,829
asymmetric,quiet_kp4,304,93,0.593839767432043,828
asymmetric,quiet_kp4,304,96,0.5876997271358617,828
asymmetric,quiet_kp4,304,99,0.5771268848404579,829
asymmetric,quiet_kp4,304,102,0.5742116827808479,828
asymmetric,quiet_kp4,304,105,0.5677161163234093,827
asymmetric,quiet_kp4,304,108,0.5534352477926886,827
asymmetric,quiet_kp4,304,111,0.5424236726757847,827
asymmetric,quiet_kp4,304,114,0.5439343891408738,826
asymmetric,quiet_kp4,304,117,0.5434469973008728,825
asymmetric,quiet_kp4,304,120,0.5335223103643162,824
asymmetric,quiet_kp4,1175,0,0.8092528806304579,854
asymmetric,quiet_kp4,1175,3,0.8097442933210153,855
asymmetric,quiet_kp4,1175,6,0.8133395818470156,856
asymmetric,quiet_kp4,1175,9,0.8102758395459746,856
asymmetric,quiet_kp4,1175,12,0.8060495432113444,857
asymmetric,quiet_kp4,1175,15,0.8079592607706625,858
asymmetric,quiet_kp4,1175,18,0.8142324362158134,859
asymmetric,quiet_kp4,1175,21,0.8248906156154953,860
asymmetric,quiet_kp4,1175,24,0.829950969345205,860
asymmetric,quiet_kp4,1175,27,0.8344489378703867,860
asymmetric,quiet_kp4,1175,30,0.8393559275379805,860
asymmetric,quiet_kp4,1175,33,0.840954215938649,859
asymmetric,quiet_kp4,1175,36,0.8355520781070557,858
asymmetric,quiet_kp4,1175,39,0.8314557311520202,857
asymmetric,quiet_kp4,1175,42,0.8330379925320122,856
asymmetric,quiet_kp4,1175,45,0.8333011915605655,856
asymmetric,quiet_kp4,1175,48,0.8301230132171243,855
asymmetric,quiet_kp4,1175,51,0.8271068480880676,854
asymmetric,quiet_kp4,1175,54,0.8227731417988209,854
asymmetric,quiet_kp4,1175,57,0.8164962692126121,854
asymmetric,quiet_kp4,1175,60,0.8065161286555453,853
asymmetric,quiet_kp4,1175,63,0.8038362976643298,851
asymmetric,quiet_kp4,1175,66,0.8080904413235391,849
asymmetric,quiet_kp4,1175,69,0.8042060107228982,846
asymmetric,quiet_kp4,1175,72,0.79652561898196,843
asymmetric,quiet_kp4,1175,75,0.791273452970961,840
asymmetric,quiet_kp4,1175,78,0.7900138501031564,837
asymmetric,quiet_kp4,1175,81,0.7839380754514516,835
asymmetric,quiet_kp4,1175,84,0.7738628567228059,832
asymmetric,quiet_kp4,1175,87,0.7656292946015116,830
asymmetric,quiet_kp4,1175,90,0.7652123993956631,829
asymmetric,quiet_kp4,1175,93,0.7667661546154296,828
asymmetric,quiet_kp4,1175,96,0.7632105855870853,828
asymmetric,quiet_kp4,1175,99,0.7540893947637194,829
asymmetric,quiet_kp4,1175,102,0.7474902931974091,828
asymmetric,quiet_kp4,1175,105,0.7334629381849269,827
asymmetric,quiet_kp4,1175,108,0.7126439707966459,827
asymmetric,quiet_kp4,1175,111,0.70045986724074,827
asymmetric,quiet_kp4,1175,114,0.7053631229303968,826
asymmetric,quiet_kp4,1175,117,0.7014853535472263,825
asymmetric,quiet_kp4,1175,120,0.686033251864157,824
asymmetric,quiet_kp4,1216,0,0.6998388770727579,854
asymmetric,quiet_kp4,1216,3,0.7098109529991672,855
asymmetric,quiet_kp4,1216,6,0.7189178056429092,856
asymmetric,quiet_kp4,1216,9,0.709864673570643,856
asymmetric,quiet_kp4,1216,12,0.6993770741412484,857
asymmetric,quiet_kp4,1216,15,0.70675953122232,858
asymmetric,quiet_kp4,1216,18,0.7167483814341978,859
asymmetric,quiet_kp4,1216,21,0.7185111970009394,860
asymmetric,quiet_kp4,1216,24,0.7154572919574237,860
asymmetric,quiet_kp4,1216,27,0.722469287804199,860
asymmetric,quiet_kp4,1216,30,0.7270984902346674,860
asymmetric,quiet_kp4,1216,33,0.7155049298645152,859
asymmetric,quiet_kp4,1216,36,0.7034021492028754,858
asymmetric,quiet_kp4,1216,39,0.7065917321318144,857
asymmetric,quiet_kp4,1216,42,0.7107216344550621,856
asymmetric,quiet_kp4,1216,45,0.7057154385544009,856
asymmetric,quiet_kp4,1216,48,0.6991746257016834,855
asymmetric,quiet_kp4,1216,51,0.701661067511282,854
asymmetric,quiet_kp4,1216,54,0.7008371253889534,854
asymmetric,quiet_kp4,1216,57,0.6854576431084053,854
asymmetric,quiet_kp4,1216,60,0.6702272907523745,853
asymmetric,quiet_kp4,1216,63,0.6713231375534607,851
asymmetric,quiet_kp4,1216,66,0.6775830545565782,849
asymmetric,quiet_kp4,1216,69,0.6720556436074961,846
asymmetric,quiet_kp4,1216,72,0.6646013937217183,843
asymmetric,quiet_kp4,1216,75,0.6667348289487777,840
asymmetric,quiet_kp4,1216,78,0.6664849196201635,837
asymmetric,quiet_kp4,1216,81,0.6526924877311572,835
asymmetric,quiet_kp4,1216,84,0.6375193231972044,832
asymmetric,quiet_kp4,1216,87,0.6360626980537147,830
asymmetric,quiet_kp4,1216,90,0.6394965923377782,829
asymmetric,quiet_kp4,1216,93,0.6336304865422167,828
asymmetric,quiet_kp4,1216,96,0.6248357290411057,828
asymmetric,quiet_kp4,1216,99,0.6243830727535937,829
asymmetric,quiet_kp4,1216,102,0.624070020845688,828
asymmetric,quiet_kp4,1216,105,0.6054391732785551,827
asymmetric,quiet_kp4,1216,108,0.583673077193174,827
asymmetric,quiet_kp4,1216,111,0.5810194322837352,827
asymmetric,quiet_kp4,1216,114,0.5885027152872949,826
asymmetric,quiet_kp4,1216,117,0.5826106097292539,825
asymmetric,quiet_kp4,1216,120,0.5730327231545836,824
asymmetric,quiet_kp4,1335,0,0.6848620311180003,854
asymmetric,quiet_kp4,1335,3,0.6875892427560398,855
asymmetric,quiet_kp4,1335,6,0.6935981624089341,856
asymmetric,quiet_kp4,1335,9,0.6942573748627997,856
asymmetric,quiet_kp4,1335,12,0.6951215122569228,857
asymmetric,quiet_kp4,1335,15,0.6975574987863028,858
asymmetric,quiet_kp4,1335,18,0.7008868246841011,859
asymmetric,quiet_kp4,1335,21,0.7094600383230926,860
asymmetric,quiet_kp4,1335,24,0.7119561615365612,860
asymmetric,quiet_kp4,1335,27,0.7116620926921525,860
asymmetric,quiet_kp4,1335,30,0.7147683705535341,860
asymmetric,quiet_kp4,1335,33,0.7189460943799413,859
asymmetric,quiet_kp4,1335,36,0.715841397963428,858
asymmetric,quiet_kp4,1335,39,0.7101144882881871,857
asymmetric,quiet_kp4,1335,42,0.708934858001283,856
asymmetric,quiet_kp4,1335,45,0.7105385602743376,856
asymmetric,quiet_kp4,1335,48,0.7082389403875862,855
asymmetric,quiet_kp4,1335,51,0.7021089999420552,854
asymmetric,quiet_kp4,1335,54,0.6969301388500945,854
asymmetric,quiet_kp4,1335,57,0.6930770028486355,854
asymmetric,quiet_kp4,1335,60,0.6845289831352575,853
asymmetric,quiet_kp4,1335,63,0.6793377253915419,851
asymmetric,quiet_kp4,1335,66,0.6797926920618237,849
asymmetric,quiet_kp4,1335,69,0.6773785555812041,846
asymmetric,quiet_kp4,1335,72,0.67289261855983,843
asymmetric,quiet_kp4,1335,75,0.6680063322085208,840
asymmetric,quiet_kp4,1335,78,0.6674287927514341,837
asymmetric,quiet_kp4,1335,81,0.6650459227495237,835
asymmetric,quiet_kp4,1335,84,0.6601521336110119,832
asymmetric,quiet_kp4,1335,87,0.6518779389155215,830
asymmetric,quiet_kp4,1335,90,0.650524497949842,829
asymmetric,quiet_kp4,1335,93,0.6519763661635108,828
asymmetric,quiet_kp4,1335,96,0.64810966872646,828
asymmetric,quiet_kp4,1335,99,0.6369332788225329,829
asymmetric,quiet_kp4,1335,102,0.6337962610347477,828
asymmetric,quiet_kp4,1335,105,0.6269689433355996,827
asymmetric,quiet_kp4,1335,108,0.6127722178184691,827
asymmetric,quiet_kp4,1335,111,0.5998778632121441,827
asymmetric,quiet_kp4,1335,114,0.6003603242002193,826
asymmetric,quiet_kp4,1335,117,0.6006610190862289,825
asymmetric,quiet_kp4,1335,120,0.589983924226159,824
asymmetric,quiet_kp4,1405,0,0.812636216451609,854
asymmetric,quiet_kp4,1405,3,0.8167441547026753,855
asymmetric,quiet_kp4,1405,6,0.823668799694194,856
asymmetric,quiet_kp4,1405,9,0.8245225846653517,856
asymmetric,quiet_kp4,1405,12,0.8234806611506467,857
asymmetric,quiet_kp4,1405,15,0.8235425190732643,858
asymmetric,quiet_kp4,1405,18,0.8266230290812688,859
asymmetric,quiet_kp4,1405,21,0.8355569927475157,860
asymmetric,quiet_kp4,1405,24,0.8377203900907083,860
asymmetric,quiet_kp4,1405,27,0.8372014916819948,860
asymmetric,quiet_kp4,1405,30,0.8396980110875293,860
asymmetric,quiet_kp4,1405,33,0.8413877835081507,859
asymmetric,quiet_kp4,1405,36,0.8374144088965398,858
asymmetric,quiet_kp4,1405,39,0.8321107130908765,857
asymmetric,quiet_kp4,1405,42,0.827820100967257,856
asymmetric,quiet_kp4,1405,45,0.8272131954221699,856
asymmetric,quiet_kp4,1405,48,0.8231207903318892,855
asymmetric,quiet_kp4,1405,51,0.8183070922747262,854
asymmetric,quiet_kp4,1405,54,0.8151397173386256,854
asymmetric,quiet_kp4,1405,57,0.8116010530621907,854
asymmetric,quiet_kp4,1405,60,0.8050829722245991,853
asymmetric,quiet_kp4,1405,63,0.802624253157015,851
asymmetric,quiet_kp4,1405,66,0.8040910374417117,849
asymmetric,quiet_kp4,1405,69,0.8015552864533672,846
asymmetric,quiet_kp4,1405,72,0.7984878800005336,843
asymmetric,quiet_kp4,1405,75,0.7939256878603447,840
asymmetric,quiet_kp4,1405,78,0.7927216784954707,837
asymmetric,quiet_kp4,1405,81,0.7912202513152073,835
asymmetric,quiet_kp4,1405,84,0.7847059123566117,832
asymmetric,quiet_kp4,1405,87,0.7751964095249104,830
asymmetric,quiet_kp4,1405,90,0.772525229675191,829
asymmetric,quiet_kp4,1405,93,0.7728356107455101,828
asymmetric,quiet_kp4,1405,96,0.7663592862581549,828
asymmetric,quiet_kp4,1405,99,0.7551923538281726,829
asymmetric,quiet_kp4,1405,102,0.750626204584115,828
asymmetric,quiet_kp4,1405,105,0.7422559891855647,827
asymmetric,quiet_kp4,1405,108,0.7257345954530777,827
asymmetric,quiet_kp4,1405,111,0.7115169933032259,827
asymmetric,quiet_kp4,1405,114,0.7106326886893771,826
asymmetric,quiet_kp4,1405,117,0.7088176625086285,825
asymmetric,quiet_kp4,1405,120,0.6997482141305945,824
symmetric,all,256,0,0.560699261513337,1665
symmetric,all,256,3,0.5641700931237913,1664
symmetric,all,256,6,0.5695703111758393,1663
symmetric,all,256,9,0.5730398538107426,1662
symmetric,all,256,12,0.5743403689284902,1661
symmetric,all,256,15,0.5771741422306462,1660
symmetric,all,256,18,0.5805397049603143,1659
symmetric,all,256,21,0.5837046001029429,1658
symmetric,all,256,24,0.5838314761411012,1657
symmetric,all,256,27,0.5842095238684117,1656
symmetric,all,256,30,0.5864271550609801,1655
symmetric,all,256,33,0.5870044058544224,1654
symmetric,all,256,36,0.5857905987430532,1653
symmetric,all,256,39,0.584345254616334,1652
symmetric,all,256,42,0.5832834428350243,1651
symmetric,all,256,45,0.5833555847595618,1651
symmetric,all,256,48,0.581107407206433,1651
symmetric,all,256,51,0.5785193266629274,1651
symmetric,all,256,54,0.5774527354401904,1651
symmetric,all,256,57,0.5752695562811672,1651
symmetric,all,256,60,0.5709601222212993,1651
symmetric,all,256,63,0.566767056830708,1650
symmetric,all,256,66,0.5650643386534512,1649
symmetric,all,256,69,0.5634012452055226,1647
symmetric,all,256,72,0.5588214760238145,1645
symmetric,all,256,75,0.5538052410698846,1643
symmetric,all,256,78,0.551424776892869,1641
symmetric,all,256,81,0.5488065107806473,1639
symmetric,all,256,84,0.5431596466377425,1637
symmetric,all,256,87,0.536410202499491,1636
symmetric,all,256,90,0.5316145251838345,1636
symmetric,all,256,93,0.5277234466192422,1636
symmetric,all,256,96,0.5196701899449372,1636
symmetric,all,256,99,0.5109953141787983,1636
symmetric,all,256,102,0.5062597225613794,1636
symmetric,all,256,105,0.5002781495090299,1636
symmetric,all,256,108,0.4900380584319918,1636
symmetric,all,256,111,0.48015263677625897,1635
symmetric,all,256,114,0.4751091807554579,1633
symmetric,all,256,117,0.4700489694548138,1631
symmetric,all,256,120,0.4608987334066139,1629
symmetric,all,284,0,0.6318916937877023,1665
symmetric,all,284,3,0.6356330809277292,1664
symmetric,all,284,6,0.6412636890300566,1663
symmetric,all,284,9,0.6450015544906319,1662
symmetric,all,284,12,0.6465676266117901,1661
symmetric,all,284,15,0.649439038065924,1660
symmetric,all,284,18,0.6528998518827895,1659
symmetric,all,284,21,0.6562931367429512,1658
symmetric,all,284,24,0.656905291156532,1657
symmetric,all,284,27,0.6579224073381028,1656
symmetric,all,284,30,0.660908886785597,1655
symmetric,all,284,33,0.6622298482785353,1654
symmetric,all,284,36,0.6617209650982494,1653
symmetric,all,284,39,0.6610827372055698,1652
symmetric,all,284,42,0.6609795916081783,1651
symmetric,all,284,45,0.6620100038757453,1651
symmetric,all,284,48,0.6608726466380277,1651
symmetric,all,284,51,0.6595180396808584,1651
symmetric,all,284,54,0.6597574932741088,1651
symmetric,all,284,57,0.6589905063573821,1651
symmetric,all,284,60,0.6561361579832153,1651
symmetric,all,284,63,0.6530357947539442,1650
symmetric,all,284,66,0.6521343968930325,1649
symmetric,all,284,69,0.651410540197091,1647
symmetric,all,284,72,0.6482462296414034,1645
symmetric,all,284,75,0.6446047391275411,1643
symmetric,all,284,78,0.6432872043316937,1641
symmetric,all,284,81,0.6417527607984311,1639
symmetric,all,284,84,0.6373898144707052,1637
symmetric,all,284,87,0.6321168320293138,1636
symmetric,all,284,90,0.6290935690804724,1636
symmetric,all,284,93,0.6268951066906185,1636
symmetric,all,284,96,0.6210112575111747,1636
symmetric,all,284,99,0.6145622958310925,1636
symmetric,all,284,102,0.6118470964363947,1636
symmetric,all,284,105,0.6080877322995651,1636
symmetric,all,284,108,0.6003785549717064,1636
symmetric,all,284,111,0.5927527402777122,1635
symmetric,all,284,114,0.5893039763214044,1633
symmetric,all,284,117,0.5857522904630402,1631
symmetric,all,284,120,0.5783675409069436,1629
symmetric,all,304,0,0.6362747645835881,1665
symmetric,all,304,3,0.6394559637231014,1664
symmetric,all,304,6,0.6449509221940588,1663
symmetric,all,304,9,0.6485903843714955,1662
symmetric,all,304,12,0.6498334989654224,1661
symmetric,all,304,15,0.6526310976306785,1660
symmetric,all,304,18,0.6561528090036468,1659
symmetric,all,304,21,0.659532960929541,1658
symmetric,all,304,24,0.6602581884248409,1657
symmetric,all,304,27,0.6614611905230555,1656
symmetric,all,304,30,0.6646468023655202,1655
symmetric,all,304,33,0.666284031806146,1654
symmetric,all,304,36,0.6662770575442809,1653
symmetric,all,304,39,0.6663501545420375,1652
symmetric,all,304,42,0.666679534265281,1651
symmetric,all,304,45,0.6676403804389927,1651
symmetric,all,304,48,0.6665178328944511,1651
symmetric,all,304,51,0.6652188809455593,1651
symmetric,all,304,54,0.6650961210149786,1651
symmetric,all,304,57,0.6639876765433952,1651
symmetric,all,304,60,0.6608254177425404,1651
symmetric,all,304,63,0.6572091262810048,1650
symmetric,all,304,66,0.6552293374197206,1649
symmetric,all,304,69,0.6530308764109194,1647
symmetric,all,304,72,0.6484478790299921,1645
symmetric,all,304,75,0.6435442396335782,1643
symmetric,all,304,78,0.6407011417799594,1641
symmetric,all,304,81,0.6377725809956944,1639
symmetric,all,304,84,0.6325201526804733,1637
symmetric,all,304,87,0.626069190743755,1636
symmetric,all,304,90,0.6218054849322128,1636
symmetric,all,304,93,0.6185985419907292,1636
symmetric,all,304,96,0.611847214278357,1636
symmetric,all,304,99,0.6044171333059929,1636
symmetric,all,304,102,0.6008844422944833,1636
symmetric,all,304,105,0.5967220504249319,1636
symmetric,all,304,108,0.5888617339291002,1636
symmetric,all,304,111,0.580731891288496,1635
symmetric,all,304,114,0.5766761045948374,1633
symmetric,all,304,117,0.5726712113793093,1631
symmetric,all,304,120,0.5648657476302122,1629
symmetric,all,1175,0,0.8050480561247367,1665
symmetric,all,1175,3,0.8069665504234055,1664
symmetric,all,1175,6,0.8115180806828063,1663
symmetric,all,1175,9,0.814719464284683,1662
symmetric,all,1175,12,0.8153216617417841,1661
symmetric,all,1175,15,0.8170380693079755,1660
symmetric,all,1175,18,0.8192021129100501,1659
symmetric,all,1175,21,0.821048043792061,1658
symmetric,all,1175,24,0.8207334880904726,1657
symmetric,all,1175,27,0.8213492400147837,1656
symmetric,all,1175,30,0.8240839204964163,1655
symmetric,all,1175,33,0.8252739619116038,1654
symmetric,all,1175,36,0.8247442815854212,1653
symmetric,all,1175,39,0.8244762634711099,1652
symmetric,all,1175,42,0.8246082250860043,1651
symmetric,all,1175,45,0.8250025911630076,1651
symmetric,all,1175,48,0.8229522966023701,1651
symmetric,all,1175,51,0.8205621203832868,1651
symmetric,all,1175,54,0.8195719508037672,1651
symmetric,all,1175,57,0.8179304693704801,1651
symmetric,all,1175,60,0.8142921991927732,1651
symmetric,all,1175,63,0.8098250066975566,1650
symmetric,all,1175,66,0.8064546808705375,1649
symmetric,all,1175,69,0.803075726144088,1647
symmetric,all,1175,72,0.7973005449051612,1645
symmetric,all,1175,75,0.7916251205609298,1643
symmetric,all,1175,78,0.7880462892545076,1641
symmetric,all,1175,81,0.7841656433815545,1639
symmetric,all,1175,84,0.7777316291243163,1637
symmetric,all,1175,87,0.7701579809900908,1636
symmetric,all,1175,90,0.765414521366303,1636
symmetric,all,1175,93,0.7612112081902026,1636
symmetric,all,1175,96,0.7539109671362472,1636
symmetric,all,1175,99,0.7461462698010637,1636
symmetric,all,1175,102,0.7424674492752356,1636
symmetric,all,1175,105,0.7385398479238512,1636
symmetric,all,1175,108,0.7311498770668537,1636
symmetric,all,1175,111,0.7232110231765777,1635
symmetric,all,1175,114,0.718407312447563,1633
symmetric,all,1175,117,0.7135188458858622,1631
symmetric,all,1175,120,0.7053875224671415,1629
symmetric,all,1216,0,0.6893672593777636,1665
symmetric,all,1216,3,0.6909927359942393,1664
symmetric,all,1216,6,0.6956176401190088,1663
symmetric,all,1216,9,0.699811024842181,1662
symmetric,all,1216,12,0.7014370489868675,1661
symmetric,all,1216,15,0.7031038321858405,1660
symmetric,all,1216,18,0.7051680578043715,1659
symmetric,all,1216,21,0.7077858508107133,1658
symmetric,all,1216,24,0.7079245732132612,1657
symmetric,all,1216,27,0.7079506322536996,1656
symmetric,all,1216,30,0.7103861910615249,1655
symmetric,all,1216,33,0.712554833670776,1654
symmetric,all,1216,36,0.7128146465795796,1653
symmetric,all,1216,39,0.7118987420907447,1652
symmetric,all,1216,42,0.7110154279192048,1651
symmetric,all,1216,45,0.7113233143474702,1651
symmetric,all,1216,48,0.7098233676106357,1651
symmetric,all,1216,51,0.7076099637717148,1651
symmetric,all,1216,54,0.7071732831428547,1651
symmetric,all,1216,57,0.7073598175479932,1651
symmetric,all,1216,60,0.7058046851053659,1651
symmetric,all,1216,63,0.7027045733283348,1650
symmetric,all,1216,66,0.7007002880132226,1649
symmetric,all,1216,69,0.6993441336910008,1647
symmetric,all,1216,72,0.6956521240998033,1645
symmetric,all,1216,75,0.6912674176205826,1643
symmetric,all,1216,78,0.689435115158033,1641
symmetric,all,1216,81,0.6887076120256674,1639
symmetric,all,1216,84,0.6855689184133039,1637
symmetric,all,1216,87,0.680085942965285,1636
symmetric,all,1216,90,0.6764221815460391,1636
symmetric,all,1216,93,0.6739082370394361,1636
symmetric,all,1216,96,0.6680811520591984,1636
symmetric,all,1216,99,0.6610005903471234,1636
symmetric,all,1216,102,0.6577644911117494,1636
symmetric,all,1216,105,0.6551095528079773,1636
symmetric,all,1216,108,0.6491617072214527,1636
symmetric,all,1216,111,0.6413767444935474,1635
symmetric,all,1216,114,0.6364268745984754,1633
symmetric,all,1216,117,0.6320694143003841,1631
symmetric,all,1216,120,0.6244131727133455,1629
symmetric,all,1335,0,0.688562753583762,1665
symmetric,all,1335,3,0.6909550934092427,1664
symmetric,all,1335,6,0.6957045963839135,1663
symmetric,all,1335,9,0.6989088359391955,1662
symmetric,all,1335,12,0.6998509376663395,1661
symmetric,all,1335,15,0.7021650040998455,1660
symmetric,all,1335,18,0.7052046041932264,1659
symmetric,all,1335,21,0.7082177504894029,1658
symmetric,all,1335,24,0.7089189465470243,1657
symmetric,all,1335,27,0.7101769509179776,1656
symmetric,all,1335,30,0.7134162866472964,1655
symmetric,all,1335,33,0.7151252211716961,1654
symmetric,all,1335,36,0.7151987665150925,1653
symmetric,all,1335,39,0.7155114156884472,1652
symmetric,all,1335,42,0.7161253506936144,1651
symmetric,all,1335,45,0.7168454180278551,1651
symmetric,all,1335,48,0.7153913429423906,1651
symmetric,all,1335,51,0.7136827859182057,1651
symmetric,all,1335,54,0.7129854664220073,1651
symmetric,all,1335,57,0.7114271981855059,1651
symmetric,all,1335,60,0.7082082284457835,1651
symmetric,all,1335,63,0.7046729760882458,1650
symmetric,all,1335,66,0.7020929076810842,1649
symmetric,all,1335,69,0.699391543687537,1647
symmetric,all,1335,72,0.6948112955899084,1645
symmetric,all,1335,75,0.6902347915468331,1643
symmetric,all,1335,78,0.6874807325887803,1641
symmetric,all,1335,81,0.6845799941314756,1639
symmetric,all,1335,84,0.6796207945695723,1637
symmetric,all,1335,87,0.6733762463517464,1636
symmetric,all,1335,90,0.6694614514071063,1636
symmetric,all,1335,93,0.6663607279218596,1636
symmetric,all,1335,96,0.660294374428886,1636
symmetric,all,1335,99,0.6533467165262403,1636
symmetric,all,1335,102,0.6499166713449469,1636
symmetric,all,1335,105,0.6462370094823179,1636
symmetric,all,1335,108,0.639190460249186,1636
symmetric,all,1335,111,0.631353159461618,1635
symmetric,all,1335,114,0.626588225506076,1633
symmetric,all,1335,117,0.6218709460402819,1631
symmetric,all,1335,120,0.6136060650754072,1629
symmetric,all,1405,0,0.8112416068298421,1665
symmetric,all,1405,3,0.813784986533784,1664
symmetric,all,1405,6,0.8182894368095787,1663
symmetric,all,1405,9,0.8214037145355494,1662
symmetric,all,1405,12,0.8220817998802818,1661
symmetric,all,1405,15,0.823957429027184,1660
symmetric,all,1405,18,0.8266167749501706,1659
symmetric,all,1405,21,0.829037971953268,1658
symmetric,all,1405,24,0.8284923274032763,1657
symmetric,all,1405,27,0.8281887859079574,1656
symmetric,all,1405,30,0.8297249242674642,1655
symmetric,all,1405,33,0.829982528502609,1654
symmetric,all,1405,36,0.8286642665163385,1653
symmetric,all,1405,39,0.827318460673052,1652
symmetric,all,1405,42,0.8264199406625672,1651
symmetric,all,1405,45,0.8257362522703507,1651
symmetric,all,1405,48,0.8225714736351332,1651
symmetric,all,1405,51,0.8190025615649532,1651
symmetric,all,1405,54,0.8170661688505009,1651
symmetric,all,1405,57,0.8144515753831115,1651
symmetric,all,1405,60,0.810096429661357,1651
symmetric,all,1405,63,0.8057297264555304,1650
symmetric,all,1405,66,0.802844305864583,1649
symmetric,all,1405,69,0.7996804924541421,1647
symmetric,all,1405,72,0.7941651586723943,1645
symmetric,all,1405,75,0.7883955754671067,1643
symmetric,all,1405,78,0.7849614315049064,1641
symmetric,all,1405,81,0.7817162812088332,1639
symmetric,all,1405,84,0.7760547837758371,1637
symmetric,all,1405,87,0.7697264601670804,1636
symmetric,all,1405,90,0.7658068090373877,1636
symmetric,all,1405,93,0.7623804662861202,1636
symmetric,all,1405,96,0.7556202593189114,1636
symmetric,all,1405,99,0.7482736022343492,1636
symmetric,all,1405,102,0.7445483903425113,1636
symmetric,all,1405,105,0.7405729890025906,1636
symmetric,all,1405,108,0.7330527918151685,1636
symmetric,all,1405,111,0.7249735048305209,1635
symmetric,all,1405,114,0.7202428596125425,1633
symmetric,all,1405,117,0.7154109435975344,1631
symmetric,all,1405,120,0.7069241559937421,1629
symmetric,quiet_kp4,256,0,0.5305417079878024,854
symmetric,quiet_kp4,256,3,0.5331696984148744,855
symmetric,quiet_kp4,256,6,0.542026094910446,856
symmetric,quiet_kp4,256,9,0.544947208094829,856
symmetric,quiet_kp4,256,12,0.5425209203385629,857
symmetric,quiet_kp4,256,15,0.5451327578723277,858
symmetric,quiet_kp4,256,18,0.5506536644988604,859
symmetric,quiet_kp4,256,21,0.5555201582051519,860
symmetric,quiet_kp4,256,24,0.5522032759612634,860
symmetric,quiet_kp4,256,27,0.5511873263063326,860
symmetric,quiet_kp4,256,30,0.555972892538845,860
symmetric,quiet_kp4,256,33,0.5555562476346515,859
symmetric,quiet_kp4,256,36,0.5500651369310892,858
symmetric,quiet_kp4,256,39,0.5450223774851088,857
symmetric,quiet_kp4,256,42,0.5421075781308144,856
symmetric,quiet_kp4,256,45,0.5418373002594492,856
symmetric,quiet_kp4,256,48,0.5348797149914775,855
symmetric,quiet_kp4,256,51,0.528138529014289,854
symmetric,quiet_kp4,256,54,0.5267299954766511,854
symmetric,quiet_kp4,256,57,0.5236847909368486,854
symmetric,quiet_kp4,256,60,0.5142636805979922,853
symmetric,quiet_kp4,256,63,0.5054070799303321,851
symmetric,quiet_kp4,256,66,0.5039131628383069,849
symmetric,quiet_kp4,256,69,0.5025175786372037,846
symmetric,quiet_kp4,256,72,0.4937702088627568,843
symmetric,quiet_kp4,256,75,0.4850933948116625,840
symmetric,quiet_kp4,256,78,0.48458616825777695,837
symmetric,quiet_kp4,256,81,0.48391241337503305,835
symmetric,quiet_kp4,256,84,0.4747662047323789,832
symmetric,quiet_kp4,256,87,0.4644207501556045,830
symmetric,quiet_kp4,256,90,0.4613472719219038,829
symmetric,quiet_kp4,256,93,0.46095428312816256,828
symmetric,quiet_kp4,256,96,0.45126311305936656,828
symmetric,quiet_kp4,256,99,0.4388590392408255,829
symmetric,quiet_kp4,256,102,0.4382071774013472,828
symmetric,quiet_kp4,256,105,0.4337383315216914,827
symmetric,quiet_kp4,256,108,0.4198216159625449,827
symmetric,quiet_kp4,256,111,0.4079471400264921,827
symmetric,quiet_kp4,256,114,0.4077496426062818,826
symmetric,quiet_kp4,256,117,0.40725941328705856,825
symmetric,quiet_kp4,256,120,0.397250774564887,824
symmetric,quiet_kp4,284,0,0.591008405259685,854
symmetric,quiet_kp4,284,3,0.5926792621203691,855
symmetric,quiet_kp4,284,6,0.6000647427137183,856
symmetric,quiet_kp4,284,9,0.6021062044526687,856
symmetric,quiet_kp4,284,12,0.5994542649686109,857
symmetric,quiet_kp4,284,15,0.6011718634561672,858
symmetric,quiet_kp4,284,18,0.605304363449313,859
symmetric,quiet_kp4,284,21,0.6090598560370097,860
symmetric,quiet_kp4,284,24,0.6058959605294598,860
symmetric,quiet_kp4,284,27,0.6052442057146178,860
symmetric,quiet_kp4,284,30,0.6102115486402642,860
symmetric,quiet_kp4,284,33,0.6106050729734299,859
symmetric,quiet_kp4,284,36,0.6072022624892031,858
symmetric,quiet_kp4,284,39,0.6046178790947001,857
symmetric,quiet_kp4,284,42,0.6044017966485696,856
symmetric,quiet_kp4,284,45,0.6073825634326495,856
symmetric,quiet_kp4,284,48,0.6050245884360052,855
symmetric,quiet_kp4,284,51,0.6022599307640077,854
symmetric,quiet_kp4,284,54,0.6040296000701694,854
symmetric,quiet_kp4,284,57,0.6051515986553164,854
symmetric,quiet_kp4,284,60,0.6001886242985945,853
symmetric,quiet_kp4,284,63,0.5947581528432363,851
symmetric,quiet_kp4,284,66,0.5957503833588905,849
symmetric,quiet_kp4,284,69,0.5977210509571765,846
symmetric,quiet_kp4,284,72,0.5936329335191288,843
symmetric,quiet_kp4,284,75,0.5889593907344781,840
symmetric,quiet_kp4,284,78,0.5914874234768396,837
symmetric,quiet_kp4,284,81,0.5942044107028792,835
symmetric,quiet_kp4,284,84,0.5893888519028828,832
symmetric,quiet_kp4,284,87,0.583467742845197,830
symmetric,quiet_kp4,284,90,0.5843450373582229,829
symmetric,quiet_kp4,284,93,0.5874024238378562,828
symmetric,quiet_kp4,284,96,0.5812750671294739,828
symmetric,quiet_kp4,284,99,0.5718525857771044,829
symmetric,quiet_kp4,284,102,0.5745543933231733,828
symmetric,quiet_kp4,284,105,0.5735619978071897,827
symmetric,quiet_kp4,284,108,0.5640723377021082,827
symmetric,quiet_kp4,284,111,0.5559500546080944,827
symmetric,quiet_kp4,284,114,0.5571699900533955,826
symmetric,quiet_kp4,284,117,0.5573472898666252,825
symmetric,quiet_kp4,284,120,0.548044922082365,824
symmetric,quiet_kp4,304,0,0.649002601828693,854
symmetric,quiet_kp4,304,3,0.6505960972601568,855
symmetric,quiet_kp4,304,6,0.6586814449946172,856
symmetric,quiet_kp4,304,9,0.662166148858881,856
symmetric,quiet_kp4,304,12,0.6604398420585076,857
symmetric,quiet_kp4,304,15,0.6633906585126627,858
symmetric,quiet_kp4,304,18,0.6687726654589151,859
symmetric,quiet_kp4,304,21,0.6731732031911573,860
symmetric,quiet_kp4,304,24,0.6707419800113557,860
symmetric,quiet_kp4,304,27,0.6703499762614921,860
symmetric,quiet_kp4,304,30,0.6747952135093194,860
symmetric,quiet_kp4,304,33,0.6758679823574103,859
symmetric,quiet_kp4,304,36,0.6720058263928302,858
symmetric,quiet_kp4,304,39,0.6691853713849593,857
symmetric,quiet_kp4,304,42,0.6674341662835482,856
symmetric,quiet_kp4,304,45,0.6670266736536759,856
symmetric,quiet_kp4,304,48,0.6608892769690429,855
symmetric,quiet_kp4,304,51,0.6546778897351966,854
symmetric,quiet_kp4,304,54,0.6535232918265144,854
symmetric,quiet_kp4,304,57,0.6501912440663861,854
symmetric,quiet_kp4,304,60,0.6425512891312087,853
symmetric,quiet_kp4,304,63,0.6350708606376632,851
symmetric,quiet_kp4,304,66,0.6330707537365236,849
symmetric,quiet_kp4,304,69,0.6315687288459199,846
symmetric,quiet_kp4,304,72,0.6247211557024733,843
symmetric,quiet_kp4,304,75,0.6183505686050331,840
symmetric,quiet_kp4,304,78,0.6179184701699704,837
symmetric,quiet_kp4,304,81,0.6164472885491281,835
symmetric,quiet_kp4,304,84,0.6088688599572015,832
symmetric,quiet_kp4,304,87,0.5994633658243256,830
symmetric,quiet_kp4,304,90,0.5963837307587722,829
symmetric,quiet_kp4,304,93,0.595625066971986,828
symmetric,quiet_kp4,304,96,0.5878246604756805,828
symmetric,quiet_kp4,304,99,0.577739499456893,829
symmetric,quiet_kp4,304,102,0.5762662337504479,828
symmetric,quiet_kp4,304,105,0.5734499556350339,827
symmetric,quiet_kp4,304,108,0.5624851195647612,827
symmetric,quiet_kp4,304,111,0.552807760709999,827
symmetric,quiet_kp4,304,114,0.552404584328016,826
symmetric,quiet_kp4,304,117,0.551207042093993,825
symmetric,quiet_kp4,304,120,0.5407913699154601,824
symmetric,quiet_kp4,1175,0,0.8289597111761589,854
symmetric,quiet_kp4,1175,3,0.8306186793780838,855
symmetric,quiet_kp4,1175,6,0.838330805038529,856
symmetric,quiet_kp4,1175,9,0.8414151525117552,856
symmetric,quiet_kp4,1175,12,0.8398112645378156,857
symmetric,quiet_kp4,1175,15,0.8426905093390641,858
symmetric,quiet_kp4,1175,18,0.8475351056069578,859
symmetric,quiet_kp4,1175,21,0.8511982215881473,860
symmetric,quiet_kp4,1175,24,0.8496359042079277,860
symmetric,quiet_kp4,1175,27,0.8505309020849986,860
symmetric,quiet_kp4,1175,30,0.8561319636533399,860
symmetric,quiet_kp4,1175,33,0.857321945455795,859
symmetric,quiet_kp4,1175,36,0.8542340154618957,858
symmetric,quiet_kp4,1175,39,0.8520630968285796,857
symmetric,quiet_kp4,1175,42,0.850999216926929,856
symmetric,quiet_kp4,1175,45,0.8510116335998613,856
symmetric,quiet_kp4,1175,48,0.8467576939898391,855
symmetric,quiet_kp4,1175,51,0.8423429472919322,854
symmetric,quiet_kp4,1175,54,0.8417530189897321,854
symmetric,quiet_kp4,1175,57,0.8395923504685453,854
symmetric,quiet_kp4,1175,60,0.8332771212635102,853
symmetric,quiet_kp4,1175,63,0.8266611822730119,851
symmetric,quiet_kp4,1175,66,0.8242629900816917,849
symmetric,quiet_kp4,1175,69,0.8222232659965141,846
symmetric,quiet_kp4,1175,72,0.8152419939642277,843
symmetric,quiet_kp4,1175,75,0.8090409303706091,840
symmetric,quiet_kp4,1175,78,0.8084182301394436,837
symmetric,quiet_kp4,1175,81,0.8074646960940259,835
symmetric,quiet_kp4,1175,84,0.7998613497051139,832
symmetric,quiet_kp4,1175,87,0.7892661307285554,830
symmetric,quiet_kp4,1175,90,0.7849203074425989,829
symmetric,quiet_kp4,1175,93,0.7810569009636081,828
symmetric,quiet_kp4,1175,96,0.7706041660047419,828
symmetric,quiet_kp4,1175,99,0.7593652946079171,829
symmetric,quiet_kp4,1175,102,0.7554270694018654,828
symmetric,quiet_kp4,1175,105,0.7494212356683719,827
symmetric,quiet_kp4,1175,108,0.7361195109148084,827
symmetric,quiet_kp4,1175,111,0.7237871281047467,827
symmetric,quiet_kp4,1175,114,0.7188584587793491,826
symmetric,quiet_kp4,1175,117,0.7140701046526291,825
symmetric,quiet_kp4,1175,120,0.702206917408701,824
symmetric,quiet_kp4,1216,0,0.7062343749751641,854
symmetric,quiet_kp4,1216,3,0.7074900749652591,855
symmetric,quiet_kp4,1216,6,0.714257841683785,856
symmetric,quiet_kp4,1216,9,0.7175772450023848,856
symmetric,quiet_kp4,1216,12,0.7168147695443523,857
symmetric,quiet_kp4,1216,15,0.7181075044863363,858
symmetric,quiet_kp4,1216,18,0.7200163915462938,859
symmetric,quiet_kp4,1216,21,0.7220186476285688,860
symmetric,quiet_kp4,1216,24,0.7193405401927889,860
symmetric,quiet_kp4,1216,27,0.7181186461286989,860
symmetric,quiet_kp4,1216,30,0.7213288206428141,860
symmetric,quiet_kp4,1216,33,0.7225299702328156,859
symmetric,quiet_kp4,1216,36,0.7194971898753534,858
symmetric,quiet_kp4,1216,39,0.715682683165971,857
symmetric,quiet_kp4,1216,42,0.7118255895575973,856
symmetric,quiet_kp4,1216,45,0.7101333060893545,856
symmetric,quiet_kp4,1216,48,0.7042849578366016,855
symmetric,quiet_kp4,1216,51,0.6978189713516586,854
symmetric,quiet_kp4,1216,54,0.6956123516563399,854
symmetric,quiet_kp4,1216,57,0.6935725433931531,854
symmetric,quiet_kp4,1216,60,0.6874893587303613,853
symmetric,quiet_kp4,1216,63,0.6802233543654963,851
symmetric,quiet_kp4,1216,66,0.6766272457379512,849
symmetric,quiet_kp4,1216,69,0.6746046395205747,846
symmetric,quiet_kp4,1216,72,0.6680214390867605,843
symmetric,quiet_kp4,1216,75,0.6605638815895633,840
symmetric,quiet_kp4,1216,78,0.6590370766839925,837
symmetric,quiet_kp4,1216,81,0.6590123254231616,835
symmetric,quiet_kp4,1216,84,0.653333445291474,832
symmetric,quiet_kp4,1216,87,0.6439615879481659,830
symmetric,quiet_kp4,1216,90,0.6395371594944312,829
symmetric,quiet_kp4,1216,93,0.6376265142961897,828
symmetric,quiet_kp4,1216,96,0.6293190179596854,828
symmetric,quiet_kp4,1216,99,0.6181565197170915,829
symmetric,quiet_kp4,1216,102,0.6147064889890497,828
symmetric,quiet_kp4,1216,105,0.6120726596774925,827
symmetric,quiet_kp4,1216,108,0.603355477415281,827
symmetric,quiet_kp4,1216,111,0.5936940730603222,827
symmetric,quiet_kp4,1216,114,0.5915452211183155,826
symmetric,quiet_kp4,1216,117,0.5903586441532797,825
symmetric,quiet_kp4,1216,120,0.581559596722215,824
symmetric,quiet_kp4,1335,0,0.6937985615163155,854
symmetric,quiet_kp4,1335,3,0.696590046435224,855
symmetric,quiet_kp4,1335,6,0.7045674224383629,856
symmetric,quiet_kp4,1335,9,0.7079449296640439,856
symmetric,quiet_kp4,1335,12,0.7071055750430663,857
symmetric,quiet_kp4,1335,15,0.7105275474440998,858
symmetric,quiet_kp4,1335,18,0.7158238058338229,859
symmetric,quiet_kp4,1335,21,0.7203105504343539,860
symmetric,quiet_kp4,1335,24,0.7186259040371877,860
symmetric,quiet_kp4,1335,27,0.7186297527601145,860
symmetric,quiet_kp4,1335,30,0.7232147326095031,860
symmetric,quiet_kp4,1335,33,0.7240406127159248,859
symmetric,quiet_kp4,1335,36,0.7202281012768634,858
symmetric,quiet_kp4,1335,39,0.717633673320213,857
symmetric,quiet_kp4,1335,42,0.7162389419387574,856
symmetric,quiet_kp4,1335,45,0.715769844244413,856
symmetric,quiet_kp4,1335,48,0.7102755164301132,855
symmetric,quiet_kp4,1335,51,0.7047688504215587,854
symmetric,quiet_kp4,1335,54,0.7033966539549535,854
symmetric,quiet_kp4,1335,57,0.7003391957687157,854
symmetric,quiet_kp4,1335,60,0.6934628546556566,853
symmetric,quiet_kp4,1335,63,0.6872587929595964,851
symmetric,quiet_kp4,1335,66,0.6854520693536431,849
symmetric,quiet_kp4,1335,69,0.6837002208226728,846
symmetric,quiet_kp4,1335,72,0.6776512247195293,843
symmetric,quiet_kp4,1335,75,0.6723658500487831,840
symmetric,quiet_kp4,1335,78,0.6727500867805821,837
symmetric,quiet_kp4,1335,81,0.6723884508701093,835
symmetric,quiet_kp4,1335,84,0.6665808575582413,832
symmetric,quiet_kp4,1335,87,0.6580745840704751,830
symmetric,quiet_kp4,1335,90,0.6553381933882275,829
symmetric,quiet_kp4,1335,93,0.6540698980262794,828
symmetric,quiet_kp4,1335,96,0.6465810638642532,828
symmetric,quiet_kp4,1335,99,0.6366691078574538,829
symmetric,quiet_kp4,1335,102,0.6352926495839455,828
symmetric,quiet_kp4,1335,105,0.6325262647770598,827
symmetric,quiet_kp4,1335,108,0.6225634434291414,827
symmetric,quiet_kp4,1335,111,0.6133026412886585,827
symmetric,quiet_kp4,1335,114,0.6119788100326292,826
symmetric,quiet_kp4,1335,117,0.6102614926623484,825
symmetric,quiet_kp4,1335,120,0.5995417492887086,824
symmetric,quiet_kp4,1405,0,0.8266761015890869,854
symmetric,quiet_kp4,1405,3,0.8302649338222221,855
symmetric,quiet_kp4,1405,6,0.8378865215580419,856
symmetric,quiet_kp4,1405,9,0.8409515074395768,856
symmetric,quiet_kp4,1405,12,0.839675902239289,857
symmetric,quiet_kp4,1405,15,0.8422645623224843,858
symmetric,quiet_kp4,1405,18,0.8468693907278525,859
symmetric,quiet_kp4,1405,21,0.8502120429370322,860
symmetric,quiet_kp4,1405,24,0.8471968515182505,860
symmetric,quiet_kp4,1405,27,0.8455468247611364,860
symmetric,quiet_kp4,1405,30,0.8483067364253987,860
symmetric,quiet_kp4,1405,33,0.8478125010057761,859
symmetric,quiet_kp4,1405,36,0.8436705864463032,858
symmetric,quiet_kp4,1405,39,0.8404365049012211,857
symmetric,quiet_kp4,1405,42,0.8386095775212686,856
symmetric,quiet_kp4,1405,45,0.8379672777621214,856
symmetric,quiet_kp4,1405,48,0.8329056899948661,855
symmetric,quiet_kp4,1405,51,0.8283235812322111,854
symmetric,quiet_kp4,1405,54,0.8279273607307335,854
symmetric,quiet_kp4,1405,57,0.8257450556608885,854
symmetric,quiet_kp4,1405,60,0.8194185581267668,853
symmetric,quiet_kp4,1405,63,0.814010419049863,851
symmetric,quiet_kp4,1405,66,0.8130356925755834,849
symmetric,quiet_kp4,1405,69,0.8118804272650427,846
symmetric,quiet_kp4,1405,72,0.8061892967937719,843
symmetric,quiet_kp4,1405,75,0.8011677008774509,840
symmetric,quiet_kp4,1405,78,0.8013604035541625,837
symmetric,quiet_kp4,1405,81,0.8010676042153414,835
symmetric,quiet_kp4,1405,84,0.793989381367654,832
symmetric,quiet_kp4,1405,87,0.7854824085724215,830
symmetric,quiet_kp4,1405,90,0.782396444749997,829
symmetric,quiet_kp4,1405,93,0.7795585464583015,828
symmetric,quiet_kp4,1405,96,0.7702893804948869,828
symmetric,quiet_kp4,1405,99,0.7602006705165446,829
symmetric,quiet_kp4,1405,102,0.7570794026630503,828
symmetric,quiet_kp4,1405,105,0.7518863119684336,827
symmetric,quiet_kp4,1405,108,0.7398645963666426,827
symmetric,quiet_kp4,1405,111,0.7287634681331567,827
symmetric,quiet_kp4,1405,114,0.7253245768434422,826
symmetric,quiet_kp4,1405,117,0.7216483911020689,825
symmetric,quiet_kp4,1405,120,0.710538329299197,824
none,all,256,0,0.21453592351701595,1665
none,all,256,3,0.22665087985668264,1664
none,all,256,6,0.2136952806170799,1663
none,all,256,9,0.2050404555923919,1662
none,all,256,12,0.22029827602356558,1661
none,all,256,15,0.2376295339140769,1660
none,all,256,18,0.22190704239662318,1659
none,all,256,21,0.2102515014975532,1658
none,all,256,24,0.22615642853161544,1657
none,all,256,27,0.23571068429651734,1656
none,all,256,30,0.2242474832899218,1655
none,all,256,33,0.21431620944572843,1654
none,all,256,36,0.2264752058429136,1653
none,all,256,39,0.23933951073134577,1652
none,all,256,42,0.22342437490442296,1651
none,all,256,45,0.2118487198108178,1651
none,all,256,48,0.22548319957101487,1651
none,all,256,51,0.2336500814013159,1651
none,all,256,54,0.2207348850268909,1651
none,all,256,57,0.20914746270678475,1651
none,all,256,60,0.21920772941192002,1651
none,all,256,63,0.23123448780630662,1650
none,all,256,66,0.21821903616998614,1649
none,all,256,69,0.20525126186173884,1647
none,all,256,72,0.22130489060287487,1645
none,all,256,75,0.2306651361592227,1643
none,all,256,78,0.21203488899728107,1641
none,all,256,81,0.20154111453014711,1639
none,all,256,84,0.21801228803572226,1637
none,all,256,87,0.22364299739143112,1636
none,all,256,90,0.2040516231654661,1636
none,all,256,93,0.19207166128679284,1636
none,all,256,96,0.20991193683857173,1636
none,all,256,99,0.21517623053077786,1636
none,all,256,102,0.19015867790197513,1636
none,all,256,105,0.174942789440105,1636
none,all,256,108,0.1906043233174014,1636
none,all,256,111,0.2028173958767501,1635
none,all,256,114,0.1774097166683781,1633
none,all,256,117,0.16354706526229335,1631
none,all,256,120,0.18930024551147828,1629
none,all,284,0,0.2429704834116599,1665
none,all,284,3,0.25677105015649815,1664
none,all,284,6,0.2440889778395558,1663
none,all,284,9,0.23407951240525818,1662
none,all,284,12,0.2500489721248146,1661
none,all,284,15,0.26896162960951914,1660
none,all,284,18,0.25118861045694,1659
none,all,284,21,0.23661849743767854,1658
none,all,284,24,0.25190206623179745,1657
none,all,284,27,0.262904602374846,1656
none,all,284,30,0.2532747713570197,1655
none,all,284,33,0.24255733776337182,1654
none,all,284,36,0.2550793393908255,1653
none,all,284,39,0.27015535927108086,1652
none,all,284,42,0.2533455920830804,1651
none,all,284,45,0.2402762538409142,1651
none,all,284,48,0.25507475841921323,1651
none,all,284,51,0.2662694278896068,1651
none,all,284,54,0.2546631054785332,1651
none,all,284,57,0.2425492084320324,1651
none,all,284,60,0.2525380771637278,1651
none,all,284,63,0.26553792873920085,1650
none,all,284,66,0.25182227373620214,1649
none,all,284,69,0.2385971880809007,1647
none,all,284,72,0.2559153493108884,1645
none,all,284,75,0.26657121233268594,1643
none,all,284,78,0.2466876128678853,1641
none,all,284,81,0.2352819957910808,1639
none,all,284,84,0.25244493443297683,1637
none,all,284,87,0.26062910041213583,1636
none,all,284,90,0.24072923785286077,1636
none,all,284,93,0.22604924256599115,1636
none,all,284,96,0.24554616508888835,1636
none,all,284,99,0.2525713630027513,1636
none,all,284,102,0.22885895669550418,1636
none,all,284,105,0.2149419031589278,1636
none,all,284,108,0.2316261874273396,1636
none,all,284,111,0.2443894115745529,1635
none,all,284,114,0.21976747272365973,1633
none,all,284,117,0.20370795913088638,1631
none,all,284,120,0.22819039516324538,1629
none,all,304,0,0.2449358563591757,1665
none,all,304,3,0.2545238453912537,1664
none,all,304,6,0.24466153189057024,1663
none,all,304,9,0.23907939666846717,1662
none,all,304,12,0.2524366902097203,1661
none,all,304,15,0.267780065066823,1660
none,all,304,18,0.2526815958814065,1659
none,all,304,21,0.24137687912525857,1658
none,all,304,24,0.2568817402855057,1657
none,all,304,27,0.2629402167934588,1656
none,all,304,30,0.25195448365677137,1655
none,all,304,33,0.24663821640715755,1654
none,all,304,36,0.26059173716678513,1653
none,all,304,39,0.27261443029602206,1652
none,all,304,42,0.2584864781555026,1651
none,all,304,45,0.24843205373300128,1651
none,all,304,48,0.26107080694562346,1651
none,all,304,51,0.26757300620105906,1651
none,all,304,54,0.25586369855954805,1651
none,all,304,57,0.24921506359648624,1651
none,all,304,60,0.2596150306386527,1651
none,all,304,63,0.2682885860647616,1650
none,all,304,66,0.25541278862205935,1649
none,all,304,69,0.24268597057972677,1647
none,all,304,72,0.2580823752929601,1645
none,all,304,75,0.2659884922655534,1643
none,all,304,78,0.24676847340188907,1641
none,all,304,81,0.23747382644092419,1639
none,all,304,84,0.2547766017370951,1637
none,all,304,87,0.25952167920082647,1636
none,all,304,90,0.23908980128926507,1636
none,all,304,93,0.2261702196726276,1636
none,all,304,96,0.24398535651927836,1636
none,all,304,99,0.24799604193513106,1636
none,all,304,102,0.22356683859763293,1636
none,all,304,105,0.2138304040676195,1636
none,all,304,108,0.2298921319895202,1636
none,all,304,111,0.24063881136468912,1635
none,all,304,114,0.21620909518945525,1633
none,all,304,117,0.20204978104883706,1631
none,all,304,120,0.2267864512619283,1629
none,all,1175,0,0.3070391514194036,1665
none,all,1175,3,0.30788373454864737,1664
none,all,1175,6,0.29034141356471604,1663
none,all,1175,9,0.2965033932143811,1662
none,all,1175,12,0.3210846083765835,1661
none,all,1175,15,0.3314680025597128,1660
none,all,1175,18,0.30685557272377906,1659
none,all,1175,21,0.2933398747099952,1658
none,all,1175,24,0.3143326035855078,1657
none,all,1175,27,0.316778333644213,1656
none,all,1175,30,0.2981040830845093,1655
none,all,1175,33,0.29748749854860557,1654
none,all,1175,36,0.3208773773483544,1653
none,all,1175,39,0.330020943767882,1652
none,all,1175,42,0.31002815414933393,1651
none,all,1175,45,0.30320290946208467,1651
none,all,1175,48,0.31917812069153323,1651
none,all,1175,51,0.3182673592255869,1651
none,all,1175,54,0.2954905417550553,1651
none,all,1175,57,0.29896836647937675,1651
none,all,1175,60,0.32221091866894613,1651
none,all,1175,63,0.3226578241668275,1650
none,all,1175,66,0.3048076290051421,1649
none,all,1175,69,0.2958368554413418,1647
none,all,1175,72,0.3114560451535903,1645
none,all,1175,75,0.31330695641618184,1643
none,all,1175,78,0.2909234220301819,1641
none,all,1175,81,0.2885834060085165,1639
none,all,1175,84,0.3131559240167778,1637
none,all,1175,87,0.3103812040864249,1636
none,all,1175,90,0.2841306847082528,1636
none,all,1175,93,0.273091477138995,1636
none,all,1175,96,0.29427467155423964,1636
none,all,1175,99,0.2956904358517891,1636
none,all,1175,102,0.26595818251903003,1636
none,all,1175,105,0.2643282253821255,1636
none,all,1175,108,0.2891192145060386,1636
none,all,1175,111,0.2977171914079792,1635
none,all,1175,114,0.2682099351533418,1633
none,all,1175,117,0.2545250487830405,1631
none,all,1175,120,0.2813849328000431,1629
none,all,1216,0,0.2909484245881304,1665
none,all,1216,3,0.26410307718560877,1664
none,all,1216,6,0.22820179140707725,1663
none,all,1216,9,0.2650379244782406,1662
none,all,1216,12,0.3118389466904189,1661
none,all,1216,15,0.2860918206675786,1660
none,all,1216,18,0.2448757171795176,1659
none,all,1216,21,0.26644807598062176,1658
none,all,1216,24,0.29920806371611036,1657
none,all,1216,27,0.268887005554322,1656
none,all,1216,30,0.2323400415070998,1655
none,all,1216,33,0.27029698721175704,1654
none,all,1216,36,0.3177363122122722,1653
none,all,1216,39,0.28991057442754525,1652
none,all,1216,42,0.2470117897583532,1651
none,all,1216,45,0.2699930871210733,1651
none,all,1216,48,0.30169636849204445,1651
none,all,1216,51,0.27192722398381014,1651
none,all,1216,54,0.2355164867162732,1651
none,all,1216,57,0.2733911730868891,1651
none,all,1216,60,0.31628380161144076,1651
none,all,1216,63,0.2840247674855144,1650
none,all,1216,66,0.24549692851908964,1649
none,all,1216,69,0.2674935581388537,1647
none,all,1216,72,0.30046854732402645,1645
none,all,1216,75,0.27190616385758315,1643
none,all,1216,78,0.22919493517661066,1641
none,all,1216,81,0.26545989341045817,1639
none,all,1216,84,0.3146844318676028,1637
none,all,1216,87,0.27852188414992307,1636
none,all,1216,90,0.2338573167053574,1636
none,all,1216,93,0.255699403899174,1636
none,all,1216,96,0.2903586735253794,1636
none,all,1216,99,0.2586490128810445,1636
none,all,1216,102,0.21219008505956163,1636
none,all,1216,105,0.24612228074019607,1636
none,all,1216,108,0.29374286722128123,1636
none,all,1216,111,0.2615923041571052,1635
none,all,1216,114,0.21276582634858823,1633
none,all,1216,117,0.23234523844557178,1631
none,all,1216,120,0.27264082001905277,1629
none,all,1335,0,0.26320307488899924,1665
none,all,1335,3,0.27170514737411916,1664
none,all,1335,6,0.2619530566524332,1663
none,all,1335,9,0.25570715917075876,1662
none,all,1335,12,0.2672671092850483,1661
none,all,1335,15,0.2853785250732247,1660
none,all,1335,18,0.27190473360886186,1659
none,all,1335,21,0.25661443996291095,1658
none,all,1335,24,0.27099143881209503,1657
none,all,1335,27,0.2800890984074373,1656
none,all,1335,30,0.27060209278418246,1655
none,all,1335,33,0.26157268325836913,1654
none,all,1335,36,0.2733331414751904,1653
none,all,1335,39,0.2897294543307531,1652
none,all,1335,42,0.2795854832475679,1651
none,all,1335,45,0.2665953318001897,1651
none,all,1335,48,0.275149990807271,1651
none,all,1335,51,0.2840425769346095,1651
none,all,1335,54,0.27453563119117635,1651
none,all,1335,57,0.2651370383253474,1651
none,all,1335,60,0.2747181418608084,1651
none,all,1335,63,0.2854589872292799,1650
none,all,1335,66,0.2751852228502979,1649
none,all,1335,69,0.2581708715688737,1647
none,all,1335,72,0.2697766946392,1645
none,all,1335,75,0.28068465161181994,1643
none,all,1335,78,0.26501885369921535,1641
none,all,1335,81,0.2526037121060857,1639
none,all,1335,84,0.26671773336911575,1637
none,all,1335,87,0.2752074638577674,1636
none,all,1335,90,0.258144205319504,1636
none,all,1335,93,0.2421644405931742,1636
none,all,1335,96,0.25835979855985336,1636
none,all,1335,99,0.26597916660985815,1636
none,all,1335,102,0.24296644284321578,1636
none,all,1335,105,0.23185871702413635,1636
none,all,1335,108,0.2459887356512509,1636
none,all,1335,111,0.26006150508926074,1635
none,all,1335,114,0.23781384121247912,1633
none,all,1335,117,0.21908347293207814,1631
none,all,1335,120,0.24072946620484156,1629
none,all,1405,0,0.3113499063866711,1665
none,all,1405,3,0.320398895241048,1664
none,all,1405,6,0.30583977161585535,1663
none,all,1405,9,0.2998981543685072,1662
none,all,1405,12,0.3132551671725797,1661
none,all,1405,15,0.3302763118649684,1660
none,all,1405,18,0.3185835286166556,1659
none,all,1405,21,0.30478535836972726,1658
none,all,1405,24,0.31590659611871474,1657
none,all,1405,27,0.32154649337099617,1656
none,all,1405,30,0.31026869755921965,1655
none,all,1405,33,0.3002785755774017,1654
none,all,1405,36,0.31754346130259076,1653
none,all,1405,39,0.3336311233976399,1652
none,all,1405,42,0.31794602834773666,1651
none,all,1405,45,0.30714131724407984,1651
none,all,1405,48,0.317568762480013,1651
none,all,1405,51,0.3210228687634266,1651
none,all,1405,54,0.30716729953617716,1651
none,all,1405,57,0.30035916839066445,1651
none,all,1405,60,0.31298217597163275,1651
none,all,1405,63,0.32229057601457006,1650
none,all,1405,66,0.3113420527672767,1649
none,all,1405,69,0.2975493095658379,1647
none,all,1405,72,0.3073726329036798,1645
none,all,1405,75,0.3120845329676949,1643
none,all,1405,78,0.2945246173442302,1641
none,all,1405,81,0.2855796601499663,1639
none,all,1405,84,0.3036322036699912,1637
none,all,1405,87,0.31010352731549967,1636
none,all,1405,90,0.29306840560112707,1636
none,all,1405,93,0.2780794588346304,1636
none,all,1405,96,0.2946313161424839,1636
none,all,1405,99,0.2997515384439465,1636
none,all,1405,102,0.27411095261976176,1636
none,all,1405,105,0.2677680706298681,1636
none,all,1405,108,0.2837569804405774,1636
none,all,1405,111,0.2949193657566686,1635
none,all,1405,114,0.27370550447721337,1633
none,all,1405,117,0.2567043684689969,1631
none,all,1405,120,0.28009982077365053,1629
none,quiet_kp4,256,0,0.1974061959041127,854
none,quiet_kp4,256,3,0.2178659264984892,855
none,quiet_kp4,256,6,0.19345746562504365,856
none,quiet_kp4,256,9,0.17637409426684525,856
none,quiet_kp4,256,12,0.20374954329523084,857
none,quiet_kp4,256,15,0.23383927903850799,858
none,quiet_kp4,256,18,0.21053939698117624,859
none,quiet_kp4,256,21,0.18658359713907824,860
none,quiet_kp4,256,24,0.2105248610993066,860
none,quiet_kp4,256,27,0.22592228088904368,860
none,quiet_kp4,256,30,0.20705370921143726,860
none,quiet_kp4,256,33,0.18754808556091826,859
none,quiet_kp4,256,36,0.20625630294005365,858
none,quiet_kp4,256,39,0.2313405740596877,857
none,quiet_kp4,256,42,0.2004660939691512,856
none,quiet_kp4,256,45,0.17405188944837255,856
none,quiet_kp4,256,48,0.1993703617093907,855
none,quiet_kp4,256,51,0.21464622870188368,854
none,quiet_kp4,256,54,0.19021525138736178,854
none,quiet_kp4,256,57,0.1683855536637223,854
none,quiet_kp4,256,60,0.18659801524346042,853
none,quiet_kp4,256,63,0.2089076937605449,851
none,quiet_kp4,256,66,0.18451822278347968,849
none,quiet_kp4,256,69,0.1600618396630895,846
none,quiet_kp4,256,72,0.18413144140192478,843
none,quiet_kp4,256,75,0.20341021296393963,840
none,quiet_kp4,256,78,0.17143477925070444,837
none,quiet_kp4,256,81,0.15397010873093922,835
none,quiet_kp4,256,84,0.18540909837970176,832
none,quiet_kp4,256,87,0.19814404745046563,830
none,quiet_kp4,256,90,0.1661379245412973,829
none,quiet_kp4,256,93,0.1487493760467527,828
none,quiet_kp4,256,96,0.17973092064435078,828
none,quiet_kp4,256,99,0.1899277816147371,829
none,quiet_kp4,256,102,0.15210682743367873,828
none,quiet_kp4,256,105,0.1245968995909071,827
none,quiet_kp4,256,108,0.1561149290879767,827
none,quiet_kp4,256,111,0.18428887845340133,827
none,quiet_kp4,256,114,0.14081429074481355,826
none,quiet_kp4,256,117,0.11708972942476317,825
none,quiet_kp4,256,120,0.16255588717573638,824
none,quiet_kp4,284,0,0.2168120992427834,854
none,quiet_kp4,284,3,0.23746796130820388,855
none,quiet_kp4,284,6,0.21280629626717312,856
none,quiet_kp4,284,9,0.19418920751972082,856
none,quiet_kp4,284,12,0.22111475314072945,857
none,quiet_kp4,284,15,0.2549817348618701,858
none,quiet_kp4,284,18,0.22888316167142278,859
none,quiet_kp4,284,21,0.2011850293356642,860
none,quiet_kp4,284,24,0.22662489921864326,860
none,quiet_kp4,284,27,0.24245782842034733,860
none,quiet_kp4,284,30,0.22209461274065012,860
none,quiet_kp4,284,33,0.20238003056044587,859
none,quiet_kp4,284,36,0.22006466168289024,858
none,quiet_kp4,284,39,0.2470606362851644,857
none,quiet_kp4,284,42,0.21680419710329926,856
none,quiet_kp4,284,45,0.1924645909586341,856
none,quiet_kp4,284,48,0.2224337655844837,855
none,quiet_kp4,284,51,0.24060945128951566,854
none,quiet_kp4,284,54,0.2169082595405162,854
none,quiet_kp4,284,57,0.19453620309494163,854
none,quiet_kp4,284,60,0.21482280959216368,853
none,quiet_kp4,284,63,0.2392673369309658,851
none,quiet_kp4,284,66,0.21357229697666116,849
none,quiet_kp4,284,69,0.18934430643997674,846
none,quiet_kp4,284,72,0.21783567108577684,843
none,quiet_kp4,284,75,0.2397004328439889,840
none,quiet_kp4,284,78,0.20843543686354,837
none,quiet_kp4,284,81,0.18954970167063212,835
none,quiet_kp4,284,84,0.2217125395006656,832
none,quiet_kp4,284,87,0.23787669785717272,830
none,quiet_kp4,284,90,0.20386995087919726,829
none,quiet_kp4,284,93,0.1859818154978941,828
none,quiet_kp4,284,96,0.21907126669109947,828
none,quiet_kp4,284,99,0.23118649665531588,829
none,quiet_kp4,284,102,0.1951991267265243,828
none,quiet_kp4,284,105,0.17296058954252974,827
none,quiet_kp4,284,108,0.2086246249472621,827
none,quiet_kp4,284,111,0.23636097123696465,827
none,quiet_kp4,284,114,0.18941777096512408,826
none,quiet_kp4,284,117,0.16216022088821172,825
none,quiet_kp4,284,120,0.20920658173710585,824
none,quiet_kp4,304,0,0.24146842034457888,854
none,quiet_kp4,304,3,0.2665980486684768,855
none,quiet_kp4,304,6,0.2432402503767571,856
none,quiet_kp4,304,9,0.22285226474183367,856
none,quiet_kp4,304,12,0.24653316181849755,857
none,quiet_kp4,304,15,0.27968434400298,858
none,quiet_kp4,304,18,0.25655020994924077,859
none,quiet_kp4,304,21,0.22733868639124588,860
none,quiet_kp4,304,24,0.2507637686883562,860
none,quiet_kp4,304,27,0.26811522661384357,860
none,quiet_kp4,304,30,0.2491854904277639,860
none,quiet_kp4,304,33,0.22834940460898176,859
none,quiet_kp4,304,36,0.24637657920640083,858
none,quiet_kp4,304,39,0.27279268512815225,857
none,quiet_kp4,304,42,0.2402111561414797,856
none,quiet_kp4,304,45,0.21634259915593412,856
none,quiet_kp4,304,48,0.24591479080726178,855
none,quiet_kp4,304,51,0.25819012004479325,854
none,quiet_kp4,304,54,0.23155649198332634,854
none,quiet_kp4,304,57,0.2124485487737756,854
none,quiet_kp4,304,60,0.23212940510860597,853
none,quiet_kp4,304,63,0.251246226234159,851
none,quiet_kp4,304,66,0.22384617798049278,849
none,quiet_kp4,304,69,0.20026544897843812,846
none,quiet_kp4,304,72,0.22470076030253142,843
none,quiet_kp4,304,75,0.24296284838434132,840
none,quiet_kp4,304,78,0.2108681172950129,837
none,quiet_kp4,304,81,0.19530872508537023,835
none,quiet_kp4,304,84,0.22847745040809994,832
none,quiet_kp4,304,87,0.23838905022833975,830
none,quiet_kp4,304,90,0.2035250247331172,829
none,quiet_kp4,304,93,0.18567134240789074,828
none,quiet_kp4,304,96,0.21878802103623768,828
none,quiet_kp4,304,99,0.22705184823839336,829
none,quiet_kp4,304,102,0.1908983969149963,828
none,quiet_kp4,304,105,0.16638005850464158,827
none,quiet_kp4,304,108,0.19847213175327774,827
none,quiet_kp4,304,111,0.22830452167072976,827
none,quiet_kp4,304,114,0.18555615679383433,826
none,quiet_kp4,304,117,0.15946968450341828,825
none,quiet_kp4,304,120,0.2024365897052846,824
none,quiet_kp4,1175,0,0.3048702898059632,854
none,quiet_kp4,1175,3,0.329767635727898,855
none,quiet_kp4,1175,6,0.29612892524225426,856
none,quiet_kp4,1175,9,0.2832997470939916,856
none,quiet_kp4,1175,12,0.31653918715664214,857
none,quiet_kp4,1175,15,0.3470919032649247,858
none,quiet_kp4,1175,18,0.31920044922454427,859
none,quiet_kp4,1175,21,0.28685950718046244,860
none,quiet_kp4,1175,24,0.31440587367944234,860
none,quiet_kp4,1175,27,0.3291608774673215,860
none,quiet_kp4,1175,30,0.3047104689697186,860
none,quiet_kp4,1175,33,0.29241575761867067,859
none,quiet_kp4,1175,36,0.31693069381325917,858
none,quiet_kp4,1175,39,0.3337111911523847,857
none,quiet_kp4,1175,42,0.293685978323818,856
none,quiet_kp4,1175,45,0.2799901584952906,856
none,quiet_kp4,1175,48,0.31433743697377353,855
none,quiet_kp4,1175,51,0.3192562248547974,854
none,quiet_kp4,1175,54,0.2800142689474055,854
none,quiet_kp4,1175,57,0.2715123961962254,854
none,quiet_kp4,1175,60,0.3048525233618766,853
none,quiet_kp4,1175,63,0.31788174543911013,851
none,quiet_kp4,1175,66,0.28391192746183075,849
none,quiet_kp4,1175,69,0.26571067181095454,846
none,quiet_kp4,1175,72,0.2911324158221031,843
none,quiet_kp4,1175,75,0.3027043891583098,840
none,quiet_kp4,1175,78,0.2642572177684884,837
none,quiet_kp4,1175,81,0.2566783131956458,835
none,quiet_kp4,1175,84,0.308173991618308,832
none,quiet_kp4,1175,87,0.31067522671980685,830
none,quiet_kp4,1175,90,0.2600613815202068,829
none,quiet_kp4,1175,93,0.2463926238003255,828
none,quiet_kp4,1175,96,0.2922782719127423,828
none,quiet_kp4,1175,99,0.2947340207844542,829
none,quiet_kp4,1175,102,0.24549769098455018,828
none,quiet_kp4,1175,105,0.2227605451499827,827
none,quiet_kp4,1175,108,0.2754386755490798,827
none,quiet_kp4,1175,111,0.3012388626665086,827
none,quiet_kp4,1175,114,0.24534369817258755,826
none,quiet_kp4,1175,117,0.21740841025027305,825
none,quiet_kp4,1175,120,0.26456669944737515,824
none,quiet_kp4,1216,0,0.2889844390731985,854
none,quiet_kp4,1216,3,0.27687796171906714,855
none,quiet_kp4,1216,6,0.23307692616747816,856
none,quiet_kp4,1216,9,0.2533572942596516,856
none,quiet_kp4,1216,12,0.30762338731073396,857
none,quiet_kp4,1216,15,0.2995274714404852,858
none,quiet_kp4,1216,18,0.24988463630475705,859
none,quiet_kp4,1216,21,0.2550909595668074,860
none,quiet_kp4,1216,24,0.29512841292344566,860
none,quiet_kp4,1216,27,0.2765006505568055,860
none,quiet_kp4,1216,30,0.23477568312709496,860
none,quiet_kp4,1216,33,0.2547284158568237,859
none,quiet_kp4,1216,36,0.3042021354555399,858
none,quiet_kp4,1216,39,0.29219166584623135,857
none,quiet_kp4,1216,42,0.23435127092969887,856
none,quiet_kp4,1216,45,0.24114644346501324,856
none,quiet_kp4,1216,48,0.2839819788478397,855
none,quiet_kp4,1216,51,0.26469493742813205,854
none,quiet_kp4,1216,54,0.21814610903134682,854
none,quiet_kp4,1216,57,0.2397994004864948,854
none,quiet_kp4,1216,60,0.28711575276810286,853
none,quiet_kp4,1216,63,0.26801147244286905,851
none,quiet_kp4,1216,66,0.2171166705231329,849
none,quiet_kp4,1216,69,0.22599221935630212,846
none,quiet_kp4,1216,72,0.2668602473624293,843
none,quiet_kp4,1216,75,0.24830544179990532,840
none,quiet_kp4,1216,78,0.19387350986761012,837
none,quiet_kp4,1216,81,0.22039646568279572,835
none,quiet_kp4,1216,84,0.2845050544516613,832
none,quiet_kp4,1216,87,0.25546963124344196,830
none,quiet_kp4,1216,90,0.1928811169574717,829
none,quiet_kp4,1216,93,0.20830528939222717,828
none,quiet_kp4,1216,96,0.2591122329885448,828
none,quiet_kp4,1216,99,0.2322319329239126,829
none,quiet_kp4,1216,102,0.17364656129860656,828
none,quiet_kp4,1216,105,0.19417580984680327,827
none,quiet_kp4,1216,108,0.25657468600504796,827
none,quiet_kp4,1216,111,0.2414244033154978,827
none,quiet_kp4,1216,114,0.17602398257574206,826
none,quiet_kp4,1216,117,0.18521448766800094,825
none,quiet_kp4,1216,120,0.24363226694149553,824
none,quiet_kp4,1335,0,0.25687373932303514,854
none,quiet_kp4,1335,3,0.2857044557156643,855
none,quiet_kp4,1335,6,0.2615061711247114,856
none,quiet_kp4,1335,9,0.23655824366639674,856
none,quiet_kp4,1335,12,0.2588279287425407,857
none,quiet_kp4,1335,15,0.2978903682103924,858
none,quiet_kp4,1335,18,0.2803449494707583,859
none,quiet_kp4,1335,21,0.2432979819957119,860
none,quiet_kp4,1335,24,0.26395787006767996,860
none,quiet_kp4,1335,27,0.28983400401418036,860
none,quiet_kp4,1335,30,0.2717500812901221,860
none,quiet_kp4,1335,33,0.2435184952037972,859
none,quiet_kp4,1335,36,0.25933446880574074,858
none,quiet_kp4,1335,39,0.2920311566643588,857
none,quiet_kp4,1335,42,0.2630649897079365,856
none,quiet_kp4,1335,45,0.23280467769933016,856
none,quiet_kp4,1335,48,0.25779044670048035,855
none,quiet_kp4,1335,51,0.2756894060916711,854
none,quiet_kp4,1335,54,0.25083818265129315,854
none,quiet_kp4,1335,57,0.229281648762808,854
none,quiet_kp4,1335,60,0.2479740356694391,853
none,quiet_kp4,1335,63,0.27066016198107984,851
none,quiet_kp4,1335,66,0.24622570916492467,849
none,quiet_kp4,1335,69,0.21892000773119658,846
none,quiet_kp4,1335,72,0.2366337518590121,843
none,quiet_kp4,1335,75,0.25663095165546274,840
none,quiet_kp4,1335,78,0.22983902176417298,837
none,quiet_kp4,1335,81,0.2142018671685578,835
none,quiet_kp4,1335,84,0.24551388869905086,832
none,quiet_kp4,1335,87,0.2566595655855055,830
none,quiet_kp4,1335,90,0.22403610350564684,829
none,quiet_kp4,1335,93,0.20622499073939543,828
none,quiet_kp4,1335,96,0.23879025038818646,828
none,quiet_kp4,1335,99,0.24631819352724266,829
none,quiet_kp4,1335,102,0.21172594732501757,828
none,quiet_kp4,1335,105,0.18461583961891825,827
none,quiet_kp4,1335,108,0.2196755346953299,827
none,quiet_kp4,1335,111,0.25120784262107987,827
none,quiet_kp4,1335,114,0.2082413354481069,826
none,quiet_kp4,1335,117,0.17760948776416938,825
none,quiet_kp4,1335,120,0.21740115114980926,824
none,quiet_kp4,1405,0,0.3037916413850917,854
none,quiet_kp4,1405,3,0.3285937764589197,855
none,quiet_kp4,1405,6,0.30050743823757475,856
none,quiet_kp4,1405,9,0.2767584754315368,856
none,quiet_kp4,1405,12,0.30162571264437155,857
none,quiet_kp4,1405,15,0.3424275554510298,858
none,quiet_kp4,1405,18,0.32491087167698696,859
none,quiet_kp4,1405,21,0.2908042406512115,860
none,quiet_kp4,1405,24,0.30744498660917985,860
none,quiet_kp4,1405,27,0.3290487739789352,860
none,quiet_kp4,1405,30,0.3105005330198259,860
none,quiet_kp4,1405,33,0.2836533231503045,859
none,quiet_kp4,1405,36,0.3022846519368349,858
none,quiet_kp4,1405,39,0.3355853107731536,857
none,quiet_kp4,1405,42,0.3042585170436533,856
none,quiet_kp4,1405,45,0.273835200330295,856
none,quiet_kp4,1405,48,0.30309303210531313,855
none,quiet_kp4,1405,51,0.3197805884418732,854
none,quiet_kp4,1405,54,0.29217485702995405,854
none,quiet_kp4,1405,57,0.27102446601388064,854
none,quiet_kp4,1405,60,0.2915964257476131,853
none,quiet_kp4,1405,63,0.319232463975809,851
none,quiet_kp4,1405,66,0.29885027629292926,849
none,quiet_kp4,1405,69,0.26996647651312133,846
none,quiet_kp4,1405,72,0.2808892458473367,843
none,quiet_kp4,1405,75,0.3009423806682589,840
none,quiet_kp4,1405,78,0.2781401463120002,837
none,quiet_kp4,1405,81,0.263289585504905,835
none,quiet_kp4,1405,84,0.2949201410639235,832
none,quiet_kp4,1405,87,0.3044200911679973,830
none,quiet_kp4,1405,90,0.27086260813959145,829
none,quiet_kp4,1405,93,0.25332475415454614,828
none,quiet_kp4,1405,96,0.2832779980106638,828
none,quiet_kp4,1405,99,0.29346007305037003,829
none,quiet_kp4,1405,102,0.2567009772514145,828
none,quiet_kp4,1405,105,0.2295100411299367,827
none,quiet_kp4,1405,108,0.2676731197950831,827
none,quiet_kp4,1405,111,0.29768069096901906,827
none,quiet_kp4,1405,114,0.25501960175786337,826
none,quiet_kp4,1405,117,0.22287750919477103,825
none,quiet_kp4,1405,120,0.26212080102181434,824
