gpsUtcTime,gps_altitude,gps_x,gps_y,gps_z,gps_lat,gps_lon,gps_alt,time,tle_altitude,tle_x,tle_y,tle_z,tle_lat,tle_lon,tle_alt,tle_gps_diff
2024-04-19 13:15:22+00:00,492.6130617873887,997.7247324339918,316.17812346512227,6790.565746981837,81.29145812988281,17.583364486694336,513503.71875,2024-04-19T13:15:22Z,493.4926659279281,1106.4244516459962,220.38225261892893,6778.388515066928,80.60811330293625,11.26498047048938,514303.4898593873,0.8796041405394135
2024-04-19 13:25:22+00:00,499.8157183837211,3851.3194468790007,-2710.032140211672,5012.913116485602,46.9668083190918,-35.13264465332031,511199.53125,2024-04-19T13:25:22Z,500.2106571730701,3919.632758817077,-2791.528326610463,4914.826052942024,45.78324746659932,-35.45813863731194,511153.1079826653,0.3949387893489984
2024-04-19 13:35:22+00:00,510.2698400502159,4855.342920317604,-4760.000953341281,1103.7141135105674,9.276623725891112,-44.4318962097168,510821.28125,2024-04-19T13:35:22Z,509.7662226087296,4857.289333973087,-4788.051552695978,961.5162290989392,8.073798421221593,-44.58871702309295,510184.7994911745,-0.5036174414863126
2024-04-19 13:45:22+00:00,517.6496308870164,3718.8750559161736,-4795.340354376055,-3275.1415943279626,-28.50487518310547,-52.20576095581056,522490.4375,2024-04-19T13:45:22Z,516.3905341308528,3658.6211616641376,-4752.033433330454,-3401.055624776134,-29.710439369064662,-52.40709417110184,521612.19883688353,-1.2590967561636717
2024-04-19 13:55:22+00:00,519.6837439685196,1111.1085372219916,-2650.9530700809964,-6270.392065466319,-65.50714111328125,-67.25971221923828,537368.875,2024-04-19T13:55:22Z,518.0740836735959,1018.9897055323016,-2549.477431558823,-6326.100862029784,-66.66818150960714,-68.21411573625686,536082.03513858,-1.6096602949237422
2024-04-19 14:05:23+00:00,517.6067654797862,-1715.3692244702258,841.2115747336893,-6625.794562875295,-74.00946044921875,153.87681579589844,537356.75,2024-04-19T14:05:23Z,516.1841496014013,-1801.8235660119503,966.0628260545132,-6584.209790621858,-72.8501639949761,151.80164227468123,535696.0385284973,-1.4226158783849314
2024-04-19 14:15:23+00:00,512.5323815782231,-3524.038612890841,4183.357714901624,-4190.703355076217,-37.6292381286621,130.11061096191406,520464.5625,2024-04-19T14:15:23Z,511.768069271091,-3564.086036847286,4271.451337944393,-4064.823003906903,-36.32438784318703,129.8415178557198,519233.274220434,-0.7643123071320588
2024-04-19 14:25:23+00:00,504.6998344379199,-3630.0557109318856,5847.721114506882,17.210228836052245,0.1441600024700164,121.83052825927734,504699.96875,2024-04-19T14:25:23Z,504.7240971463052,-3611.3178030537865,5856.754004278151,174.90895153947528,1.4652568804831432,121.65829045621396,504737.9698629212,0.024262708385322185
2024-04-19 14:35:23+00:00,496.23353796742776,-2162.3774394431257,4975.058710950305,4222.544839934735,38.07002639770508,113.49186706542967,504324.75,2024-04-19T14:35:23Z,496.816567448941,-2103.326812501306,4900.275343348222,4339.159415574112,39.31002553176611,113.23027969327003,505358.5922100628,0.583029481513222
2024-04-19 14:45:23+00:00,491.9405528866164,44.23420420199631,1833.3248133045872,6620.795197465095,74.60948944091797,88.6178436279297,511807.90625,2024-04-19T14:45:23Z,492.80011395197744,113.66146270766808,1705.6547955466965,6654.892907793967,75.67952957158585,86.18755909460428,512866.75927870255,0.8595610653610493
2024-04-19 14:55:23+00:00,495.610608895161,1915.5018777598768,-2262.7338294821016,6201.555801894198,64.58827209472656,-49.75064468383789,513032.0,2024-04-19T14:55:23Z,496.2845139893634,1963.715813992676,-2388.499451911489,6139.752578247221,63.41206039302693,-50.5745095117119,513358.3145072954,0.6739050942023823
2024-04-19 15:05:23+00:00,505.3653361500583,2655.6231509968684,-5516.989167814586,3145.329968999961,27.33473777770996,-64.29598999023438,509846.34375,2024-04-19T15:05:23Z,505.284335937461,2664.877618831767,-5585.144587688857,3014.31194459008,26.11108672277571,-64.49247638355597,509400.2252206737,-0.08100021259730283
2024-04-19 15:15:23+00:00,514.765382297971,2090.6851658246624,-6448.485673926761,-1248.267320108589,-10.497108459472656,-72.03661346435547,515469.78125,2024-04-19T15:15:23Z,513.8472152068371,2063.3943836435,-6426.645475370881,-1392.8668185090844,-11.730430251323064,-72.19980397376789,514724.4640322523,-0.9181670911339097
2024-04-19 15:25:23+00:00,519.3734600342286,685.9488912816915,-4577.17424547007,-5114.156879822569,-48.0317268371582,-81.47691345214845,531153.5625,2024-04-19T15:25:23Z,517.8299958131047,640.9143268543282,-4471.165805118641,-5210.783623996899,-49.25600959770749,-81.8425683789238,530063.7583302241,-1.5434642211239407
2024-04-19 15:35:23+00:00,519.0274744859462,-753.4152346222143,-661.6452020584286,-6823.889572592981,-81.6916732788086,-138.7105712890625,539962.1875,2024-04-19T15:35:23Z,517.4035510084032,-791.9652845751009,-514.495697068385,-6830.561079174043,-82.17603873294345,-146.99046356271285,538388.8756140172,-1.6239234775430305
2024-04-19 15:45:24+00:00,515.2875397327325,-1518.4633696950043,3626.971736921193,-5662.035579141019,-55.388214111328125,112.71704864501952,529735.8125,2024-04-19T15:45:24Z,514.1659647211964,-1533.8274067586833,3758.7840584599535,-5569.807541167633,-54.081651860977885,112.1986416189305,528153.3039802127,-1.1215750115361516
2024-04-19 15:55:24+00:00,508.7981489818266,-1336.275552708866,6417.8554957538345,-2110.7757410810486,-17.952009201049805,101.76163482666016,510815.21875,2024-04-19T15:55:24Z,508.3515038880733,-1324.261377377008,6468.451979348547,-1956.8302709821323,-16.605662443720473,101.57006867373046,510085.4106140901,-0.4466450937533182
2024-04-19 16:05:24+00:00,500.214467828695,-464.7564289014022,6450.469908845096,2342.4684270785606,20.025266647338867,94.12104034423828,502704.625,2024-04-19T16:05:24Z,500.4154660813783,-440.1002248594825,6398.496426960762,2485.9684822787303,21.30718592583718,93.93471080183492,503219.7115251012,0.20099825268334826
2024-04-19 16:15:24+00:00,493.2540051174028,482.0376817542992,3668.9521466741967,5789.857007214608,57.57757186889648,82.51518249511719,508456.6875,2024-04-19T16:15:24Z,493.89597500905074,502.1487928832268,3539.0303390364006,5869.23743418151,58.81587206388038,81.92427692593512,509514.08079494815,0.641969891647932
2024-04-19 16:25:24+00:00,492.9561014623941,910.701067342467,-726.1246176279157,6771.653196567298,80.29976654052734,-38.56622695922852,513729.0,2024-04-19T16:25:24Z,493.6731419882926,913.4740175688056,-877.5251837800016,6754.057254613092,79.44224424884173,-43.85011678864243,514334.4032536438,0.7170405258985397
2024-04-19 16:35:24+00:00,500.4690824632981,582.9284896012434,-4818.997286519215,4873.672246492652,45.293243408203125,-83.10274505615233,511228.65625,2024-04-19T16:35:24Z,500.6706882788467,568.2132895192603,-4926.361760002283,4767.188760635043,44.0480904690568,-83.42050086702221,510965.6475339104,0.20160581554858936
2024-04-19 16:45:24+00:00,510.76806807460434,-258.13180033581114,-6824.528170449811,903.4358091952676,7.582131862640383,-92.16613006591795,511137.5,2024-04-19T16:45:24Z,510.1971075780857,-278.24120081926014,-6841.358944435819,753.3501212439326,6.317619358378157,-92.32896205224624,510454.0383727634,-0.5709604965186372
2024-04-19 16:55:24+00:00,517.8838724125899,-1036.8119762470571,-5879.489803171221,-3451.336618335918,-30.18623352050781,-100.00093841552734,523258.5625,2024-04-19T16:55:24Z,516.5773501801459,-1045.5342509891266,-5798.099922287221,-3581.337933197811,-31.4522691387248,-100.22193174775713,522366.2527420502,-1.3065222324439674
2024-04-19 17:05:24+00:00,519.6445147634986,-1187.228679030388,-2422.5004673929,-6348.335953191352,-67.10398864746094,-116.10873413085938,537770.5625,2024-04-19T17:05:24Z,518.0236858214394,-1173.6228680202105,-2277.497793124453,-6402.5499116088495,-68.31238248883719,-117.26261296107376,536468.0744941672,-1.6208289420592337
2024-04-19 17:15:24+00:00,517.3313179356928,-494.7591748818508,2025.076459381507,-6572.804729807815,-72.50502014160156,103.72933959960938,536769.5,2024-04-19T17:15:24Z,515.9873990559172,-461.4198330529083,2171.6644007232253,-6526.861167357168,-71.3219997970713,101.99541366971243,535163.3286947496,-1.3439188797756287
2024-04-19 17:25:25+00:00,512.1329045910597,753.1790272969823,5538.8029893124185,-4028.67250549571,-35.950035095214844,82.25628662109375,519465.34375,2024-04-19T17:25:25Z,511.4358456612008,791.9321332363538,5628.073401308762,-3894.0784893862506,-34.583222090032976,81.9904363518759,518288.61822757777,-0.6970589298589402
2024-04-19 17:35:25+00:00,504.4037399807421,1884.6210583948373,6615.822378013658,220.1471469792399,1.844428300857544,74.09956359863281,504425.71875,2024-04-19T17:35:25Z,504.2956142636558,1903.2257662055883,6602.834886465856,384.943937217677,3.226278407113508,73.92070509410067,504362.8161896104,-0.10812571708629548
2024-04-19 17:45:25+00:00,496.0002473774639,2187.046403018968,4825.640759474026,4379.929472871333,39.7556266784668,65.61931610107422,504705.3125,2024-04-19T17:45:25Z,496.475276854012,2169.4991936168294,4723.502629895399,4499.121037640472,41.05480180309475,65.33073685168524,505658.367644852,0.4750294765481158
2024-04-19 18:05:25+00:00,496.21796487602205,-457.7592732673608,-3106.364576767004,6115.36685302366,62.96640396118164,-98.38287353515624,513157.21875,2024-04-19T18:05:25Z,496.6443557527491,-520.6790808510847,-3231.010040944995,6045.832126306708,61.72153983073377,-99.15454216450678,513199.88216366805,0.426390876727055
2024-04-19 18:15:25+00:00,505.9743848038706,-2335.421798741735,-5757.313218795242,2964.816871416133,25.649179458618164,-112.07965850830078,509955.53125,2024-04-19T18:15:25Z,505.768441222589,-2380.079561057165,-5809.056595300235,2824.5772921502303,24.358295768738056,-112.27983367309666,509382.3681571493,-0.20594358128158774
2024-04-19 18:25:25+00:00,515.1409251280074,-3346.877920579947,-5850.14277974711,-1446.208212659679,-12.183843612670898,-119.77395629882812,516086.28125,2024-04-19T18:25:25Z,514.161817649142,-3346.9664857849457,-5809.3767295349335,-1597.7297484675323,-13.4843788940237,-119.94761113840514,515315.921610604,-0.9791074788654441
2024-04-19 18:35:25+00:00,519.363881484197,-2848.037572635219,-3456.32404797802,-5245.762525153251,-49.686336517333984,-129.48878479003906,531756.5,2024-04-19T18:35:25Z,517.880888443382,-2795.8056791530885,-3343.569175305026,-5344.069469243127,-50.97439111755168,-129.9014917051845,530746.5932350447,-1.4829930408150176
2024-04-19 18:45:25+00:00,518.7389447969917,-886.7483677205055,279.3811772568482,-6833.924296336549,-82.30003356933594,162.51231384277344,539736.75,2024-04-19T18:45:25Z,517.2654041740625,-799.4386364120351,413.69422168601386,-6836.397389930219,-82.54491081361533,152.63929856095635,538287.2853051815,-1.4735406229292494
2024-04-19 18:55:26+00:00,514.8112500449688,1758.429444399616,3696.333418261789,-5545.96977343977,-53.73992538452149,64.55850982666016,528676.875,2024-04-19T18:55:26Z,513.8959697852961,1848.110946582848,3798.946412125313,-5445.421062096887,-52.36721306398701,64.05801118104051,527268.3388310121,-0.915280259672727
2024-04-19 19:05:26+00:00,508.2287017679319,3886.661453125422,5351.770652950948,-1916.8845049944184,-16.257816314697266,54.01140594482422,509892.625,2024-04-19T19:05:26Z,507.9567778621258,3931.343084805958,5374.460844884796,-1754.4228948175696,-14.848431974360649,53.81505084896707,509350.7988961246,-0.2719239058060907
2024-04-19 19:15:26+00:00,499.6610019235841,4414.108260189913,4630.761738704973,2525.034522919105,21.66069793701172,46.37215423583984,502554.65625,2024-04-19T19:15:26Z,500.0007569936124,4387.469411600826,4568.713484643985,2680.6246029014287,23.06604927908994,46.15932237403103,503261.4286088683,0.33975507002833183
2024-04-19 19:45:26+00:00,500.7722887461941,-3279.9423942030035,-3767.478705894923,4729.426507953881,43.61245346069336,-131.04261779785156,510904.84375,2024-04-19T19:45:26Z,501.1374966516951,-3371.0278543019936,-3829.378063796332,4614.8079537850745,42.308274276741976,-131.35768492505474,510784.84565953165,0.3652079055009949
2024-04-19 19:55:26+00:00,511.1673263510738,-5242.306087791088,-4414.56620555724,701.6738556765979,5.881896495819092,-139.89913940429688,511390.15625,2024-04-19T19:55:26Z,510.6193745438295,-5265.834548195757,-4407.927769605369,544.1724697079663,4.558898574878224,-140.06795359889753,510753.42043691967,-0.547951807244317
2024-04-19 20:05:26+00:00,518.0265373807215,-4964.841929328982,-3125.1408617677453,-3625.039412914819,-31.871927261352536,-147.81146240234375,523954.90625,2024-04-19T20:05:26Z,516.7501598709259,-4904.674576401787,-3058.984198170401,-3758.490644167509,-33.195086514930345,-148.04872583400834,523124.8162004426,-1.2763775097955659
2024-04-19 20:15:26+00:00,519.5615976316767,-2436.116538064253,-645.0458578513643,-6420.864271888064,-68.69134521484375,-165.1693115234375,538103.0,2024-04-19T20:15:26Z,517.9628024190979,-2312.903635917598,-553.0704483398905,-6473.0813632347445,-69.94207198120571,-166.551741207024,536814.5095518474,-1.598795212578807
2024-04-19 20:25:26+00:00,517.010623274693,1329.2688212294393,1829.7550046962888,-6513.685728560046,-70.9621353149414,54.00258255004882,536103.875,2024-04-19T20:25:26Z,515.7780861326355,1464.8978473647237,1905.8784551012948,-6461.25118115478,-69.70882429507051,52.45337057603519,534573.0862783724,-1.232537142057481
2024-04-19 20:35:27+00:00,511.662242187218,4706.433262602081,3225.095274216073,-3862.328315219387,-34.26175308227539,34.420989990234375,518403.4375,2024-04-19T20:35:27Z,511.0972281343993,4798.869982234823,3255.5353649728777,-3719.393046064779,-32.83774906795328,34.152821207225735,517350.38277074415,-0.5650140528186967
2024-04-19 20:45:27+00:00,503.7475537971732,6154.136936332176,3050.7871158319817,423.8296291408938,3.5528550148010254,26.36897087097168,503829.03125,2024-04-19T20:45:27Z,503.8664347561762,6152.772205498208,3025.134795978982,594.9159011168986,4.989935755490121,26.181970978686696,504026.9600992287,0.11888095900297913
2024-04-19 20:55:27+00:00,495.42231556953993,4924.99409076345,1575.8398919692302,4528.46326091714,41.387020111083984,17.74300193786621,504728.1875,2024-04-19T20:55:27Z,496.1458563340239,4826.602108681098,1513.43348808701,4655.018361993842,42.80012937104915,17.40938276160474,505975.9618645087,0.7235407644839711
2024-04-19 21:25:27+00:00,506.25489895773535,-5913.300140476535,-2169.0019094861664,2779.0581108930505,23.93999671936035,-159.85693359375,509752.875,2024-04-19T21:25:27Z,506.2505327594463,-5980.077153182309,-2169.4832689472723,2631.883600951706,22.602209653243936,-160.0599796271755,509388.0696087461,-0.004366198289062595
2024-04-19 21:35:27+00:00,515.3276659404783,-6535.905256483868,-1446.851626057521,-1645.7271800061917,-13.894771575927734,-167.5177459716797,516551.71875,2024-04-19T21:35:27Z,514.4634002627017,-6500.310176370104,-1417.3863984186312,-1801.3671714169443,-15.24009989931731,-167.69924628052524,515930.2167992033,-0.8642656777765296
2024-04-19 21:45:27+00:00,519.3924246230945,-4319.126994745789,-184.93556135603788,-5374.649105285436,-51.36197280883789,-177.5482177734375,532399.6875,2024-04-19T21:45:27Z,517.9190797546316,-4193.563027200258,-146.19615916509352,-5472.498997264887,-52.691723773040174,-178.0033608991053,531408.6635700138,-1.4733448684628456
2024-04-19 21:55:27+00:00,518.5957471208358,-189.6655509950753,877.0091603873028,-6838.114103798751,-82.57010650634764,102.20308685302734,539620.0625,2024-04-19T21:55:27Z,517.1189192212951,-26.1257156655552,903.1726081863944,-6835.799212846955,-82.51630668970678,91.65691024357116,538138.0271554114,-1.4768278995406945
2024-04-19 22:05:27+00:00,514.5519662097413,4079.605070591752,1204.4135106490926,-5423.593988148219,-52.06565856933594,16.448074340820312,527815.125,2024-04-19T22:05:27Z,513.626959913282,4211.122196135397,1206.5709268880748,-5320.436723311708,-50.70808784872506,15.988069216873754,526395.1567501454,-0.9250062964592871
2024-04-19 22:15:28+00:00,507.7875464953404,6628.069440370335,727.6855827523807,-1719.048005818995,-14.542975425720217,6.265323162078857,509126.0,2024-04-19T22:15:28Z,507.55762637923,6671.424498597481,708.6823193394117,-1550.0500048439949,-13.087819340581966,6.063593101103793,508645.9822350321,-0.22992011611040652
2024-04-19 22:25:28+00:00,499.1452002449414,6317.027282317089,-154.17264034033826,2714.4810872868434,23.377052307128903,-1.3980766534805298,502489.53125,2024-04-19T22:25:28Z,499.59154376313927,6246.413809923206,-177.0423216660929,2872.998512570792,24.826660776186355,-1.623501609856555,503337.06978333,0.4463435181978639
2024-04-19 22:35:28+00:00,492.5801052322686,3262.026136908129,-823.3337786423014,5990.664446553997,60.83356857299805,-14.16556453704834,508855.09375,2024-04-19T22:35:28Z,493.5326007410858,3108.5755728612644,-831.7958790629283,6071.632122019033,62.22378556184748,-14.98031751364952,510244.3077284237,0.9524955088172078
2024-04-19 22:45:28+00:00,493.1307322436096,-1210.5375442130098,-814.1765656642206,6714.613586956898,77.81571197509764,-146.07623291015625,513555.625,2024-04-19T22:45:28Z,494.091991477836,-1372.1181080079994,-801.1673827151748,6686.026774838576,76.71187548550054,-149.71972980907424,514338.4433778925,0.9612592342264179
2024-04-19 22:55:28+00:00,501.1153103433626,-5132.905931069907,-93.01372659192025,4579.163405996487,41.90913009643555,-178.96185302734375,510614.5625,2024-04-19T22:55:28Z,501.6102443503624,-5239.697385349676,-66.53952905985693,4457.809545862032,40.56398294343903,-179.2724333134691,510612.3388269795,0.49493400699981294
2024-04-19 23:05:28+00:00,511.3864195821634,-6810.730927509139,912.6492111295044,496.5366043569221,4.158645153045654,172.36773681640625,511498.0,2024-04-19T23:05:28Z,511.0324128075563,-6817.294867390315,934.5961442828284,334.1794974389653,2.7977042148366427,172.19387132566698,511082.9598159613,-0.3540067746071145
2024-04-19 23:15:28+00:00,518.0930797030724,-5543.18619598957,1551.3864924017755,-3797.930496992466,-33.580440521240234,164.36451721191406,524599.5,2024-04-19T23:15:28Z,516.9089312018195,-5447.39570813757,1550.5809665226698,-3932.332267065533,-34.938791410177494,164.1111935710547,523885.70612501726,-1.184148501252821
2024-04-19 23:25:28+00:00,519.4967916821734,-1928.4795355596325,1324.8069443587744,-6488.698264310205,-70.28472137451172,145.51211547851562,538430.8125,2024-04-19T23:25:28Z,517.8916443517073,-1772.0131052671986,1294.188319148574,-6537.603323318105,-71.55284590633809,143.85750657861013,537119.9067625534,-1.6051473304660249
2024-04-19 23:35:28+00:00,516.8503162796123,2434.2145642065248,194.66021820041303,-6448.066140054066,-69.37483978271484,4.572121620178224,535563.1875,2024-04-19T23:35:28Z,515.5615841049448,2584.0485608817744,144.38185207259596,-6389.438714338486,-68.07259745023711,3.198035157334467,533943.8796106819,-1.2887321746675298
2024-04-19 23:45:28+00:00,511.39092596854425,5659.2071619331045,-1348.7695334192388,-3690.499977881795,-32.5504264831543,-13.405328750610352,517546.90625,2024-04-19T23:45:28Z,510.7625866365252,5738.375020082167,-1394.3388391121669,-3547.366466183217,-31.150765333912936,-13.657334576652046,516451.9208201226,-0.6283393320190385
2024-04-19 23:55:29+00:00,503.3342226523218,6381.746361455741,-2496.340669089225,629.4782205045697,5.281014919281006,-21.3638916015625,503513.96875,2024-04-19T23:55:29Z,503.4370830276566,6356.265648719176,-2511.280919016369,804.6222771554441,6.756154109701512,-21.55835508542565,503730.7523615519,0.10286037533484205
2024-04-20 00:05:29+00:00,495.04384687767833,4351.380383289514,-2529.865635050392,4680.372162809325,43.09668350219727,-30.17345428466797,504984.28125,2024-04-20T00:05:29Z,495.8289581037943,4232.440089927437,-2496.7276564611598,4806.683876416963,44.54581721041199,-30.536467503758413,506309.56563495286,0.7851112261159869
2024-04-20 00:15:29+00:00,491.75056521973056,532.9389022719503,-1235.7010190203598,6736.792580805638,78.77164459228516,-66.67020416259766,512318.25,2024-04-20T00:15:29Z,492.8307881863702,375.4527347485055,-1163.2180823813876,6761.372440790815,79.81500455044934,-72.11144004557471,513541.6885123411,1.080222966639667
2024-04-20 00:25:29+00:00,496.51120441021794,-3365.843142614952,922.6687370918726,5922.885299860687,59.64715576171875,164.67025756835938,512403.09375,2024-04-20T00:25:29Z,497.4057732468637,-3487.508386353899,1000.1034381228528,5840.390979627412,58.310717840191565,163.9988386780718,512855.4898506282,0.8945688366457603
2024-04-20 00:35:29+00:00,506.5551598098209,-5651.768169802811,2958.5002131603533,2589.165730284706,22.215251922607425,152.36953735351562,509591.46875,2024-04-20T00:35:29Z,506.7298009420711,-5694.367269750062,3006.577835058313,2436.403494015228,20.8429059280836,152.1663243943221,509418.4539674269,0.17464113225020128
2024-04-20 00:45:29+00:00,515.5018281604634,-5423.072042127316,3834.929230745245,-1845.4982292579696,-15.620109558105469,144.7339324951172,517040.90625,2024-04-20T00:45:29Z,514.7516632010684,-5372.300129464501,3825.699386299512,-2003.5792092924728,-16.997523259081387,144.54473427734496,516565.9913676717,-0.7501649593950788
2024-04-20 00:55:29+00:00,519.4285391189587,-2909.919190918714,2976.677665461721,-5499.833701550052,-53.04935836791992,134.35025024414062,533046.875,2024-04-20T00:55:29Z,517.9447305138574,-2791.6974288693577,2906.533180969783,-5595.930089582329,-54.40760049674012,133.84548136843756,532047.7484232578,-1.4838086051013306
2024-04-20 01:05:29+00:00,518.4919528602713,681.9121441097676,603.4442108805829,-6836.25203057208,-82.45926666259764,41.50656509399414,539505.5,2024-04-20T01:05:29Z,516.9642626734449,814.272419215207,497.7023111013447,-6828.738848378281,-82.09282456517498,31.434247347045574,537941.1024361951,-1.5276901868264758
2024-04-20 01:15:29+00:00,514.3819883109727,3756.608071533698,-2313.7413279605184,-5295.405071229459,-50.37465286254882,-31.62942886352539,527027.875,2024-04-20T01:15:29Z,513.3435100318829,3846.364476939688,-2409.7564679257416,-5185.658848784389,-48.98124616371332,-32.067241330128525,525475.6453897841,-1.0384782790897589
2024-04-20 01:25:29+00:00,507.4991908117772,5031.58609870426,-4448.623753268744,-1518.1810779337482,-12.814385414123535,-41.48116683959961,508543.28125,2024-04-20T01:25:29Z,507.1667891663528,5043.03879515498,-4488.781272100045,-1351.2996229238893,-11.387031325744328,-41.67210488986503,507994.0765338782,-0.33240164542439743
2024-04-20 01:35:30+00:00,498.8481565548009,4075.547034042309,-4717.672837324215,2902.826935378216,25.104467391967773,-49.176616668701165,502672.625,2024-04-20T01:35:30Z,499.1884940570171,4006.028046597176,-4676.325713356171,3062.8945564102114,26.588928617246097,-49.414609126407655,503445.5544476947,0.3403375022162436
2024-04-20 01:45:30+00:00,492.5291724842582,1463.8601086949486,-2831.97327977898,6086.303851970339,62.50115966796875,-62.66534805297852,509326.34375,2024-04-20T01:45:30Z,493.37806375453874,1349.8430953755717,-2719.573262102013,6164.378651683578,63.91933306002208,-63.60278557919966,510603.1197853945,0.8488912702805465
2024-04-20 01:55:30+00:00,493.4065634233193,-1539.2558831180731,498.39436766645946,6678.353489041232,76.462890625,162.05860900878906,513610.78125,2024-04-20T01:55:30Z,494.329723834021,-1645.1490683340562,635.3193432155773,6642.337897555472,75.21893581118638,158.8845674317601,514312.1838602284,0.923160410701712
2024-04-20 02:05:30+00:00,501.61555082757695,-3601.916985336319,3844.617256589782,4424.489500687772,40.200233459472656,133.1332550048828,510483.8125,2024-04-20T02:05:30Z,502.0880828253576,-3653.528700238422,3940.9158458972975,4296.324885577082,38.81537955319984,132.83286093127845,510449.7621472077,0.47253199778066346
2024-04-20 02:15:30+00:00,511.7578709074669,-3912.1935153193217,5663.996732805836,290.7477284782846,2.43361496925354,124.6333236694336,511796.125,2024-04-20T02:15:30Z,511.4356360057664,-3897.316453881492,5679.953004056547,123.56956264813148,1.034104546205828,124.45608075127726,511442.5465445528,-0.3222349017004831
2024-04-20 02:25:30+00:00,518.2201999318313,-2519.485755100224,5046.839148591432,-3967.5368639930216,-35.28874206542969,116.52931213378906,525319.5625,2024-04-20T02:25:30Z,517.0536571045759,-2451.628591079796,4970.026258299849,-4102.683322050622,-36.68327539950931,116.25633202835093,524646.6892915759,-1.1665428272553982
2024-04-20 02:35:30+00:00,519.2676756002802,-222.00292941155652,2148.0088346210705,-6550.646075366545,-71.86021423339844,95.9007339477539,538564.75,2024-04-20T02:35:30Z,517.8104255145445,-136.2427875006549,2006.970462880872,-6596.028984126621,-73.13865753605067,93.88355423138292,537382.9395914786,-1.4572500857357227
2024-04-20 02:45:30+00:00,516.5494319259005,1867.0681727314736,-1841.8307910289952,-6376.395280264059,-67.76698303222656,-44.61013412475586,534851.8125,2024-04-20T02:45:30Z,515.3379859281413,1931.7773206590011,-1988.380269638951,-6311.463987722265,-66.417399422098,-45.82723325785935,533277.2027693279,-1.211445997759256
2024-04-20 02:55:30+00:00,511.0209359275823,2852.0922863272235,-5193.492717117534,-3514.783073487447,-30.832941055297848,-61.22588348388672,516605.9375,2024-04-20T02:55:30Z,510.41185077575847,2870.5271872956737,-5280.7643373912015,-3365.3687687172824,-29.39701899801228,-61.47230357352602,515533.5181370285,-0.6090851518238196
2024-04-20 03:05:30+00:00,502.96784660498815,2436.484137194746,-6380.875111464132,835.2136080468458,7.014723300933838,-69.10105895996094,503284.3125,2024-04-20T03:05:30Z,503.0216724301226,2407.4795768821923,-6367.22539149799,1006.3933504940762,8.461619850994172,-69.2881455350937,503481.1319633117,0.053825825134424576
2024-04-20 03:15:31+00:00,494.9300879329676,1007.3718600476636,-4786.3510824468985,4828.570849264912,44.80901336669922,-78.11456298828125,505508.90625,2024-04-20T03:15:31Z,495.5252235368862,949.187404685135,-4669.542206355347,4953.95308992033,46.29164881173453,-78.50991752938054,506657.3290560404,0.5951356039186066
2024-04-20 03:25:31+00:00,492.0069848569156,-614.2853552418169,-1030.9294071763552,6764.518935772159,80.00112915039062,-120.78884887695312,512742.03125,2024-04-20T03:25:31Z,492.8820722334958,-668.243484746274,-860.6741107108846,6784.069118990654,80.93085641936051,-127.82643348638602,513731.3266831413,0.8750873765802112
2024-04-20 03:35:31+00:00,497.1739246131983,-1623.3701868801177,3275.966767103882,5822.594892939516,58.03461837768555,116.36022186279295,512530.96875,2024-04-20T03:35:31Z,497.8059860702188,-1648.9329294789454,3426.071762601563,5729.0177534436425,56.59251331842743,115.70103114360504,512672.1971624056,0.6320614570204839
2024-04-20 03:45:31+00:00,507.3265372475298,-1627.2857491675245,6245.941004987986,2397.867839463053,20.4969425201416,104.60292053222656,509930.40625,2024-04-20T03:45:31Z,507.20544673234417,-1619.1320321278183,6306.845846836705,2238.3135471935966,19.08046024860028,104.3983742319931,509474.5631498173,-0.12109051518564229
2024-04-20 03:55:31+00:00,516.034089136032,-800.7246177511482,6535.803866379391,-2042.474703154629,-17.33412742614746,96.98470306396484,517918.8125,2024-04-20T03:55:31Z,515.0263361910202,-771.4861758549291,6485.534816992952,-2204.1660548708787,-18.75657787818612,96.78373660801596,517221.7760969838,-1.0077529450118163
2024-04-20 04:05:31+00:00,519.4474673916129,264.40330734421354,3991.404765520082,-5619.203713485663,-54.72160720825195,86.2100830078125,533661.5,2024-04-20T04:05:31Z,517.9580152610879,293.66175335480267,3849.354220926678,-5714.224471961123,-56.12153130078937,85.63743675091338,532661.6654542359,-1.4894521305250237
2024-04-20 04:15:31+00:00,518.2432798018535,919.7113984643136,-301.2474147616238,-6828.136048899007,-81.98203277587889,-18.135980606079105,539208.6875,2024-04-20T04:15:31Z,516.8015970975302,931.1993749437324,-475.5723519101271,-6815.194562149222,-81.33054434644332,-27.05383200184668,537696.6549443221,-1.4416827043232843
2024-04-20 04:25:31+00:00,513.9086632535345,818.9121173415349,-4491.631670427688,-5162.840430001109,-48.68893432617188,-79.66735076904298,525932.5625,2024-04-20T04:25:31Z,513.0533411369242,808.0134448139215,-4623.425663663082,-5045.746101753473,-47.24862387608778,-80.08681390905153,524542.1773426998,-0.8553221166102958
2024-04-20 04:35:31+00:00,506.8951142188107,91.60707177051712,-6757.384739009648,-1316.444775607955,-11.090127944946287,-89.2233123779297,507680.34375,2024-04-20T04:35:31Z,506.7599363138133,68.95371205936851,-6788.904139706366,-1143.6047355333633,-9.619888460572913,-89.4180767978049,507352.5588274291,-0.13517790499741977
2024-04-20 04:45:32+00:00,498.3123873669056,-744.5416813956939,-6098.706794504666,3088.201628188449,26.82922744750977,-96.96033477783205,502641.125,2024-04-20T04:45:32Z,498.7922815726315,-761.1411209446724,-6012.449798169303,3250.1181458913243,28.352757043907754,-97.21493289990316,503585.691352102,0.47989420572588415
2024-04-20 04:55:32+00:00,492.38595839006575,-1092.196812776875,-2804.4462618948724,6176.266915222243,64.16064453125,-111.2785186767578,509682.25,2024-04-20T04:55:32Z,493.2421788919928,-1085.6049715361928,-2637.817523186925,6251.338447105091,65.60714388193101,-112.36982338251232,510955.5053892732,0.856220501927055
2024-04-20 05:05:32+00:00,493.7615559588694,-637.4610673055494,1672.395741814107,6634.736289696924,74.99272155761719,110.86516571044922,513701.78125,2024-04-20T05:05:32Z,494.5858330115052,-606.8255542213531,1846.280460411057,6592.2174074924105,73.67033005863588,108.1943825777865,514267.66171056125,0.8242770526358072
2024-04-20 05:15:32+00:00,502.4022041982789,446.8373379499944,5379.905831150245,4266.001568433706,38.4902801513672,85.2520980834961,510645.71875,2024-04-20T05:15:32Z,502.5701549414935,483.8197447978723,5481.705589541808,4130.490677412659,37.06261000369207,84.95609859432737,510298.7417594576,0.1679507432145897
2024-04-20 05:25:32+00:00,512.6386540465328,1561.2718097095558,6711.032844371805,85.19162147509203,0.7127900123596191,76.90351867675781,512641.9375,2024-04-20T05:25:32Z,511.8284832689087,1582.772052071292,6705.132978584734,-87.45702552913114,-0.731831992008011,76.7182443883661,511831.9444867456,-0.8101707776240801
2024-04-20 05:35:32+00:00,518.6590935337599,2007.076814289582,5143.606347900017,-4132.886733890291,-36.986682891845696,68.68386840820312,526360.5625,2024-04-20T05:35:32Z,517.1843548108909,1994.5673428212783,5033.852113534,-4269.366533823403,-38.42841990085884,68.38500299895377,525405.4896653099,-1.4747387228690059
2024-04-20 05:45:32+00:00,519.3692928797354,1378.8461382093,1424.0896974099023,-6606.5380435740935,-73.39601898193358,45.924758911132805,538995.125,2024-04-20T05:45:32Z,517.7193619051486,1330.1432443983908,1258.5587435882355,-6648.276754343687,-74.69104200547221,43.41602283883875,537602.3942647446,-1.6499309745868231
2024-04-20 05:55:32+00:00,516.3076867494692,-173.80049667062983,-2796.011215730101,-6299.641434837106,-66.15717315673828,-93.55693817138672,534175.0,2024-04-20T05:55:32Z,515.1073815561904,-240.42685956078756,-2945.985865345875,-6227.373468023259,-64.74627962677042,-94.66566473035688,532574.6730620237,-1.2003051932788367
2024-04-20 06:05:32+00:00,510.4393207691882,-1964.7976136876105,-5696.94872829183,-3337.188824673175,-29.12774085998535,-109.02859497070312,515475.625,2024-04-20T06:05:32Z,510.0552065107631,-2017.261927359574,-5767.683726294443,-3179.8853161237444,-27.63923740732847,-109.2774132045771,514628.8744099932,-0.38411425842508606
2024-04-20 06:15:32+00:00,502.2353865728519,-3070.3264981367493,-6069.0489114322,1038.8766449377688,8.737771987915039,-116.83480834960938,502725.09375,2024-04-20T06:15:32Z,502.59360385622585,-3078.170943571181,-6032.669892989978,1214.994340402481,10.232737726702924,-117.03295626937054,503263.3265343057,0.3582172833739605
2024-04-20 06:25:33+00:00,494.3697082128738,-2794.198775389348,-3835.1039577265474,4971.4966852522175,46.51305770874024,-126.07651519775392,505584.375,2024-04-20T06:25:33Z,495.2352812809959,-2744.0535501550203,-3706.403278369153,5096.664729905033,48.037376366001496,-126.51457534127124,507017.3692347193,0.865573068122103
2024-04-20 06:35:33+00:00,491.97033716126407,-1071.6288215229642,-64.06733662249938,6785.71159638961,81.0647735595703,-176.57864379882812,512835.15625,2024-04-20T06:35:33Z,492.9539400509721,-979.270832045703,95.39375568633858,6800.280830622448,81.81755132677573,174.43619808312613,513902.0807158174,0.9836028897080382
2024-04-20 06:45:33+00:00,497.6828138206111,1427.5477894529204,3549.6161884257326,5713.0753833484605,56.35514068603516,68.09150695800781,512467.1875,2024-04-20T06:45:33Z,498.21824632278,1522.5157037510571,3670.399797002953,5611.98474121437,54.86684445212522,67.47087513785546,512483.39510212187,0.5354325021688737
2024-04-20 06:55:33+00:00,508.06382494363606,3568.067437682364,5461.687296780106,2204.2296690218177,18.77689743041992,56.84380340576172,510263.84375,2024-04-20T06:55:33Z,507.67668351877455,3617.312338037066,5493.348391986332,2037.7941450206329,17.314946796405227,56.63551503544797,509557.350224385,-0.38714142486151104
2024-04-20 07:05:33+00:00,516.539530451003,4258.621178723456,4939.004105685094,-2237.621183244765,-19.04740524291992,49.23067855834961,518801.09375,2024-04-20T07:05:33Z,515.2871786822016,4237.37609612577,4877.486741788879,-2402.928174310671,-20.517191318869862,49.01712279661021,517895.9944871729,-1.252351768801418
2024-04-20 07:15:33+00:00,519.5948181689055,3021.382273995941,2361.5287135265867,-5733.50987833389,-56.387813568115234,38.011375427246094,534390.5625,2024-04-20T07:15:33Z,517.9591212628675,2931.016501359637,2237.960257960375,-5827.247880967841,-57.83292064096938,37.36332891270391,533248.2788998513,-1.6356969060379924
2024-04-20 07:25:33+00:00,518.0484984824252,256.8998926168109,-1030.545152501672,-6813.9088314496885,-81.19444274902342,-76.0022964477539,538928.1875,2024-04-20T07:25:33Z,516.6310807651425,131.60236887259782,-1160.3598984068426,-6795.150668691183,-80.30761490709617,-83.52944076586054,537404.9723064955,-1.4174177172826603
2024-04-20 07:35:33+00:00,513.4116838636237,-2881.409310711146,-3732.620012147396,-5025.780684742057,-47.00237655639648,-127.66647338867188,524808.8125,2024-04-20T07:35:33Z,512.756537108623,-2987.384799673296,-3813.399502368272,-4900.809120317148,-45.51048595107422,-128.07484759021514,523597.2542459676,-0.6551467550007146
2024-04-20 07:45:33+00:00,506.1793655485026,-4965.471851787538,-4636.532324289048,-1113.7634918991432,-9.367461204528809,-136.9620361328125,506741.5625,2024-04-20T07:45:33Z,506.34969708595145,-5001.522568641398,-4637.630910298853,-934.5098274308336,-7.849572611647169,-137.1619699346279,506745.48644556105,0.17033153744887386
2024-04-20 07:55:33+00:00,497.6384542405458,-4939.471344841932,-3490.222329626782,3270.513571351877,28.55165100097656,-144.75503540039062,502493.78125,2024-04-20T07:55:33Z,498.4160983230549,-4883.761280801051,-3418.3307572622653,3427.954652582158,30.05509120241504,-145.01035884161402,503748.3933289666,0.7776440825090845
2024-04-20 08:05:34+00:00,492.08624429591873,-2659.8553909874167,-965.967665605212,6260.354877681004,65.80938720703125,-160.0407257080078,509856.46875,2024-04-20T08:05:34Z,493.1253214154149,-2526.763544811296,-854.6252427472907,6332.402985658362,67.28503072001476,-161.31296119905167,511299.8587709228,1.0390771194961417
2024-04-20 08:15:34+00:00,494.04191449143127,973.2976853890732,1708.5452180587033,6584.862024844988,73.47108459472656,60.331367492675774,513683.125,2024-04-20T08:15:34Z,494.8598979197186,1125.591464719996,1804.42044426682,6535.686427122671,72.07966773592292,58.04422255260808,514205.4540823847,0.8179834282873344
2024-04-20 09:25:34+00:00,501.629223857919,-6522.8200538998135,-1799.5523621662542,1243.2269041492546,10.47456169128418,-164.5765838623047,502330.625,2024-04-20T09:25:34Z,502.1670210379898,-6495.512563142746,-1767.1333933350857,1422.7225780616209,12.00618801918221,-164.78076605782937,503085.3915896285,0.537797180070811
2024-04-20 09:35:34+00:00,494.02216004374895,-4569.570824835561,-473.9136469774292,5110.870752914166,48.2253303527832,-174.0789794921875,505874.03125,2024-04-20T09:35:34Z,494.9686650417252,-4439.349064315635,-425.0461873381722,5229.827636415738,49.720553241809846,-174.53087781480923,507373.7863962343,0.9465049979762625
2024-04-20 09:45:35+00:00,492.0948225515449,-567.2369015296975,791.8387068530154,6800.832232563324,81.89910888671875,125.61607360839844,513051.5625,2024-04-20T09:45:35Z,493.0463618374206,-382.4749672224196,831.4184704733109,6809.964538703224,82.39289156608878,114.70370830726864,514053.3778401706,0.9515392858756968
2024-04-20 10:25:35+00:00,519.447791759656,3606.138550879312,-652.8843220743676,-5843.473519522925,-58.06550979614258,-10.262126922607422,534815.3125,2024-04-20T10:25:35Z,517.9482474456845,3447.497720801257,-669.3777536462716,-5934.870228406989,-59.54103734003704,-10.988022007178053,533805.5075184517,-1.4995443139714553
2024-04-20 10:35:35+00:00,517.7076908450217,-794.0609503552556,-880.5009783733876,-6793.147962061469,-80.15930938720702,-132.0450439453125,538462.9375,2024-04-20T10:35:35Z,516.4528673710902,-977.8472994604988,-874.7973937670452,-6768.597610883092,-79.09581310289032,-138.18369020275784,537066.4868289307,-1.2548234739315376
2024-04-20 10:45:35+00:00,512.9757366167578,-4848.860726661274,-369.5581702675724,-4882.561946457216,-45.29325485229492,-175.6416015625,523735.375,2024-04-20T10:45:35Z,512.4531874275026,-4978.902677634084,-345.1073111211072,-4750.964344375896,-43.767060046834665,-176.03494617004853,522643.42305331584,-0.5225491892551872
2024-04-20 10:55:35+00:00,505.6944403111556,-6800.714271068245,559.4446894700444,-907.9880733406328,-7.626238346099853,175.2972869873047,506068.15625,2024-04-20T10:55:35Z,505.9364603946997,-6820.81052516561,585.2594426285356,-724.2116905400107,-6.076155617100495,175.09574965301965,506174.1960622091,0.2420200835441051
2024-04-20 11:05:35+00:00,497.2823157980984,-5803.925298109325,1293.5216037258974,3451.469797450144,30.28758811950684,167.43582153320312,502689.71875,2024-04-20T11:05:35Z,498.0353365836773,-5706.537849406477,1299.8361706406242,3609.3763595923674,31.82177755802122,167.16809056607863,503946.9086183216,0.7530207855788831
2024-04-20 11:15:35+00:00,492.0563196510111,-2316.1910352773825,1283.209196750051,6339.415548365177,67.45673370361328,151.01280212402344,510276.625,2024-04-20T11:15:35Z,493.0308993832314,-2145.814384367584,1259.235334993724,6404.900881392231,68.89110793337775,149.5941700588086,511622.8297690665,0.9745797322202634
2024-04-20 11:25:36+00:00,494.35616189024495,2112.2335010605634,383.3260270682509,6528.605751169056,71.90353393554688,10.286033630371094,513662.8125,2024-04-20T11:25:36Z,495.1514583175404,2287.704656106356,334.2413221441443,6472.772541673447,70.45645557674756,8.312293227182558,514126.2436634004,0.7952964272954546
2024-04-20 11:35:36+00:00,503.3836905302478,5547.25466689616,-1022.86520659363,3941.705144215487,35.11286163330078,-10.447489738464355,510421.3125,2024-04-20T11:35:36Z,503.54354097084615,5645.537585910408,-1071.9193939923205,3786.346688674031,33.54508802452907,-10.750789472138583,510037.7831408028,0.15985044059834763
2024-04-20 11:45:36+00:00,513.2916376699777,6526.223594479839,-2190.238279564724,-321.01486208878526,-2.6865251064300537,-18.55204963684082,513338.25,2024-04-20T11:45:36Z,512.5809403681233,6506.777223515324,-2209.9309000593803,-509.9503056338241,-4.270440814355917,-18.75929797948624,512698.589721825,-0.7106973018544522
2024-04-20 11:55:36+00:00,518.7148192228624,4688.484253500137,-2396.2643881408985,-4454.503047829992,-40.4066276550293,-27.071382522583008,527659.0625,2024-04-20T11:55:36Z,517.4038517884583,4567.180628954119,-2368.916472167038,-4591.03250795346,-41.920151476828885,-27.41497764756877,526907.2695781915,-1.3109674344041196
2024-04-20 12:05:36+00:00,518.865806616006,919.9879331770474,-1349.8243667792062,-6700.764441175857,-76.38098907470702,-55.723175048828125,539056.0,2024-04-20T12:05:36Z,517.5085696083916,749.9884388776288,-1281.2140110204446,-6733.939101385951,-77.64168665191296,-59.65643451269357,537906.31022707,-1.357237007614458
2024-04-20 12:15:36+00:00,515.5246149049408,-3102.281597960554,602.4051481709647,-6126.624469087869,-62.8589096069336,169.010986328125,532431.25,2024-04-20T12:15:36Z,514.6255012734873,-3247.5681455629747,684.8666626181446,-6041.062298414153,-61.36500590249745,168.0916095185061,531069.1168458462,-0.8991136314534742
2024-04-20 12:25:36+00:00,509.4686960289282,-5650.172460928043,2588.9869864431066,-2968.4692637399367,-25.668981552124023,155.38209533691406,513455.59375,2024-04-20T12:25:36Z,509.324972041296,-5709.802589505078,2645.7935002570266,-2799.118353909628,-24.111896271892093,155.1380594811864,512870.4230716238,-0.14372398763219962
2024-04-20 12:35:36+00:00,501.2735347998141,-5683.253767458374,3595.967909999826,1447.7329557747678,12.221980094909668,147.67721557617188,502224.71875,2024-04-20T12:35:36Z,501.7425145995012,-5635.344134977494,3594.549547602493,1629.3717088532403,13.7818910703181,147.46790563414748,502947.120845505,0.4689797996870766
2024-04-20 12:45:36+00:00,493.84714859648375,-3292.3900848291955,2976.684462850255,5246.301866696733,49.94351577758789,137.8829345703125,506334.40625,2024-04-20T12:45:36Z,494.7076410584559,-3163.240367354408,2909.753659651336,5363.136906569805,51.46528606765308,137.390137832934,507752.4560425831,0.8604924619721714
2024-04-20 12:55:36+00:00,492.22701608908665,372.0544919898388,831.5698477856054,6809.696671424929,82.42684173583984,65.89567565917969,513237.375,2024-04-20T12:55:36Z,493.1553412897365,522.4315332468926,723.5920372887108,6813.085813059209,82.5827641748408,54.17081548361296,514180.868654524,0.9283252006498515
